{"version":2,"prefs":{"privacy.containers":{"initialValue":{"privacy.userContext.enabled":true,"privacy.userContext.longPressBehavior":2,"privacy.userContext.ui.enabled":true,"privacy.usercontext.about_newtab_segregation.enabled":true,"privacy.userContext.extension":""},"precedenceList":[{"id":"{c607c8df-14a7-4f28-894f-29e8722976af}","installDate":1539420257923,"value":"{c607c8df-14a7-4f28-894f-29e8722976af}","enabled":true},{"id":"forget-me-not@lusito.info","installDate":1539419840409,"value":"forget-me-not@lusito.info","enabled":true},{"id":"{bb682c45-3136-4213-bf29-5f5833080bf4}","installDate":1539419282877,"value":"{bb682c45-3136-4213-bf29-5f5833080bf4}","enabled":true},{"id":"{60f82f00-9ad5-4de5-b31c-b16a47c51558}","installDate":1539419273879,"value":"{60f82f00-9ad5-4de5-b31c-b16a47c51558}","enabled":true}]},"network.networkPredictionEnabled":{"initialValue":{"network.predictor.enabled":false,"network.prefetch-next":false,"network.http.speculative-parallel-limit":0,"network.dns.disablePrefetch":true},"precedenceList":[{"id":"uMatrix@raymondhill.net","installDate":1539420008473,"value":false,"enabled":true},{"id":"uBlock0@raymondhill.net","installDate":1539419999472,"value":false,"enabled":true},{"id":"jid1-BoFifL9Vbdl2zQ@jetpack","installDate":1539419638349,"value":false,"enabled":true}]},"websites.hyperlinkAuditingEnabled":{"initialValue":{"browser.send_pings":false},"precedenceList":[{"id":"uBlock0@raymondhill.net","installDate":1539419999472,"value":false,"enabled":true}]},"network.webRTCIPHandlingPolicy":{"initialValue":{"media.peerconnection.ice.default_address_only":true,"media.peerconnection.ice.no_host":true,"media.peerconnection.ice.proxy_only":false},"precedenceList":[{"id":"uBlock0@raymondhill.net","installDate":1539419999472,"value":"disable_non_proxied_udp","enabled":true}]}},"commands":{},"tabHideNotification":{}}