{"schemaVersion":27,"addons":[{"id":"activity-stream@mozilla.org","syncGUID":"{5e1c7350-ed0c-432c-ab09-77df892d7d1e}","version":"2018.08.22.1219-93becf29","type":"extension","defaultLocale":{"name":"Activity Stream","description":"A rich visual history feed and a reimagined home page make it easier than ever to find exactly what you're looking for in Firefox."},"visible":true,"active":true,"userDisabled":false,"appDisabled":false,"installDate":1538544088102,"updateDate":1538544088102,"applyBackgroundUpdates":1,"path":"C:\\Program Files\\Mozilla Firefox\\browser\\features\\activity-stream@mozilla.org.xpi","skinnable":false,"sourceURI":null,"releaseNotesURI":null,"softDisabled":false,"foreignInstall":false,"strictCompatibility":false,"locales":[],"targetApplications":[{"id":"{ec8030f7-c20a-464f-9b0e-13a3a9e97384}","minVersion":"62.0.3","maxVersion":"62.*"}],"targetPlatforms":[],"seen":true,"dependencies":[],"hasEmbeddedWebExtension":false,"userPermissions":null,"icons":{},"blocklistState":0,"blocklistURL":null,"startupData":null,"location":"app-system-defaults"},{"id":"aushelper@mozilla.org","syncGUID":"{720c0e7c-12f6-452e-bdef-a65dd12500f3}","version":"2.0","type":"extension","defaultLocale":{"name":"Application Update Service Helper","description":"Sets value(s) in the update url based on custom checks."},"visible":true,"active":true,"userDisabled":false,"appDisabled":false,"installDate":1538544088072,"updateDate":1538544088072,"applyBackgroundUpdates":1,"path":"C:\\Program Files\\Mozilla Firefox\\browser\\features\\aushelper@mozilla.org.xpi","skinnable":false,"sourceURI":null,"releaseNotesURI":null,"softDisabled":false,"foreignInstall":false,"strictCompatibility":false,"locales":[],"targetApplications":[{"id":"{ec8030f7-c20a-464f-9b0e-13a3a9e97384}","minVersion":"62.0.3","maxVersion":"62.*"}],"targetPlatforms":[],"seen":true,"dependencies":[],"hasEmbeddedWebExtension":false,"userPermissions":null,"icons":{},"blocklistState":0,"blocklistURL":null,"startupData":null,"location":"app-system-defaults"},{"id":"firefox@getpocket.com","syncGUID":"{56f31a29-c706-453d-b9f4-c5977266eee7}","version":"1.0.5","type":"extension","defaultLocale":{"name":"Pocket","description":"When you find something you want to view later, put it in Pocket."},"visible":true,"active":true,"userDisabled":false,"appDisabled":false,"installDate":1538544088072,"updateDate":1538544088072,"applyBackgroundUpdates":1,"path":"C:\\Program Files\\Mozilla Firefox\\browser\\features\\firefox@getpocket.com.xpi","skinnable":false,"sourceURI":null,"releaseNotesURI":null,"softDisabled":false,"foreignInstall":false,"strictCompatibility":false,"locales":[],"targetApplications":[{"id":"{ec8030f7-c20a-464f-9b0e-13a3a9e97384}","minVersion":"62.0.3","maxVersion":"62.*"}],"targetPlatforms":[],"seen":true,"dependencies":[],"hasEmbeddedWebExtension":false,"userPermissions":null,"icons":{},"blocklistState":0,"blocklistURL":null,"startupData":null,"location":"app-system-defaults"},{"id":"formautofill@mozilla.org","syncGUID":"{8b57a0d8-a892-44b1-8316-80dc955f73ef}","version":"1.0","type":"extension","defaultLocale":{"name":"Form Autofill","description":"Autofill forms with saved profiles"},"visible":true,"active":true,"userDisabled":false,"appDisabled":false,"installDate":1538544088061,"updateDate":1538544088061,"applyBackgroundUpdates":1,"path":"C:\\Program Files\\Mozilla Firefox\\browser\\features\\formautofill@mozilla.org.xpi","skinnable":false,"sourceURI":null,"releaseNotesURI":null,"softDisabled":false,"foreignInstall":false,"strictCompatibility":false,"locales":[],"targetApplications":[{"id":"{ec8030f7-c20a-464f-9b0e-13a3a9e97384}","minVersion":"62.0.3","maxVersion":"62.*"}],"targetPlatforms":[],"seen":true,"dependencies":[],"hasEmbeddedWebExtension":false,"userPermissions":null,"icons":{},"blocklistState":0,"blocklistURL":null,"startupData":null,"location":"app-system-defaults"},{"id":"onboarding@mozilla.org","syncGUID":"{ca0639a6-257c-4c8a-adf5-e689478e245f}","version":"1.0","type":"extension","defaultLocale":{"name":"Photon onboarding","description":"Photon onboarding"},"visible":true,"active":true,"userDisabled":false,"appDisabled":false,"installDate":1538544088041,"updateDate":1538544088041,"applyBackgroundUpdates":1,"path":"C:\\Program Files\\Mozilla Firefox\\browser\\features\\onboarding@mozilla.org.xpi","skinnable":false,"sourceURI":null,"releaseNotesURI":null,"softDisabled":false,"foreignInstall":false,"strictCompatibility":false,"locales":[],"targetApplications":[{"id":"{ec8030f7-c20a-464f-9b0e-13a3a9e97384}","minVersion":"62.0.3","maxVersion":"62.*"}],"targetPlatforms":[],"seen":true,"dependencies":[],"hasEmbeddedWebExtension":false,"userPermissions":null,"icons":{},"blocklistState":0,"blocklistURL":null,"startupData":null,"location":"app-system-defaults"},{"id":"screenshots@mozilla.org","syncGUID":"{c7d18006-9ff8-4d3f-8c9f-653d2ff3149e}","version":"33.0.0","type":"extension","defaultLocale":{"name":"Firefox Screenshots","homepageURL":"https://screenshots.firefox.com/"},"visible":true,"active":true,"userDisabled":false,"appDisabled":false,"installDate":1536157260292,"updateDate":1536157260292,"applyBackgroundUpdates":1,"path":"C:\\Program Files\\Mozilla Firefox\\browser\\features\\screenshots@mozilla.org.xpi","skinnable":false,"sourceURI":null,"releaseNotesURI":null,"softDisabled":false,"foreignInstall":false,"strictCompatibility":false,"locales":[],"targetApplications":[{"id":"{ec8030f7-c20a-464f-9b0e-13a3a9e97384}","minVersion":"57.0a1","maxVersion":"*"}],"targetPlatforms":[],"seen":true,"dependencies":[],"hasEmbeddedWebExtension":false,"userPermissions":null,"icons":{},"blocklistState":0,"blocklistURL":null,"startupData":null,"location":"app-system-defaults"},{"id":"webcompat-reporter@mozilla.org","syncGUID":"{42bf00d5-66f5-41fd-a8fb-9863a1f3835a}","version":"1.0.0","type":"extension","defaultLocale":{"name":"WebCompat Reporter","description":"Report site compatibility issues on webcompat.com."},"visible":true,"active":true,"userDisabled":false,"appDisabled":false,"installDate":1538544088034,"updateDate":1538544088034,"applyBackgroundUpdates":1,"path":"C:\\Program Files\\Mozilla Firefox\\browser\\features\\webcompat-reporter@mozilla.org.xpi","skinnable":false,"sourceURI":null,"releaseNotesURI":null,"softDisabled":false,"foreignInstall":false,"strictCompatibility":false,"locales":[],"targetApplications":[{"id":"{ec8030f7-c20a-464f-9b0e-13a3a9e97384}","minVersion":"62.0.3","maxVersion":"62.*"}],"targetPlatforms":[],"seen":true,"dependencies":[],"hasEmbeddedWebExtension":false,"userPermissions":null,"icons":{},"blocklistState":0,"blocklistURL":null,"startupData":null,"location":"app-system-defaults"},{"id":"webcompat@mozilla.org","syncGUID":"{a87cabd7-20ff-4a09-8930-a09f71fb8c6e}","version":"2.0","type":"extension","defaultLocale":{"name":"Web Compat","description":"Urgent post-release fixes for web compatibility."},"visible":true,"active":true,"userDisabled":false,"appDisabled":false,"installDate":1538544088034,"updateDate":1538544088034,"applyBackgroundUpdates":1,"path":"C:\\Program Files\\Mozilla Firefox\\browser\\features\\webcompat@mozilla.org.xpi","skinnable":false,"sourceURI":null,"releaseNotesURI":null,"softDisabled":false,"foreignInstall":false,"strictCompatibility":false,"locales":[],"targetApplications":[{"id":"{ec8030f7-c20a-464f-9b0e-13a3a9e97384}","minVersion":"62.0.3","maxVersion":"62.*"},{"id":"{aa3c5121-dab2-40e2-81ca-7ea25febc110}","minVersion":"62.0.3","maxVersion":"62.*"}],"targetPlatforms":[],"seen":true,"dependencies":[],"hasEmbeddedWebExtension":true,"userPermissions":null,"icons":{},"blocklistState":0,"blocklistURL":null,"startupData":null,"location":"app-system-defaults"},{"id":"{88664789-f91e-40e1-adb9-e4e9a8c48867}","syncGUID":"{21d66927-d880-4b1a-853e-ae6ae9df8575}","version":"0.4.0","type":"webextension","optionsURL":null,"optionsType":null,"optionsBrowserStyle":true,"aboutURL":null,"defaultLocale":{"name":"URLs List","description":"List the URLs of all tabs from the current window as copyable plaintext.","creator":null,"homepageURL":"https://github.com/moritz-h/urls-list","developers":null,"translators":null,"contributors":null},"visible":true,"active":true,"userDisabled":false,"appDisabled":false,"installDate":1539419240831,"updateDate":1539419242000,"applyBackgroundUpdates":1,"path":"C:\\Users\\bert\\AppData\\Roaming\\Mozilla\\Firefox\\Profiles\\y45msddr.default\\extensions\\{88664789-f91e-40e1-adb9-e4e9a8c48867}.xpi","skinnable":false,"sourceURI":null,"releaseNotesURI":null,"softDisabled":false,"foreignInstall":false,"strictCompatibility":true,"locales":[],"targetApplications":[{"id":"toolkit@mozilla.org","minVersion":"48.0","maxVersion":"*"}],"targetPlatforms":[],"signedState":2,"seen":true,"dependencies":[],"hasEmbeddedWebExtension":false,"userPermissions":{"permissions":["activeTab","clipboardWrite","contextMenus","notifications","tabs"],"origins":[]},"icons":{"48":"icons/icon.svg","96":"icons/icon.svg"},"iconURL":null,"icon64URL":null,"blocklistState":0,"blocklistURL":null,"startupData":null,"location":"app-profile"},{"id":"jid1-KKzOGWgsW3Ao4Q@jetpack","syncGUID":"{16cf4a43-c547-4265-9e50-ccda046ece8e}","version":"2.9.2","type":"webextension","updateURL":null,"optionsURL":"data/options.html","optionsType":5,"optionsBrowserStyle":true,"aboutURL":null,"defaultLocale":{"name":"I don't care about cookies","creator":"Daniel Kladnik @ kiboke studio","developers":null,"translators":null,"contributors":null},"visible":true,"active":true,"userDisabled":false,"appDisabled":false,"installDate":1539419254607,"updateDate":1539419256000,"applyBackgroundUpdates":1,"path":"C:\\Users\\bert\\AppData\\Roaming\\Mozilla\\Firefox\\Profiles\\y45msddr.default\\extensions\\jid1-KKzOGWgsW3Ao4Q@jetpack.xpi","skinnable":false,"sourceURI":null,"releaseNotesURI":null,"softDisabled":false,"foreignInstall":false,"strictCompatibility":true,"locales":[{"name":"I don't care about cookies","creator":"Daniel Kladnik @ kiboke studio","developers":null,"translators":null,"contributors":null,"locales":["en"]},{"name":"I don't care about cookies","creator":"Daniel Kladnik @ kiboke studio","developers":null,"translators":null,"contributors":null,"locales":["fr"]},{"name":"I don't care about cookies","creator":"Daniel Kladnik @ kiboke studio","developers":null,"translators":null,"contributors":null,"locales":["it"]},{"name":"I don't care about cookies","creator":"Daniel Kladnik @ kiboke studio","developers":null,"translators":null,"contributors":null,"locales":["hr"]},{"name":"I don’t care about cookies","creator":"Daniel Kladnik @ kiboke studio","developers":null,"translators":null,"contributors":null,"locales":["nl"]}],"targetApplications":[{"id":"toolkit@mozilla.org","minVersion":"52.0","maxVersion":"*"}],"targetPlatforms":[],"signedState":2,"seen":true,"dependencies":[],"hasEmbeddedWebExtension":false,"userPermissions":{"permissions":["contextMenus","tabs","storage","notifications","webRequest","webRequestBlocking","webNavigation"],"origins":["http://*/*","https://*/*"]},"icons":{"16":"icons/16.png","48":"icons/48.png","128":"icons/128.png"},"iconURL":null,"icon64URL":null,"blocklistState":0,"blocklistURL":null,"startupData":null,"location":"app-profile"},{"id":"@copyastext","syncGUID":"{134b44c5-33b9-4dd8-bf4f-86b07affe103}","version":"2.1.0","type":"webextension","updateURL":null,"optionsURL":null,"optionsType":null,"optionsBrowserStyle":true,"aboutURL":null,"defaultLocale":{"name":"Copy As Plain Text","description":"Copy as plain text the content of web pages with rapid preview using context menu","creator":null,"developers":null,"translators":null,"contributors":null},"visible":true,"active":true,"userDisabled":false,"appDisabled":false,"installDate":1539419265632,"updateDate":1539419266000,"applyBackgroundUpdates":1,"path":"C:\\Users\\bert\\AppData\\Roaming\\Mozilla\\Firefox\\Profiles\\y45msddr.default\\extensions\\@copyastext.xpi","skinnable":false,"sourceURI":null,"releaseNotesURI":null,"softDisabled":false,"foreignInstall":false,"strictCompatibility":true,"locales":[],"targetApplications":[{"id":"toolkit@mozilla.org","minVersion":"48.0","maxVersion":"*"}],"targetPlatforms":[],"signedState":2,"seen":true,"dependencies":[],"hasEmbeddedWebExtension":false,"userPermissions":{"permissions":["contextMenus","activeTab","clipboardWrite"],"origins":["<all_urls>"]},"icons":{"16":"assets/icon_16.png","128":"assets/icon_128.png"},"iconURL":null,"icon64URL":null,"blocklistState":0,"blocklistURL":null,"startupData":null,"location":"app-profile"},{"id":"{60f82f00-9ad5-4de5-b31c-b16a47c51558}","syncGUID":"{bac1b884-89f0-4962-a417-bbb95689afd2}","version":"0.3rc4","type":"webextension","optionsURL":"options.html","optionsType":3,"optionsBrowserStyle":true,"aboutURL":null,"defaultLocale":{"name":"Cookie Quick Manager","description":"An addon to manage (view, search, create, edit, delete, backup, restore) cookies.","creator":"Ysard","homepageURL":"https://github.com/ysard/cookie-quick-manager","developers":null,"translators":null,"contributors":null},"visible":true,"active":true,"userDisabled":false,"appDisabled":false,"installDate":1539419273879,"updateDate":1539419274000,"applyBackgroundUpdates":1,"path":"C:\\Users\\bert\\AppData\\Roaming\\Mozilla\\Firefox\\Profiles\\y45msddr.default\\extensions\\{60f82f00-9ad5-4de5-b31c-b16a47c51558}.xpi","skinnable":false,"sourceURI":null,"releaseNotesURI":null,"softDisabled":false,"foreignInstall":false,"strictCompatibility":true,"locales":[{"name":"Cookie Quick Manager","description":"An addon to manage (view, search, create, edit, delete, backup, restore) cookies.","creator":"Ysard","homepageURL":"https://github.com/ysard/cookie-quick-manager","developers":null,"translators":null,"contributors":null,"locales":["en"]},{"name":"Cookie Quick Manager","description":"Un gestionnaire de cookies pour les visualiser, les rechercher, les éditer, les ajouter, les supprimer, les sauvegarder ou les restaurer.","creator":"Ysard","homepageURL":"https://github.com/ysard/cookie-quick-manager","developers":null,"translators":null,"contributors":null,"locales":["fr"]},{"name":"Cookie Quick Manager","description":"Ein Add-on zur Cookieverwaltung (ansehen, durchsuchen, erstellen, editieren, löschen, sichern, wiederherstellen).","creator":"Ysard","homepageURL":"https://github.com/ysard/cookie-quick-manager","developers":null,"translators":null,"contributors":null,"locales":["de"]}],"targetApplications":[{"id":"toolkit@mozilla.org","minVersion":"48.0","maxVersion":"*"}],"targetPlatforms":[],"signedState":2,"seen":true,"dependencies":[],"hasEmbeddedWebExtension":false,"userPermissions":{"permissions":["cookies","activeTab","storage","browsingData","contextualIdentities","privacy"],"origins":["<all_urls>"]},"icons":{"48":"icons/icon48.png","96":"icons/icon96.png"},"iconURL":null,"icon64URL":null,"blocklistState":0,"blocklistURL":null,"startupData":null,"location":"app-profile"},{"id":"{bb682c45-3136-4213-bf29-5f5833080bf4}","syncGUID":"{982be26e-ec9c-4b68-a449-c965116dd05f}","version":"0.6.0","type":"webextension","updateURL":null,"optionsURL":"options.html","optionsType":5,"optionsBrowserStyle":true,"aboutURL":null,"defaultLocale":{"name":"Context Plus","description":"Add a bunch of extra stuff to contextual identity features","creator":null,"developers":null,"translators":null,"contributors":null},"visible":true,"active":true,"userDisabled":false,"appDisabled":false,"installDate":1539419282877,"updateDate":1539419284000,"applyBackgroundUpdates":1,"path":"C:\\Users\\bert\\AppData\\Roaming\\Mozilla\\Firefox\\Profiles\\y45msddr.default\\extensions\\{bb682c45-3136-4213-bf29-5f5833080bf4}.xpi","skinnable":false,"sourceURI":null,"releaseNotesURI":null,"softDisabled":false,"foreignInstall":false,"strictCompatibility":true,"locales":[],"targetApplications":[{"id":"toolkit@mozilla.org","minVersion":"57.0","maxVersion":"*"}],"targetPlatforms":[],"signedState":2,"seen":true,"dependencies":[],"hasEmbeddedWebExtension":false,"userPermissions":{"permissions":["contextMenus","contextualIdentities","cookies","storage","tabs"],"origins":[]},"icons":{"48":"icons/browsers-64.png","96":"icons/browsers-128.png"},"iconURL":null,"icon64URL":null,"blocklistState":0,"blocklistURL":null,"startupData":null,"location":"app-profile"},{"id":"a2fff151f5ad0ef63cbd7e454e8907c1fa9cc32008f489178775570374f408a7@pokeinthe.io","syncGUID":"{19ec5d15-198f-4bf9-8885-f1c1958c44c7}","version":"1.1.0","type":"webextension","updateURL":null,"optionsURL":null,"optionsType":null,"optionsBrowserStyle":true,"aboutURL":null,"defaultLocale":{"name":"Certainly Something (Certificate Viewer)","description":"Certainly Something is an advanced digital certificate viewer with an easy to use interface.","creator":"April King","homepageURL":"https://github.com/april/certainly-something","developers":null,"translators":null,"contributors":null},"visible":true,"active":true,"userDisabled":false,"appDisabled":false,"installDate":1539419325828,"updateDate":1539419326000,"applyBackgroundUpdates":1,"path":"C:\\Users\\bert\\AppData\\Roaming\\Mozilla\\Firefox\\Profiles\\y45msddr.default\\extensions\\a2fff151f5ad0ef63cbd7e454e8907c1fa9cc32008f489178775570374f408a7@pokeinthe.io.xpi","skinnable":false,"sourceURI":null,"releaseNotesURI":null,"softDisabled":false,"foreignInstall":false,"strictCompatibility":true,"locales":[],"targetApplications":[{"id":"toolkit@mozilla.org","minVersion":"62.0","maxVersion":"*"}],"targetPlatforms":[],"signedState":2,"seen":true,"dependencies":[],"hasEmbeddedWebExtension":false,"userPermissions":{"permissions":["tabs","webNavigation","webRequest","webRequestBlocking"],"origins":["http://*/*","https://*/*"]},"icons":{"48":"icons/secure.svg","96":"icons/secure.svg"},"iconURL":null,"icon64URL":null,"blocklistState":0,"blocklistURL":null,"startupData":null,"location":"app-profile"},{"id":"smart-referer@meh.paranoid.pk","syncGUID":"{8db3ce2d-d98c-44c1-9774-af762ca0e2a6}","version":"0.2.10","type":"webextension","updateURL":null,"optionsURL":"content/options.html","optionsType":5,"optionsBrowserStyle":true,"aboutURL":null,"defaultLocale":{"name":"Smart Referer","description":"Enable smart referers everywhere (send referer only on same domain)","creator":null,"homepageURL":"https://github.com/meh/smart-referer","developers":null,"translators":null,"contributors":null},"visible":true,"active":true,"userDisabled":false,"appDisabled":false,"installDate":1539419338197,"updateDate":1539419340000,"applyBackgroundUpdates":1,"path":"C:\\Users\\bert\\AppData\\Roaming\\Mozilla\\Firefox\\Profiles\\y45msddr.default\\extensions\\smart-referer@meh.paranoid.pk.xpi","skinnable":false,"sourceURI":null,"releaseNotesURI":null,"softDisabled":false,"foreignInstall":false,"strictCompatibility":true,"locales":[{"name":"Smart Referer","description":"Enable smart referers everywhere (send referer only on same domain)","creator":null,"homepageURL":"https://github.com/meh/smart-referer","developers":null,"translators":null,"contributors":null,"locales":["en"]},{"name":"Smart Referer","description":"Des référents intelligents partout !","creator":null,"homepageURL":"https://github.com/meh/smart-referer","developers":null,"translators":null,"contributors":null,"locales":["fr"]},{"name":"Smart Referer","description":"Smarte Referer überall!","creator":null,"homepageURL":"https://github.com/meh/smart-referer","developers":null,"translators":null,"contributors":null,"locales":["de"]}],"targetApplications":[{"id":"toolkit@mozilla.org","minVersion":"52.0","maxVersion":"*"}],"targetPlatforms":[],"signedState":2,"seen":true,"dependencies":[],"hasEmbeddedWebExtension":false,"userPermissions":{"permissions":["menus","storage","theme","webRequest","webRequestBlocking"],"origins":["http://*/*","https://*/*"]},"icons":{"48":"assets/icon.svg","256":"assets/icon.svg"},"iconURL":null,"icon64URL":null,"blocklistState":0,"blocklistURL":null,"startupData":null,"location":"app-profile"},{"id":"{b3e677f4-1150-4387-8629-da738260a48e}","syncGUID":"{e69249e2-34d0-4548-b89b-5dc1697930a7}","version":"0.2.5","type":"webextension","optionsURL":"data/options/options.html","optionsType":5,"optionsBrowserStyle":true,"aboutURL":null,"defaultLocale":{"name":"Smart HTTPS","description":"Automatically changes HTTP protocol to HTTPS, and if loading encounters error, reverts it back to HTTP.","creator":null,"homepageURL":"http://mybrowseraddon.com/smart-https.html","developers":null,"translators":null,"contributors":null},"visible":true,"active":true,"userDisabled":false,"appDisabled":false,"installDate":1539419347564,"updateDate":1539419348000,"applyBackgroundUpdates":1,"path":"C:\\Users\\bert\\AppData\\Roaming\\Mozilla\\Firefox\\Profiles\\y45msddr.default\\extensions\\{b3e677f4-1150-4387-8629-da738260a48e}.xpi","skinnable":false,"sourceURI":null,"releaseNotesURI":null,"softDisabled":false,"foreignInstall":false,"strictCompatibility":true,"locales":[],"targetApplications":[{"id":"toolkit@mozilla.org","minVersion":"48.0","maxVersion":"*"}],"targetPlatforms":[],"signedState":2,"seen":true,"dependencies":[],"hasEmbeddedWebExtension":false,"userPermissions":{"permissions":["tabs","storage","webRequest","webRequestBlocking"],"origins":["<all_urls>"]},"icons":{"16":"data/icons/16.png","32":"data/icons/32.png","48":"data/icons/48.png","64":"data/icons/64.png","128":"data/icons/128.png"},"iconURL":null,"icon64URL":null,"blocklistState":0,"blocklistURL":null,"startupData":null,"location":"app-profile"},{"id":"{7fc8ef53-24ec-4205-87a4-1e745953bb0d}","syncGUID":"{81dcc763-e4d8-4631-a8b5-d95f064e3dfb}","version":"1.0.8","type":"webextension","optionsURL":"popup.html","optionsType":5,"optionsBrowserStyle":true,"aboutURL":null,"defaultLocale":{"name":"CSS Exfil Protection","description":"Guard against CSS data exfiltration attacks.","creator":null,"homepageURL":"https://www.mike-gualtieri.com/css-exfil-vulnerability-tester","developers":null,"translators":null,"contributors":null},"visible":true,"active":true,"userDisabled":false,"appDisabled":false,"installDate":1539419362066,"updateDate":1539419364000,"applyBackgroundUpdates":1,"path":"C:\\Users\\bert\\AppData\\Roaming\\Mozilla\\Firefox\\Profiles\\y45msddr.default\\extensions\\{7fc8ef53-24ec-4205-87a4-1e745953bb0d}.xpi","skinnable":false,"sourceURI":null,"releaseNotesURI":null,"softDisabled":false,"foreignInstall":false,"strictCompatibility":true,"locales":[],"targetApplications":[{"id":"toolkit@mozilla.org","minVersion":"48.0","maxVersion":"*"}],"targetPlatforms":[],"signedState":2,"seen":true,"dependencies":[],"hasEmbeddedWebExtension":false,"userPermissions":{"permissions":["storage"],"origins":["http://*/","https://*/","<all_urls>"]},"icons":{"16":"icons/icon-16.png","32":"icons/icon-32.png","48":"icons/icon-48.png","64":"icons/icon-64.png","128":"icons/icon-128.png"},"iconURL":null,"icon64URL":null,"blocklistState":0,"blocklistURL":null,"startupData":null,"location":"app-profile"},{"id":"{58a91034-688c-4104-b2d3-04d086882925}","syncGUID":"{e2060521-4c11-43cf-9154-34d104547482}","version":"0.2.1","type":"webextension","optionsURL":null,"optionsType":null,"optionsBrowserStyle":true,"aboutURL":null,"defaultLocale":{"name":"disqus-undirect","description":"Redirect disq.us links without requesting.","creator":null,"developers":null,"translators":null,"contributors":null},"visible":true,"active":true,"userDisabled":false,"appDisabled":false,"installDate":1539419371109,"updateDate":1539419372000,"applyBackgroundUpdates":1,"path":"C:\\Users\\bert\\AppData\\Roaming\\Mozilla\\Firefox\\Profiles\\y45msddr.default\\extensions\\{58a91034-688c-4104-b2d3-04d086882925}.xpi","skinnable":false,"sourceURI":null,"releaseNotesURI":null,"softDisabled":false,"foreignInstall":false,"strictCompatibility":true,"locales":[],"targetApplications":[{"id":"toolkit@mozilla.org","minVersion":"48.0","maxVersion":"*"}],"targetPlatforms":[],"signedState":2,"seen":true,"dependencies":[],"hasEmbeddedWebExtension":false,"userPermissions":{"permissions":[],"origins":["*://disqus.com/*"]},"icons":{"16":"icons/icon16.png","48":"icons/icon48.png","128":"icons/icon128.png"},"iconURL":null,"icon64URL":null,"blocklistState":0,"blocklistURL":null,"startupData":null,"location":"app-profile"},{"id":"{6b938c0c-fc53-4f27-805f-619778631082}","syncGUID":"{a2117bd6-b6df-4757-a580-4661cdf82419}","version":"2.1","type":"webextension","optionsURL":null,"optionsType":null,"optionsBrowserStyle":true,"aboutURL":null,"defaultLocale":{"name":"Don't touch my tabs! (rel=noopener)","description":"Prevent new tabs from hijacking the source tab by adding the rel=noopener attribute to all hyperlinks that open in a new tab.","creator":"Jeroen Swen","developers":null,"translators":null,"contributors":null},"visible":true,"active":true,"userDisabled":false,"appDisabled":false,"installDate":1539419378523,"updateDate":1539419380000,"applyBackgroundUpdates":1,"path":"C:\\Users\\bert\\AppData\\Roaming\\Mozilla\\Firefox\\Profiles\\y45msddr.default\\extensions\\{6b938c0c-fc53-4f27-805f-619778631082}.xpi","skinnable":false,"sourceURI":null,"releaseNotesURI":null,"softDisabled":false,"foreignInstall":false,"strictCompatibility":true,"locales":[],"targetApplications":[{"id":"toolkit@mozilla.org","minVersion":"48.0","maxVersion":"*"}],"targetPlatforms":[],"signedState":2,"seen":true,"dependencies":[],"hasEmbeddedWebExtension":false,"userPermissions":{"permissions":[],"origins":["<all_urls>"]},"icons":{"96":"icons/icon-96.png"},"iconURL":null,"icon64URL":null,"blocklistState":0,"blocklistURL":null,"startupData":null,"location":"app-profile"},{"id":"{569456be-2850-4f7e-b669-71e55140ee0a}","syncGUID":"{d849426c-28aa-4f82-b787-0f1014069566}","version":"1.8.1","type":"webextension","updateURL":null,"optionsURL":"options.html","optionsType":5,"optionsBrowserStyle":true,"aboutURL":null,"defaultLocale":{"name":"Redirect AMP to HTML","description":"Automatically redirects AMP pages to their canonical HTML equivalent.","creator":null,"developers":null,"translators":null,"contributors":null},"visible":true,"active":true,"userDisabled":false,"appDisabled":false,"installDate":1539419389818,"updateDate":1539419390000,"applyBackgroundUpdates":1,"path":"C:\\Users\\bert\\AppData\\Roaming\\Mozilla\\Firefox\\Profiles\\y45msddr.default\\extensions\\{569456be-2850-4f7e-b669-71e55140ee0a}.xpi","skinnable":false,"sourceURI":null,"releaseNotesURI":null,"softDisabled":false,"foreignInstall":false,"strictCompatibility":true,"locales":[],"targetApplications":[{"id":"toolkit@mozilla.org","minVersion":"60.0","maxVersion":"*"}],"targetPlatforms":[],"signedState":2,"seen":true,"dependencies":[],"hasEmbeddedWebExtension":false,"userPermissions":{"permissions":["storage","webRequest","webRequestBlocking"],"origins":["*://t.co/*","https://www.bing.com/amp/*","https://www.google.com/amp/*","http://*/*","https://*/*"]},"icons":{"16":"assets/icon.svg","24":"assets/icon.svg","32":"assets/icon.svg","64":"assets/icon.svg","128":"assets/icon.svg","256":"assets/icon.svg"},"iconURL":null,"icon64URL":null,"blocklistState":0,"blocklistURL":null,"startupData":null,"location":"app-profile"},{"id":"jid1-BoFifL9Vbdl2zQ@jetpack","syncGUID":"{4e6b611e-9b04-4d85-86bc-4e4164dcfeb6}","version":"2.0.8","type":"webextension","updateURL":null,"optionsURL":"pages/options/options.html","optionsType":5,"optionsBrowserStyle":true,"aboutURL":null,"defaultLocale":{"name":"Decentraleyes","description":"Protects you against tracking through \"free\", centralized, content delivery.","creator":"Thomas Rientjes","developers":null,"translators":null,"contributors":null},"visible":true,"active":true,"userDisabled":false,"appDisabled":false,"installDate":1539419638349,"updateDate":1539419640000,"applyBackgroundUpdates":1,"path":"C:\\Users\\bert\\AppData\\Roaming\\Mozilla\\Firefox\\Profiles\\y45msddr.default\\extensions\\jid1-BoFifL9Vbdl2zQ@jetpack.xpi","skinnable":false,"sourceURI":null,"releaseNotesURI":null,"softDisabled":false,"foreignInstall":false,"strictCompatibility":true,"locales":[{"name":"Decentraleyes","description":"Protects you against tracking through \"free\", centralized, content delivery.","creator":"Thomas Rientjes","developers":null,"translators":null,"contributors":null,"locales":["en-US"]},{"name":"Decentraleyes","description":"「無料」と称してあなたを追跡する大規模なCDNを迂回して、プライバシーを守ります。","creator":"Thomas Rientjes","developers":null,"translators":null,"contributors":null,"locales":["ja"]},{"name":"Decentraleyes","description":"Kaitseb sind \"tasuta\", tsentraliseeritud sisu edastamisest tuleneva jälitamise vastu.","creator":"Thomas Rientjes","developers":null,"translators":null,"contributors":null,"locales":["et"]},{"name":"Decentraleyes","description":"Protege contra monitorização através de entrega de conteúdo centralizado.","creator":"Thomas Rientjes","developers":null,"translators":null,"contributors":null,"locales":["pt-PT"]},{"name":"Decentraleyes","description":"Para protektahan ka laban sa pagsubaybay sa pamamagitan ng \"libre\", sentralisadong, paghahatid ng nilalaman.","creator":"Thomas Rientjes","developers":null,"translators":null,"contributors":null,"locales":["tl"]},{"name":"Decentraleyes","description":"Protège du pistage lié aux diffuseurs de contenus \"gratuits\", centralisés.","creator":"Thomas Rientjes","developers":null,"translators":null,"contributors":null,"locales":["fr"]},{"name":"Decentraleyes","description":"Melindungi Anda dari pelacakan distribusi konten \"gratis\" dan terpusat.","creator":"Thomas Rientjes","developers":null,"translators":null,"contributors":null,"locales":["id"]},{"name":"Decentraleyes","description":"Защитава ви от следене чрез свободна, централизирана доставка на съдържание.","creator":"Thomas Rientjes","developers":null,"translators":null,"contributors":null,"locales":["bg"]},{"name":"Decentraleyes","description":"Skyddar dig mot att spåras av \"gratis\", centraliserad, innehållsleverans.","creator":"Thomas Rientjes","developers":null,"translators":null,"contributors":null,"locales":["sv"]},{"name":"Decentraleyes","description":"Ochrání vás přes sledováním skrze centralizované doručování obsahu.","creator":"Thomas Rientjes","developers":null,"translators":null,"contributors":null,"locales":["cs"]},{"name":"Decentraleyes","description":"Védelem az \"ingyenes\" centralizált content delivery hálózatok megfigyelésétől.","creator":"Thomas Rientjes","developers":null,"translators":null,"contributors":null,"locales":["hu"]},{"name":"Decentraleyes","description":"Verndar þig gegn eftirliti frá \"ókeypis\" miðlægum efnisveitum.","creator":"Thomas Rientjes","developers":null,"translators":null,"contributors":null,"locales":["is"]},{"name":"Decentraleyes","description":"Decentraleyes protektas vin kontraŭ sekvado per senkosta, centra enhavoprovizado.","creator":"Thomas Rientjes","developers":null,"translators":null,"contributors":null,"locales":["eo"]},{"name":"Decentraleyes","description":"يحميك من التتبع المرتبط بالوصول للمحتوى \"مجاني\"، مركزية.","creator":"Thomas Rientjes","developers":null,"translators":null,"contributors":null,"locales":["ar"]},{"name":"Decentraleyes","description":"\"무료\"라는 미끼로 당신을 추적하는 대규모 CDN을 사용하지 않음으로써 개인 정보를 지킵니다.","creator":"Thomas Rientjes","developers":null,"translators":null,"contributors":null,"locales":["ko"]},{"name":"Decentraleyes","description":"Protegge dal tracciamento tramite i CDN centralizzati \"gratuiti\".","creator":"Thomas Rientjes","developers":null,"translators":null,"contributors":null,"locales":["it"]},{"name":"Decentraleyes","description":"Schützt vor Tracking durch \"gratis\", zentralisiertes, Abliefern von Content.","creator":"Thomas Rientjes","developers":null,"translators":null,"contributors":null,"locales":["de"]},{"name":"Decentraleyes","description":"Protects you against tracking through \"free\", centralised, content delivery.","creator":"Thomas Rientjes","developers":null,"translators":null,"contributors":null,"locales":["en-GB"]},{"name":"Decentraleyes","description":"Штити вас од праћења преко „бесплатних“, централизованих достава садржаја.","creator":"Thomas Rientjes","developers":null,"translators":null,"contributors":null,"locales":["sr"]},{"name":"Decentraleyes","description":"保护您免受集中式的内容交付网络（CDN）的跟踪。","creator":"Thomas Rientjes","developers":null,"translators":null,"contributors":null,"locales":["zh-CN"]},{"name":"Decentraleyes","description":"Защищает Вас от отслеживания через «бесплатные», централизованные CDN.","creator":"Thomas Rientjes","developers":null,"translators":null,"contributors":null,"locales":["ru"]},{"name":"Decentraleyes","description":"Chroni przed śledzeniem przez ośrodki CDN.","creator":"Thomas Rientjes","developers":null,"translators":null,"contributors":null,"locales":["pl"]},{"name":"Decentraleyes","description":"Suojaa sinua \"ilmaisten\" keskitettyjen sisällön jakeluverkkojen jäljitykseltä.","creator":"Thomas Rientjes","developers":null,"translators":null,"contributors":null,"locales":["fi"]},{"name":"Decentraleyes","description":"Te protejează împotriva urmăririi prin livrare \"gratuită\" de conținut centralizat.","creator":"Thomas Rientjes","developers":null,"translators":null,"contributors":null,"locales":["ro"]},{"name":"Decentraleyes","description":"Schützt virun Tracking duerch \"gratis\" Content Delivery Networks.","creator":"Thomas Rientjes","developers":null,"translators":null,"contributors":null,"locales":["lb"]},{"name":"Decentraleyes","description":"Προστατεύει από παρακολούθηση μέσω \"δωρεάν\" διανομής περιεχόμενου.","creator":"Thomas Rientjes","developers":null,"translators":null,"contributors":null,"locales":["el"]},{"name":"Decentraleyes","description":"Protégete contra rastreo a través de entrega de contenido centralizado \"gratis\".","creator":"Thomas Rientjes","developers":null,"translators":null,"contributors":null,"locales":["es"]},{"name":"Decentraleyes","description":"Lhe protege de rastreamento feito usando centrais de disponibilização de conteúdo \"gratuitas\".","creator":"Thomas Rientjes","developers":null,"translators":null,"contributors":null,"locales":["pt-BR"]},{"name":"Decentraleyes","description":"保護您不受「免費」、中心化的內容傳遞網路（CDN）的追蹤。","creator":"Thomas Rientjes","developers":null,"translators":null,"contributors":null,"locales":["zh-TW"]},{"name":"Decentraleyes","description":"מגן עליך מפני מעקב המבוצע דרך רשתות אספקת תוכן ריכוזיות ו\"חינמיות\".","creator":"Thomas Rientjes","developers":null,"translators":null,"contributors":null,"locales":["he"]},{"name":"Decentraleyes","description":"Beskytter dig imod sporing af \"gratis\", centraliserede indholdsleverandører.","creator":"Thomas Rientjes","developers":null,"translators":null,"contributors":null,"locales":["da"]},{"name":"Decentraleyes","description":"Sizi, \"ücretsiz\", merkezi, içerik dağıtımı aracılığıyla yapılan takipten korur.","creator":"Thomas Rientjes","developers":null,"translators":null,"contributors":null,"locales":["tr"]},{"name":"Decentraleyes","description":"Beschermt tegen tracking via het \"gratis\", gecentraliseerd, verzorgen van content.","creator":"Thomas Rientjes","developers":null,"translators":null,"contributors":null,"locales":["nl"]}],"targetApplications":[{"id":"toolkit@mozilla.org","minVersion":"56.0a1","maxVersion":"*"}],"targetPlatforms":[],"signedState":2,"seen":true,"dependencies":[],"hasEmbeddedWebExtension":false,"userPermissions":{"permissions":["privacy","storage","unlimitedStorage","tabs","webNavigation","webRequest","webRequestBlocking"],"origins":["*://*/*"]},"icons":{"16":"icons/icon16.png","48":"icons/icon48.png","96":"icons/icon96.png","128":"icons/icon128.png"},"iconURL":null,"icon64URL":null,"blocklistState":0,"blocklistURL":null,"startupData":null,"location":"app-profile"},{"id":"neaturl@hugsmile.eu","syncGUID":"{0e9e8f29-2940-43ad-8e9c-67c7f64b8259}","version":"4.1.5","type":"webextension","updateURL":null,"optionsURL":"options.html","optionsType":5,"optionsBrowserStyle":true,"aboutURL":null,"defaultLocale":{"name":"Neat URL","description":"Remove garbage from URLs.","creator":null,"homepageURL":"http://hugsmile.eu","developers":null,"translators":null,"contributors":null},"visible":true,"active":true,"userDisabled":false,"appDisabled":false,"installDate":1539419692342,"updateDate":1539419694000,"applyBackgroundUpdates":1,"path":"C:\\Users\\bert\\AppData\\Roaming\\Mozilla\\Firefox\\Profiles\\y45msddr.default\\extensions\\neaturl@hugsmile.eu.xpi","skinnable":false,"sourceURI":null,"releaseNotesURI":null,"softDisabled":false,"foreignInstall":false,"strictCompatibility":true,"locales":[{"name":"Neat URL","description":"Remove garbage from URLs.","creator":null,"homepageURL":"http://hugsmile.eu","developers":null,"translators":null,"contributors":null,"locales":["en"]},{"name":"Neat URL","description":"Видаляє сміття з URL-адрес.","creator":null,"homepageURL":"http://hugsmile.eu","developers":null,"translators":null,"contributors":null,"locales":["uk"]},{"name":"Neat URL","description":"移除网址中的无用段。","creator":null,"homepageURL":"http://hugsmile.eu","developers":null,"translators":null,"contributors":null,"locales":["zh-CN"]},{"name":"Neat URL","description":"Удаляет мусор из URL.","creator":null,"homepageURL":"http://hugsmile.eu","developers":null,"translators":null,"contributors":null,"locales":["ru"]},{"name":"Neat URL","description":"Verwijder rommel van URLs.","creator":null,"homepageURL":"http://hugsmile.eu","developers":null,"translators":null,"contributors":null,"locales":["nl"]}],"targetApplications":[{"id":"toolkit@mozilla.org","minVersion":"48.0","maxVersion":"*"}],"targetPlatforms":[],"signedState":2,"seen":true,"dependencies":[],"hasEmbeddedWebExtension":false,"userPermissions":{"permissions":["storage","notifications","contextMenus","webRequest","webRequestBlocking","tabs"],"origins":["<all_urls>"]},"icons":{"48":"icons/dark/neaturl-48.png","96":"icons/dark/neaturl-96-state0.png"},"iconURL":null,"icon64URL":null,"blocklistState":0,"blocklistURL":null,"startupData":null,"location":"app-profile"},{"id":"skipredirect@sblask","syncGUID":"{391c2092-6eb9-4134-9744-db87aa6f792d}","version":"2.2.1","type":"webextension","updateURL":null,"optionsURL":"options/options.html","optionsType":5,"optionsBrowserStyle":true,"aboutURL":null,"defaultLocale":{"name":"Skip Redirect","description":"Skip intermediary pages that some pages use before redirecting to a final page.","creator":"Sebastian Blask","homepageURL":"https://github.com/sblask/webextension-skip-redirect","developers":null,"translators":null,"contributors":null},"visible":true,"active":true,"userDisabled":false,"appDisabled":false,"installDate":1539419701146,"updateDate":1539419702000,"applyBackgroundUpdates":1,"path":"C:\\Users\\bert\\AppData\\Roaming\\Mozilla\\Firefox\\Profiles\\y45msddr.default\\extensions\\skipredirect@sblask.xpi","skinnable":false,"sourceURI":null,"releaseNotesURI":null,"softDisabled":false,"foreignInstall":false,"strictCompatibility":true,"locales":[{"name":"Skip Redirect","description":"Skip intermediary pages that some pages use before redirecting to a final page.","creator":"Sebastian Blask","homepageURL":"https://github.com/sblask/webextension-skip-redirect","developers":null,"translators":null,"contributors":null,"locales":["en"]},{"name":"Skip Redirect","description":"Manche Webseiten leiten Benutzer auf eine extra Seite bevor sie auf die Seite weiterleiten die man eigentlich sehen wollte. Skip Redirect versucht diese Weiterleitung zu überspringen um direkt zur richtigen Seite zu gehen.","creator":"Sebastian Blask","homepageURL":"https://github.com/sblask/webextension-skip-redirect","developers":null,"translators":null,"contributors":null,"locales":["de"]}],"targetApplications":[{"id":"toolkit@mozilla.org","minVersion":"46.0","maxVersion":"*"}],"targetPlatforms":[],"signedState":2,"seen":true,"dependencies":[],"hasEmbeddedWebExtension":false,"userPermissions":{"permissions":["clipboardWrite","contextMenus","notifications","storage","webRequest","webRequestBlocking"],"origins":["<all_urls>"]},"icons":{"48":"icon.svg"},"iconURL":null,"icon64URL":null,"blocklistState":0,"blocklistURL":null,"startupData":null,"location":"app-profile"},{"id":"forget-me-not@lusito.info","syncGUID":"{c46a7949-5829-49d1-882a-9eb9a60ab181}","version":"1.0.5","type":"webextension","updateURL":null,"optionsURL":null,"optionsType":null,"optionsBrowserStyle":true,"aboutURL":null,"defaultLocale":{"name":"Forget Me Not - Forget cookies & other data","description":"Make the browser forget website data, except for the data you want to keep.","creator":"Santo Pfingsten","developers":null,"translators":null,"contributors":null},"visible":true,"active":true,"userDisabled":false,"appDisabled":false,"installDate":1539419840409,"updateDate":1539419842000,"applyBackgroundUpdates":1,"path":"C:\\Users\\bert\\AppData\\Roaming\\Mozilla\\Firefox\\Profiles\\y45msddr.default\\extensions\\forget-me-not@lusito.info.xpi","skinnable":false,"sourceURI":null,"releaseNotesURI":null,"softDisabled":false,"foreignInstall":false,"strictCompatibility":true,"locales":[{"name":"Forget Me Not - Forget cookies & other data","description":"Make the browser forget website data, except for the data you want to keep.","creator":"Santo Pfingsten","developers":null,"translators":null,"contributors":null,"locales":["en"]},{"name":"Forget Me Not - Esquecer cookies e outros dados","description":"Faça o seu navegador esquecer dados de websites, exceto os dados que pretende manter.","creator":"Santo Pfingsten","developers":null,"translators":null,"contributors":null,"locales":["pt-PT"]},{"name":"Njezabywaj mě - cookieje a druge daty zabyś","description":"Dajśo wobglědowakoju daty websedłow zabyś, mimo datow, kótarež cośo wobchowaś.","creator":"Santo Pfingsten","developers":null,"translators":null,"contributors":null,"locales":["dsb"]},{"name":"Glöm Mig Inte - Glöm kakor & annan data","description":"Gör så att din webläsare glömmer web data, förutom den data du vill behålla.","creator":"Santo Pfingsten","developers":null,"translators":null,"contributors":null,"locales":["sv"]},{"name":"Forget Me Not - Olvida cookies y otros datos","description":"Para que el navegador olvide datos de las páginas web, excepto por los que querés mantener.","creator":"Santo Pfingsten","developers":null,"translators":null,"contributors":null,"locales":["es-AR"]},{"name":"Vergiss Mein Nicht - Vergiss Cookies und andere Daten","description":"Lass den Browser Website-Daten vergessen, abseits von denen die du behalten möchtest.","creator":"Santo Pfingsten","developers":null,"translators":null,"contributors":null,"locales":["de"]},{"name":"Njezabywaj mje - Placki a druhe daty zabyć","description":"Dajće wobhladowakej daty websydłow zabyć, nimo datow, kotrež chceće wobchować.","creator":"Santo Pfingsten","developers":null,"translators":null,"contributors":null,"locales":["hsb"]},{"name":"Forget Me Not - Dimentica cookie e dati","description":"Fai in modo che il browser dimentichi i dati dei siti, eccetto quelli che desideri conservare.","creator":"Santo Pfingsten","developers":null,"translators":null,"contributors":null,"locales":["it-IT"]},{"name":"Forget Me Not - Apagar cookies & mais","description":"Faça o navegador apagar dados de sites, exceto o que quiser manter.","creator":"Santo Pfingsten","developers":null,"translators":null,"contributors":null,"locales":["pt-BR"]}],"targetApplications":[{"id":"toolkit@mozilla.org","minVersion":"57.0","maxVersion":"*"}],"targetPlatforms":[],"signedState":2,"seen":true,"dependencies":[],"hasEmbeddedWebExtension":false,"userPermissions":{"permissions":["storage","tabs","browsingData","cookies","downloads","history","notifications","webNavigation","webRequest","webRequestBlocking","contextualIdentities"],"origins":["<all_urls>","https://lusito.github.io/web-ext-translator/*"]},"icons":{"16":"icons/icon16.png","32":"icons/icon32.png","48":"icons/icon48.png","64":"icons/icon64.png","96":"icons/icon96.png","128":"icons/icon128.png"},"iconURL":null,"icon64URL":null,"blocklistState":0,"blocklistURL":null,"startupData":null,"location":"app-profile"},{"id":"headereditor-amo@addon.firefoxcn.net","syncGUID":"{75fd89cf-3e5e-4936-b230-bf50c66ccf19}","version":"3.0.8","type":"webextension","updateURL":null,"optionsURL":"manage.html","optionsType":3,"optionsBrowserStyle":true,"aboutURL":null,"defaultLocale":{"name":"Header Editor","description":"Manage browser's requests, include modify the request headers and response headers, redirect requests, cancel requests","creator":null,"homepageURL":"http://team.firefoxcn.net","developers":null,"translators":null,"contributors":null},"visible":true,"active":true,"userDisabled":false,"appDisabled":false,"installDate":1539419909129,"updateDate":1539419910000,"applyBackgroundUpdates":1,"path":"C:\\Users\\bert\\AppData\\Roaming\\Mozilla\\Firefox\\Profiles\\y45msddr.default\\extensions\\headereditor-amo@addon.firefoxcn.net.xpi","skinnable":false,"sourceURI":null,"releaseNotesURI":null,"softDisabled":false,"foreignInstall":false,"strictCompatibility":true,"locales":[{"name":"Header Editor","description":"Manage browser's requests, include modify the request headers and response headers, redirect requests, cancel requests","creator":null,"homepageURL":"http://team.firefoxcn.net","developers":null,"translators":null,"contributors":null,"locales":["en"]},{"name":"Header Editor","description":"管理浏览器请求，包括修改请求头和响应头、重定向请求、取消请求","creator":null,"homepageURL":"http://team.firefoxcn.net","developers":null,"translators":null,"contributors":null,"locales":["zh-CN"]},{"name":"Header Editor","description":"Gerencie pedidos do navegador, incluindo modificar cabeçalhos das solicitações e resposta, solicitações de redirecionamento, cancelar solicitações","creator":null,"homepageURL":"http://team.firefoxcn.net","developers":null,"translators":null,"contributors":null,"locales":["pt-BR"]},{"name":"Header Editor","description":"管理瀏覽器要求，包括修改要求標頭和回應標頭、重新導向要求、取消要求","creator":null,"homepageURL":"http://team.firefoxcn.net","developers":null,"translators":null,"contributors":null,"locales":["zh-TW"]}],"targetApplications":[{"id":"toolkit@mozilla.org","minVersion":"52.0","maxVersion":"*"}],"targetPlatforms":[],"signedState":2,"seen":true,"dependencies":[],"hasEmbeddedWebExtension":false,"userPermissions":{"permissions":["tabs","webRequest","webRequestBlocking","contextMenus","storage","downloads"],"origins":["*://*/*"]},"icons":{"128":"images/128.png"},"iconURL":null,"icon64URL":null,"blocklistState":0,"blocklistURL":null,"startupData":null,"location":"app-profile"},{"id":"uBlock0@raymondhill.net","syncGUID":"{da0664e5-21de-4557-b04c-a58b14e66961}","version":"1.17.0","type":"webextension","updateURL":null,"optionsURL":"dashboard.html","optionsType":3,"optionsBrowserStyle":true,"aboutURL":null,"defaultLocale":{"name":"uBlock Origin","description":"Finally, an efficient blocker. Easy on CPU and memory.","creator":"All uBlock Origin contributors","developers":null,"translators":null,"contributors":null},"visible":true,"active":true,"userDisabled":false,"appDisabled":false,"installDate":1539419999472,"updateDate":1539420000000,"applyBackgroundUpdates":1,"path":"C:\\Users\\bert\\AppData\\Roaming\\Mozilla\\Firefox\\Profiles\\y45msddr.default\\extensions\\uBlock0@raymondhill.net.xpi","skinnable":false,"sourceURI":null,"releaseNotesURI":null,"softDisabled":false,"foreignInstall":false,"strictCompatibility":true,"locales":[{"name":"uBlock Origin","description":"Finally, an efficient blocker. Easy on CPU and memory.","creator":"All uBlock Origin contributors","developers":null,"translators":null,"contributors":null,"locales":["en"]},{"name":"uBlock Origin","description":"高効率ブロッカーが遂に登場。CPUとメモリーの負担を抑えます。","creator":"All uBlock Origin contributors","developers":null,"translators":null,"contributors":null,"locales":["ja"]},{"name":"uBlock Origin","description":"Lõpuks on valminud tõhus blokeerija. Protsessori- ja mälusõbralik.","creator":"All uBlock Origin contributors","developers":null,"translators":null,"contributors":null,"locales":["et"]},{"name":"uBlock Origin","description":"Finalmente, um bloqueador eficiente. Leve na CPU e memória.","creator":"All uBlock Origin contributors","developers":null,"translators":null,"contributors":null,"locales":["pt-PT"]},{"name":"uBlock Origin","description":"మొత్తానికి RAM ఇంకా CPU పై తేలికయిన, ఒక సమర్థవంతమైన నిరోధిని.","creator":"All uBlock Origin contributors","developers":null,"translators":null,"contributors":null,"locales":["te"]},{"name":"uBlock Origin","description":"Un bloqueur de nuisances efficace, qui ménagera votre processeur et votre mémoire vive.","creator":"All uBlock Origin contributors","developers":null,"translators":null,"contributors":null,"locales":["fr"]},{"name":"uBlock Origin","description":"Einlik, in effisjinte adblocker. Brûkt hast gjin prosessorkrêft of ûnthâld.","creator":"All uBlock Origin contributors","developers":null,"translators":null,"contributors":null,"locales":["fy"]},{"name":"uBlock Origin","description":"Akhirnya, pemblokir iklan yang efisien. Ringan penggunaan CPU dan memori.","creator":"All uBlock Origin contributors","developers":null,"translators":null,"contributors":null,"locales":["id"]},{"name":"uBlock Origin","description":"Най-накрая, ефективен блокер. Щадящ процесора и паметта.","creator":"All uBlock Origin contributors","developers":null,"translators":null,"contributors":null,"locales":["bg"]},{"name":"uBlock Origin","description":"অবশেষে, একটি কার্যকর বিজ্ঞাপন প্রতিরোধক। সিপিইউ এবং মেমরি সহায়ক।","creator":"All uBlock Origin contributors","developers":null,"translators":null,"contributors":null,"locales":["bn"]},{"name":"uBlock Origin","description":"Behingoz, blokeatzaile eraginkor bat. PUZ eta memorian arina.","creator":"All uBlock Origin contributors","developers":null,"translators":null,"contributors":null,"locales":["eu"]},{"name":"uBlock Origin","description":"Äntligen en effektiv blockerare. Snäll mot både processor och minne.","creator":"All uBlock Origin contributors","developers":null,"translators":null,"contributors":null,"locales":["sv"]},{"name":"uBlock Origin","description":"Konečně efektivní blokovač. Nezatěžuje CPU a paměť.","creator":"All uBlock Origin contributors","developers":null,"translators":null,"contributors":null,"locales":["cs"]},{"name":"uBlock Origin","description":"Végre egy hatékony reklám- és követésblokkoló böngészőkhöz, amely kíméletes a processzorral és a memóriával.","creator":"All uBlock Origin contributors","developers":null,"translators":null,"contributors":null,"locales":["hu"]},{"name":"uBlock Origin","description":"ಕೊನೆಗೂ, ಒಂದು ದಕ್ಷ ನಿರ್ಬಂಧಕ. ಮಿತವಾದ ಸಿಪಿಯೂ ಹಾಗು ಮೆಮೊರಿ ಬಳಕೆ.","creator":"All uBlock Origin contributors","developers":null,"translators":null,"contributors":null,"locales":["kn"]},{"name":"uBlock Origin","description":"Ефективний блокувальник реклами таки з’явився. Не навантажує процесор та пам'ять.","creator":"All uBlock Origin contributors","developers":null,"translators":null,"contributors":null,"locales":["uk"]},{"name":"uBlock Origin","description":"Finfine rendimenta reklamoblokilo. Afabla por ĉefprocesoro kaj memoro.","creator":"All uBlock Origin contributors","developers":null,"translators":null,"contributors":null,"locales":["eo"]},{"name":"uBlock Origin","description":"Cuối cùng, đã có một công cụ chặn quảng cáo hiệu quả, tiêu tốn ít CPU và bộ nhớ.","creator":"All uBlock Origin contributors","developers":null,"translators":null,"contributors":null,"locales":["vi"]},{"name":"uBlock Origin","description":"وأخيراً, مانع اعلانات كفوء. خفيف على المعالج و الذاكرة.","creator":"All uBlock Origin contributors","developers":null,"translators":null,"contributors":null,"locales":["ar"]},{"name":"uBlock Origin","description":"როგორც იქნა, მძლავრი და შედეგიანი რეკლამების შემზღუდავი. ზოგავს CPU-ს და მეხსიერებას.","creator":"All uBlock Origin contributors","developers":null,"translators":null,"contributors":null,"locales":["ka"]},{"name":"uBlock Origin","description":"이 부가 기능은 효율적인 차단기입니다. CPU와 메모리에 주는 부담이 적습니다.","creator":"All uBlock Origin contributors","developers":null,"translators":null,"contributors":null,"locales":["ko"]},{"name":"uBlock Origin","description":"Finalmente, un blocker efficiente. Leggero sulla CPU e sulla memoria.","creator":"All uBlock Origin contributors","developers":null,"translators":null,"contributors":null,"locales":["it"]},{"name":"uBlock Origin","description":"Endelig en effektiv blokkeringsutvidelse. Lavt CPU- og minnebruk.","creator":"All uBlock Origin contributors","developers":null,"translators":null,"contributors":null,"locales":["no"]},{"name":"uBlock Origin","description":"Më në fund, një bllokues efikas që nuk e rëndon procesorin dhe memorjen.","creator":"All uBlock Origin contributors","developers":null,"translators":null,"contributors":null,"locales":["sq"]},{"name":"uBlock Origin","description":"Pagaliau, efektyvus blokatorius, neapkraunantis nei procesoriaus, nei darbinės atminties.","creator":"All uBlock Origin contributors","developers":null,"translators":null,"contributors":null,"locales":["lt"]},{"name":"uBlock Origin","description":"आख़िरकार, क्रोमियम-बेस्ड ब्राउज़रों के लिए एक कुशल अवरोधक। CPU और स्मृति पर आसान।","creator":"All uBlock Origin contributors","developers":null,"translators":null,"contributors":null,"locales":["hi"]},{"name":"uBlock Origin","description":"இறுதியாக, ஒரு திறமையான விளம்பரத் தடுப்பான். கணினியின் மையச் செயற்பகுதியின் மேலும் நினைவகத்தின் மேலும் இலகுவானது.","creator":"All uBlock Origin contributors","developers":null,"translators":null,"contributors":null,"locales":["ta"]},{"name":"uBlock Origin","description":"Axır ki, işlək bloker. CPU və yaddaş yönümlü.","creator":"All uBlock Origin contributors","developers":null,"translators":null,"contributors":null,"locales":["az"]},{"name":"uBlock Origin","description":"มาแล้ว! โปรแกรมบล็อกโฆษณาเบาเบา ไม่กิน ซีพียู หรือ แรม","creator":"All uBlock Origin contributors","developers":null,"translators":null,"contributors":null,"locales":["th"]},{"name":"uBlock Origin","description":"Endlich ein effizienter Blocker. Prozessor-freundlich und bescheiden beim Speicherbedarf.","creator":"All uBlock Origin contributors","developers":null,"translators":null,"contributors":null,"locales":["de"]},{"name":"uBlock Origin","description":"शेवटी, एक कार्यक्षम ब्लॉकर क्रोमियम आधारित ब्राउझरांसाठी. सीपीयू आणि मेमरी वर सोपे जातो.","creator":"All uBlock Origin contributors","developers":null,"translators":null,"contributors":null,"locales":["mr"]},{"name":"uBlock Origin","description":"Endelig en effektiv blokkeringsutvidelse. Lavt CPU- og minnebruk.","creator":"All uBlock Origin contributors","developers":null,"translators":null,"contributors":null,"locales":["nb"]},{"name":"uBlock Origin","description":"Ó fin, un bloqueador eficiente que non chupa toda a memoria e o procesador.","creator":"All uBlock Origin contributors","developers":null,"translators":null,"contributors":null,"locales":["gl"]},{"name":"uBlock Origin","description":"Finalment, un blocador eficient que utilitza pocs recursos de memòria i processador.","creator":"All uBlock Origin contributors","developers":null,"translators":null,"contributors":null,"locales":["ca"]},{"name":"uBlock Origin","description":"Konečne efektívny blokovač, ktorý nezaťažuje CPU a pamäť.","creator":"All uBlock Origin contributors","developers":null,"translators":null,"contributors":null,"locales":["sk"]},{"name":"uBlock Origin","description":"Коначно, ефикасан блокатор. Ниски процесорски и меморијски захтеви.","creator":"All uBlock Origin contributors","developers":null,"translators":null,"contributors":null,"locales":["sr"]},{"name":"uBlock Origin","description":"Тинех Интернет тишкерӳҫӗ валли хӑвӑрт та витӗмлӗ чаркӑч пур.","creator":"All uBlock Origin contributors","developers":null,"translators":null,"contributors":null,"locales":["cv"]},{"name":"uBlock Origin","description":"അവസാനം, ഒരു കാര്യക്ഷമമായ ബ്ലോക്കര്‍. ലഘുവായ CPU, memory ഉപയോഗം.","creator":"All uBlock Origin contributors","developers":null,"translators":null,"contributors":null,"locales":["ml"]},{"name":"uBlock Origin","description":"بالاخره، یک بلاکر کارآمد. کم حجم بر روی پردازنده و حافظه.","creator":"All uBlock Origin contributors","developers":null,"translators":null,"contributors":null,"locales":["fa"]},{"name":"uBlock Origin","description":"Akhirnya, penyekat yang cekap. Tidak membebankan CPU dan memori.","creator":"All uBlock Origin contributors","developers":null,"translators":null,"contributors":null,"locales":["ms"]},{"name":"uBlock Origin","description":"一款高效的网络请求过滤工具，占用极低的内存和 CPU。","creator":"All uBlock Origin contributors","developers":null,"translators":null,"contributors":null,"locales":["zh-CN"]},{"name":"uBlock Origin","description":"Наконец-то, быстрый и эффективный блокировщик для браузеров.","creator":"All uBlock Origin contributors","developers":null,"translators":null,"contributors":null,"locales":["ru"]},{"name":"uBlock Origin","description":"Nareszcie skuteczny bloker charakteryzujący się niskim użyciem procesora i pamięci.","creator":"All uBlock Origin contributors","developers":null,"translators":null,"contributors":null,"locales":["pl"]},{"name":"uBlock Origin","description":"Končno, učinkovita, procesorju in pomnilniku prijazna razširitev za blokiranje oglasov.","creator":"All uBlock Origin contributors","developers":null,"translators":null,"contributors":null,"locales":["sl"]},{"name":"uBlock Origin","description":"Beidzot, efektīvs bloķētājs. Nepārslogo procesoru un atmiņu.","creator":"All uBlock Origin contributors","developers":null,"translators":null,"contributors":null,"locales":["lv"]},{"name":"uBlock Origin","description":"Sa wakas! Isang magaling na blocker para sa Chromium-based browsers. Magaan sa CPU at memory.","creator":"All uBlock Origin contributors","developers":null,"translators":null,"contributors":null,"locales":["fil"]},{"name":"uBlock Origin","description":"Konačno, efikasan blokator. Lak na CPU i memoriji.","creator":"All uBlock Origin contributors","developers":null,"translators":null,"contributors":null,"locales":["hr"]},{"name":"uBlock Origin","description":"Finally, an efficient blocker. Easy on CPU and memory.","creator":"All uBlock Origin contributors","developers":null,"translators":null,"contributors":null,"locales":["kk"]},{"name":"uBlock Origin","description":"Viimeinkin tehokas ja kevyt mainosten estäjä.","creator":"All uBlock Origin contributors","developers":null,"translators":null,"contributors":null,"locales":["fi"]},{"name":"uBlock Origin","description":"În sfârșit, un blocant eficient. Are un impact mic asupra procesorului și memoriei.","creator":"All uBlock Origin contributors","developers":null,"translators":null,"contributors":null,"locales":["ro"]},{"name":"uBlock Origin","description":"Επιτέλους, ένας αποτελεσματικός blocker. Ελαφρύς για τον επεξεργαστή και τη μνήμη.","creator":"All uBlock Origin contributors","developers":null,"translators":null,"contributors":null,"locales":["el"]},{"name":"uBlock Origin","description":"Por fin, un bloqueador eficiente con uso mínimo de procesador y memoria.","creator":"All uBlock Origin contributors","developers":null,"translators":null,"contributors":null,"locales":["es"]},{"name":"uBlock Origin","description":"Finalmente, um bloqueador eficiente. Com baixo uso de memória e CPU.","creator":"All uBlock Origin contributors","developers":null,"translators":null,"contributors":null,"locales":["pt-BR"]},{"name":"uBlock Origin","description":"終於出現了，一個高效率的阻擋器，使用不多的 CPU 及記憶體資源。","creator":"All uBlock Origin contributors","developers":null,"translators":null,"contributors":null,"locales":["zh-TW"]},{"name":"uBlock Origin","description":"סוף סוף, חוסם יעיל. קל על המעבד והזיכרון.","creator":"All uBlock Origin contributors","developers":null,"translators":null,"contributors":null,"locales":["he"]},{"name":"uBlock Origin","description":"Endelig en effektiv blocker. Lavt CPU- og hukommelsesforbrug.","creator":"All uBlock Origin contributors","developers":null,"translators":null,"contributors":null,"locales":["da"]},{"name":"uBlock Origin","description":"Sonunda, etkili bir engelleyici. İşlemciyi ve belleği yormaz.","creator":"All uBlock Origin contributors","developers":null,"translators":null,"contributors":null,"locales":["tr"]},{"name":"uBlock Origin","description":"Eindelijk, een efficiënte adblocker. Gebruikt weinig processorkracht en geheugen.","creator":"All uBlock Origin contributors","developers":null,"translators":null,"contributors":null,"locales":["nl"]}],"targetApplications":[{"id":"toolkit@mozilla.org","minVersion":"52.0","maxVersion":"*"}],"targetPlatforms":[],"signedState":2,"seen":true,"dependencies":[],"hasEmbeddedWebExtension":false,"userPermissions":{"permissions":["contextMenus","privacy","storage","tabs","webNavigation","webRequest","webRequestBlocking"],"origins":["<all_urls>","http://*/*","https://*/*","file://*/*"]},"icons":{"16":"img/ublock.svg","48":"img/ublock.svg","96":"img/ublock.svg"},"iconURL":null,"icon64URL":null,"blocklistState":0,"blocklistURL":null,"startupData":null,"location":"app-profile"},{"id":"uMatrix@raymondhill.net","syncGUID":"{58033b95-c7a7-4875-85ad-c8514d5b8ebe}","version":"1.3.14","type":"webextension","updateURL":null,"optionsURL":"dashboard.html","optionsType":3,"optionsBrowserStyle":true,"aboutURL":null,"defaultLocale":{"name":"uMatrix","description":"Point & click to forbid/allow any class of requests made by your browser. Use it to block scripts, iframes, ads, facebook, etc.","creator":"Raymond Hill","developers":null,"translators":null,"contributors":null},"visible":true,"active":true,"userDisabled":false,"appDisabled":false,"installDate":1539420008473,"updateDate":1539420010000,"applyBackgroundUpdates":1,"path":"C:\\Users\\bert\\AppData\\Roaming\\Mozilla\\Firefox\\Profiles\\y45msddr.default\\extensions\\uMatrix@raymondhill.net.xpi","skinnable":false,"sourceURI":null,"releaseNotesURI":null,"softDisabled":false,"foreignInstall":false,"strictCompatibility":true,"locales":[{"name":"uMatrix","description":"Point & click to forbid/allow any class of requests made by your browser. Use it to block scripts, iframes, ads, facebook, etc.","creator":"Raymond Hill","developers":null,"translators":null,"contributors":null,"locales":["en"]},{"name":"uMatrix","description":"マウス一つでどんな種類のリクエストでも拒否/許可することができます。スクリプト、Iframe、広告、Facebookなどをブロックします。","creator":"Raymond Hill","developers":null,"translators":null,"contributors":null,"locales":["ja"]},{"name":"uMatrix","description":"Suuna ja klõpsa, et keelata/lubada veebilehitseja kõiki päringud. Sellega saab keelata skripte, iframe-e, reklaame, facebook'i jne.","creator":"Raymond Hill","developers":null,"translators":null,"contributors":null,"locales":["et"]},{"name":"uMatrix","description":"Aponte & clique para proibir/permitir pedidos feitos pelo seu browser. Use-o para bloquear scripts, iframes, facebook, etc.","creator":"Raymond Hill","developers":null,"translators":null,"contributors":null,"locales":["pt-PT"]},{"name":"uMatrix","description":"Point & click to forbid/allow any class of requests made by your browser. Use it to block scripts, iframes, ads, facebook, etc.","creator":"Raymond Hill","developers":null,"translators":null,"contributors":null,"locales":["te"]},{"name":"uMatrix","description":"Pointez-et-cliquez pour interdire/autoriser toute sorte de requêtes effectuées par le navigateur à l'aide d'un tableau de données.","creator":"Raymond Hill","developers":null,"translators":null,"contributors":null,"locales":["fr"]},{"name":"uMatrix","description":"Tunjuk & klik untuk melarang/mengizinkan permintaan yang dibuat peramban anda. Gunakan untuk memblokir skrip, iframe, iklan, dll.","creator":"Raymond Hill","developers":null,"translators":null,"contributors":null,"locales":["id"]},{"name":"uMatrix","description":"Point & click to forbid/allow any class of requests made by your browser. Use it to block scripts, iframes, ads, facebook, etc.","creator":"Raymond Hill","developers":null,"translators":null,"contributors":null,"locales":["bg"]},{"name":"uMatrix","description":"আপনার ব্রাউজার দ্বারা করা যে কোন শ্রেণীর অনুরোধ অনুমতি/নিষেধ করতে পয়েন্ট ও ক্লিক করুন। স্ক্রিপ্ট, আইফ্রেম, বিজ্ঞাপন, ফেসবুক, ইত্যাদি ব্লক এটি ব্যবহার করুন।","creator":"Raymond Hill","developers":null,"translators":null,"contributors":null,"locales":["bn"]},{"name":"uMatrix","description":"Klicka runt för att förbjuda eller tillåta förfrågningsklasser din webbläsare skapat. Använd detta för att blockera skript, annonser, Facebook, med mera.","creator":"Raymond Hill","developers":null,"translators":null,"contributors":null,"locales":["sv"]},{"name":"uMatrix","description":"Umožňuje cíleně povolovat/blokovat spojení z vašeho prohlížeče pouhým kliknutím. Můžete jím blokovat skripty, reklamy, Facebook, …","creator":"Raymond Hill","developers":null,"translators":null,"contributors":null,"locales":["cs"]},{"name":"uMatrix","description":"Tiltsd le, vagy engedélyezd egy kattintással a böngésző által létrehozott lekéréseket csoportosítva – szkriptek, iframe-ek, stb.","creator":"Raymond Hill","developers":null,"translators":null,"contributors":null,"locales":["hu"]},{"name":"uMatrix","description":"Point & click to forbid/allow any class of requests made by your browser. Use it to block scripts, iframes, ads, facebook, etc.","creator":"Raymond Hill","developers":null,"translators":null,"contributors":null,"locales":["kn"]},{"name":"uMatrix","description":"Натисніть для блокування будь якого класу запитів. Використовуйте для блокування скриптів, банерів, соцмереж, тощо.","creator":"Raymond Hill","developers":null,"translators":null,"contributors":null,"locales":["uk"]},{"name":"uMatrix","description":"Point & click to forbid/allow any class of requests made by your browser. Use it to block scripts, iframes, ads, facebook, etc.","creator":"Raymond Hill","developers":null,"translators":null,"contributors":null,"locales":["eo"]},{"name":"uMatrix","description":"Point & click to forbid/allow any class of requests made by your browser. Use it to block scripts, iframes, ads, facebook, etc.","creator":"Raymond Hill","developers":null,"translators":null,"contributors":null,"locales":["sw"]},{"name":"uMatrix","description":"Chỉ cần click để chặn/cho phép mọi loại yêu cầu của trình duyệt. Dùng để chặn script, iframe, quảng cáo, facebook,...","creator":"Raymond Hill","developers":null,"translators":null,"contributors":null,"locales":["vi"]},{"name":"uMatrix","description":"قم بالاشارة ثم انقر لكي تقوم بسماح او منع اي اتصال يجري عن طريق المتصفح. يمكنك منع السكربتات، أطر، اعلانات، موقع مثل الفيسبوك، الخ.","creator":"Raymond Hill","developers":null,"translators":null,"contributors":null,"locales":["ar"]},{"name":"uMatrix","description":"클릭 한번으로 모든 종류의 요청에 대한 거부 / 허용을 설정 할 수 있습니다. 스크립트, Iframe, 광고, Facebook 등을 차단합니다.","creator":"Raymond Hill","developers":null,"translators":null,"contributors":null,"locales":["ko"]},{"name":"uMatrix","description":"Punta & clicca per bloccare/consentire qualunque categoria di richieste fatte dal browser.","creator":"Raymond Hill","developers":null,"translators":null,"contributors":null,"locales":["it"]},{"name":"uMatrix","description":"Point & click to forbid/allow any class of requests made by your browser. Use it to block scripts, iframes, ads, facebook, etc.","creator":"Raymond Hill","developers":null,"translators":null,"contributors":null,"locales":["lt"]},{"name":"uMatrix","description":"Point & click to forbid/allow any class of requests made by your browser. Use it to block scripts, iframes, ads, facebook, etc.","creator":"Raymond Hill","developers":null,"translators":null,"contributors":null,"locales":["hi"]},{"name":"uMatrix","description":"Point & click to forbid/allow any class of requests made by your browser. Use it to block scripts, iframes, ads, facebook, etc.","creator":"Raymond Hill","developers":null,"translators":null,"contributors":null,"locales":["ta"]},{"name":"uMatrix","description":"Point & click to forbid/allow any class of requests made by your browser. Use it to block scripts, iframes, ads, facebook, etc.","creator":"Raymond Hill","developers":null,"translators":null,"contributors":null,"locales":["th"]},{"name":"uMatrix","description":"Kontrolliere alle Anfragen deines Browsers durch einfaches Point&Click. Blockiere damit Skripte, IFrames, Werbung, Facebook usw.","creator":"Raymond Hill","developers":null,"translators":null,"contributors":null,"locales":["de"]},{"name":"uMatrix","description":"Point & click to forbid/allow any class of requests made by your browser. Use it to block scripts, iframes, ads, facebook, etc.","creator":"Raymond Hill","developers":null,"translators":null,"contributors":null,"locales":["mr"]},{"name":"uMatrix","description":"Pek og klikk for å forby/tillate enhver forespørselsklasse fra nettleseren din. Bruk det til å blokkere skript, iframe-rammer, reklame, Facebook, osv.","creator":"Raymond Hill","developers":null,"translators":null,"contributors":null,"locales":["nb"]},{"name":"uMatrix","description":"Point & click to forbid/allow any class of requests made by your browser. Use it to block scripts, iframes, ads, facebook, etc.","creator":"Raymond Hill","developers":null,"translators":null,"contributors":null,"locales":["ca"]},{"name":"uMatrix","description":"Point & click to forbid/allow any class of requests made by your browser. Use it to block scripts, iframes, ads, facebook, etc.","creator":"Raymond Hill","developers":null,"translators":null,"contributors":null,"locales":["sk"]},{"name":"uMatrix","description":"Забраните или дозволите било коју врсту захтева од стране прегледача. Корисно за блокирање скрипти, реклама, друштвених мрежа и др.","creator":"Raymond Hill","developers":null,"translators":null,"contributors":null,"locales":["sr"]},{"name":"uMatrix","description":"Point & click to forbid/allow any class of requests made by your browser. Use it to block scripts, iframes, ads, facebook, etc.","creator":"Raymond Hill","developers":null,"translators":null,"contributors":null,"locales":["am"]},{"name":"uMatrix","description":"اشاره و کلیک کنید تا هر کلاسی از درخواست‌هایی که توسط مرورگر ایجاد می‌شوند را منع کنید یا اجازه دهید. برای سد راه کردن اسکریپت‌ها، iframeها، تبلیغات، فیس‌بوک و غیره از آن استفاده کنید.","creator":"Raymond Hill","developers":null,"translators":null,"contributors":null,"locales":["fa"]},{"name":"uMatrix","description":"Point & click to forbid/allow any class of requests made by your browser. Use it to block scripts, iframes, ads, facebook, etc.","creator":"Raymond Hill","developers":null,"translators":null,"contributors":null,"locales":["ml"]},{"name":"uMatrix","description":"Point & click to forbid/allow any class of requests made by your browser. Use it to block scripts, iframes, ads, facebook, etc.","creator":"Raymond Hill","developers":null,"translators":null,"contributors":null,"locales":["ms"]},{"name":"uMatrix","description":"通过点击开关达到控制浏览器中的各种网页请求。借此拦截网页脚本、嵌套页面、媒体广告、社交网站追踪等行为。","creator":"Raymond Hill","developers":null,"translators":null,"contributors":null,"locales":["zh-CN"]},{"name":"uMatrix","description":"Интерактивный блокировщик любых типов запросов браузера. Позволяет запретить загрузку скриптов, фреймов, плагинов, рекламы и пр.","creator":"Raymond Hill","developers":null,"translators":null,"contributors":null,"locales":["ru"]},{"name":"uMatrix","description":"Kliknij by za/odblokować jakikolwiek połączenia wykonywane przez przeglądarkę. Blokuj skrypty, ramki, reklamy, fecebooka itp.","creator":"Raymond Hill","developers":null,"translators":null,"contributors":null,"locales":["pl"]},{"name":"uMatrix","description":"Point & click to forbid/allow any class of requests made by your browser. Use it to block scripts, iframes, ads, facebook, etc.","creator":"Raymond Hill","developers":null,"translators":null,"contributors":null,"locales":["sl"]},{"name":"uMatrix","description":"Point & click to forbid/allow any class of requests made by your browser. Use it to block scripts, iframes, ads, facebook, etc.","creator":"Raymond Hill","developers":null,"translators":null,"contributors":null,"locales":["lv"]},{"name":"uMatrix","description":"Ituro at i-click ang pagbawalan / pahintulutan ang anumang uri ng mga kahilingan na ginawa ng iyong browser. Gamitin ito upang i-block ang mga script, iframe, ad, facebook, atbp.","creator":"Raymond Hill","developers":null,"translators":null,"contributors":null,"locales":["fil"]},{"name":"uMatrix","description":"Point & click to forbid/allow any class of requests made by your browser. Use it to block scripts, iframes, ads, facebook, etc.","creator":"Raymond Hill","developers":null,"translators":null,"contributors":null,"locales":["hr"]},{"name":"uMatrix","description":"Osoita & klikkaa estääksesi/salliaksesi mitä tahansa selaimesi tekemiä luokan pyyntöjä. Käytä sitä komentosarjojen, iframesin, mainosten, facebookin -estämiseen jne.","creator":"Raymond Hill","developers":null,"translators":null,"contributors":null,"locales":["fi"]},{"name":"uMatrix","description":"Point & click to forbid/allow any class of requests made by your browser. Use it to block scripts, iframes, ads, facebook, etc.","creator":"Raymond Hill","developers":null,"translators":null,"contributors":null,"locales":["ro"]},{"name":"uMatrix","description":"Point & click to forbid/allow any class of requests made by your browser. Use it to block scripts, iframes, ads, facebook, etc.","creator":"Raymond Hill","developers":null,"translators":null,"contributors":null,"locales":["gu"]},{"name":"uMatrix","description":"Point & click to forbid/allow any class of requests made by your browser. Use it to block scripts, iframes, ads, facebook, etc.","creator":"Raymond Hill","developers":null,"translators":null,"contributors":null,"locales":["el"]},{"name":"uMatrix","description":"Prohíbe/permite cualquier petición del navegador. Bloquea scripts, iframes, anuncios, facebook, etc.","creator":"Raymond Hill","developers":null,"translators":null,"contributors":null,"locales":["es"]},{"name":"uMatrix","description":"Apontar & clicar para proibir/permitir quaisquer pedidos feitos pelo seu navegador. Bloqueia scripts, iframes, anúncios, facebook, etc.","creator":"Raymond Hill","developers":null,"translators":null,"contributors":null,"locales":["pt-BR"]},{"name":"uMatrix","description":"通過點選開關達到控制瀏覽器中的各種網頁請求。藉此阻擋網頁指令、嵌套頁面、媒體廣告、社交網站追踪等行爲。","creator":"Raymond Hill","developers":null,"translators":null,"contributors":null,"locales":["zh-TW"]},{"name":"uMatrix","description":"כוון & לחץ על מנת לחסום/להרשות כל סוג של בקשות שיצאו מהדפדפן שלך. השתמש בזה על מנת לחסום סקריפטים, מסגרות, פרסומות, פייסבוק, וכו'.","creator":"Raymond Hill","developers":null,"translators":null,"contributors":null,"locales":["he"]},{"name":"uMatrix","description":"Peg og klik for at forbyde/tillade bestemte former for anmodninger. Brug det til at blokere scripts, iframes, annoncer, Facebook, etc.","creator":"Raymond Hill","developers":null,"translators":null,"contributors":null,"locales":["da"]},{"name":"uMatrix","description":"İşaret edip tıklayarak tarayıcının yaptığı herhangi bir istek sınıfı yasaklanabilir veya buna izin verilebilir.","creator":"Raymond Hill","developers":null,"translators":null,"contributors":null,"locales":["tr"]},{"name":"uMatrix","description":"Beslis zelf welke aanvragen door uw browser mogen worden gedaan. Blokkeer scripts, iframes, advertenties, Facebook en meer.","creator":"Raymond Hill","developers":null,"translators":null,"contributors":null,"locales":["nl"]}],"targetApplications":[{"id":"toolkit@mozilla.org","minVersion":"56.0a1","maxVersion":"*"}],"targetPlatforms":[],"signedState":2,"seen":true,"dependencies":[],"hasEmbeddedWebExtension":false,"userPermissions":{"permissions":["browsingData","cookies","privacy","storage","tabs","webNavigation","webRequest","webRequestBlocking"],"origins":["<all_urls>","http://*/*","https://*/*"]},"icons":{"16":"img/icon_16.png","128":"img/icon_128.png"},"iconURL":null,"icon64URL":null,"blocklistState":0,"blocklistURL":null,"startupData":null,"location":"app-profile"},{"id":"{c607c8df-14a7-4f28-894f-29e8722976af}","syncGUID":"{fab8d98d-2c73-4175-8713-5d2c257caf71}","version":"0.90","type":"webextension","updateURL":null,"optionsURL":"ui/options.html","optionsType":3,"optionsBrowserStyle":true,"aboutURL":null,"defaultLocale":{"name":"Temporary Containers","description":"Open tabs, websites, and links in automatically managed disposable containers. Containers isolate the data websites store (cookies, cache, and more) from each other, further enhancing your privacy while you browse.","creator":null,"homepageURL":"https://github.com/stoically/temporary-containers","developers":null,"translators":null,"contributors":null},"visible":true,"active":true,"userDisabled":false,"appDisabled":false,"installDate":1539420257923,"updateDate":1539420258000,"applyBackgroundUpdates":1,"path":"C:\\Users\\bert\\AppData\\Roaming\\Mozilla\\Firefox\\Profiles\\y45msddr.default\\extensions\\{c607c8df-14a7-4f28-894f-29e8722976af}.xpi","skinnable":false,"sourceURI":null,"releaseNotesURI":null,"softDisabled":false,"foreignInstall":false,"strictCompatibility":true,"locales":[],"targetApplications":[{"id":"toolkit@mozilla.org","minVersion":"57.0","maxVersion":"*"}],"targetPlatforms":[],"signedState":2,"seen":true,"dependencies":[],"hasEmbeddedWebExtension":false,"userPermissions":{"permissions":["contextMenus","contextualIdentities","cookies","management","storage","tabs","webRequest","webRequestBlocking"],"origins":["<all_urls>"]},"icons":{"48":"icons/tmpcontainer-48.png"},"iconURL":null,"icon64URL":null,"blocklistState":0,"blocklistURL":null,"startupData":null,"location":"app-profile"},{"id":"CanvasBlocker@kkapsner.de","syncGUID":"{df1937fb-1b08-43e9-b361-2af9e57b6b95}","version":"0.5.5","type":"webextension","updateURL":null,"optionsURL":"options/options.html","optionsType":5,"optionsBrowserStyle":true,"aboutURL":null,"defaultLocale":{"name":"CanvasBlocker","description":"Alters some JS APIs to prevent fingerprinting.","creator":"Korbinian Kapsner","developers":null,"translators":null,"contributors":null},"visible":true,"active":true,"userDisabled":false,"appDisabled":false,"installDate":1539419628194,"updateDate":1539451606944,"applyBackgroundUpdates":1,"path":"C:\\Users\\bert\\AppData\\Roaming\\Mozilla\\Firefox\\Profiles\\y45msddr.default\\extensions\\CanvasBlocker@kkapsner.de.xpi","skinnable":false,"sourceURI":"https://addons.cdn.mozilla.net/user-media/addons/534930/canvasblocker-0.5.5-an+fx.xpi?filehash=sha256%3A773dd31a545422b538ff04fa5589e99a23bc21037492c2fca222b263b21a9684","releaseNotesURI":"https://addons.mozilla.org/versions/updateInfo/2563697/en-US/","softDisabled":false,"foreignInstall":false,"strictCompatibility":true,"locales":[{"name":"CanvasBlocker","description":"Alters some JS APIs to prevent fingerprinting.","creator":"Korbinian Kapsner","developers":null,"translators":null,"contributors":null,"locales":["en"]},{"name":"CanvasBlocker","description":"Change l’interface de programmation applicative JavaScript en maquillant les données <canva> pour empêcher le pistage par son intermédiaire.","creator":"Korbinian Kapsner","developers":null,"translators":null,"contributors":null,"locales":["fr"]},{"name":"CanvasBlocker","description":"Gestisce le JS-API modificando i <canvas> per prevenire il Canvas-Fingerprinting.","creator":"Korbinian Kapsner","developers":null,"translators":null,"contributors":null,"locales":["it"]},{"name":"CanvasBlocker","description":"改变修改 <canvas> 的 JS-API 来预防画布（Canvas）指纹跟踪。","creator":"Korbinian Kapsner","developers":null,"translators":null,"contributors":null,"locales":["zh-CN"]},{"name":"CanvasBlocker","description":"Verändert einige JS-APIs um Fingerprinting zu verhindern.","creator":"Korbinian Kapsner","developers":null,"translators":null,"contributors":null,"locales":["de"]},{"name":"CanvasBlocker","description":"Altera algunas API de JS para evitar la huella digital.","creator":"Korbinian Kapsner","developers":null,"translators":null,"contributors":null,"locales":["es"]}],"targetApplications":[{"id":"toolkit@mozilla.org","minVersion":"52.0","maxVersion":null}],"targetPlatforms":[],"signedState":2,"seen":true,"dependencies":[],"hasEmbeddedWebExtension":false,"userPermissions":{"permissions":["storage","tabs","activeTab","webRequest","webRequestBlocking"],"origins":["<all_urls>"]},"icons":{"48":"icons/icon.svg","96":"icons/icon.svg"},"iconURL":null,"icon64URL":null,"blocklistState":0,"blocklistURL":null,"startupData":null,"location":"app-profile"}]}