{"chrome://browser/content/browser.xul":{"main-window":{"screenX":"4","screenY":"4","width":"1612","height":"981","sizemode":"normal"},"toolbar-menubar":{"currentset":"menubar-items"},"TabsToolbar":{"currentset":"tabbrowser-tabs,new-tab-button,alltabs-button,_c607c8df-14a7-4f28-894f-29e8722976af_-browser-action"},"nav-bar":{"currentset":"back-button,forward-button,urlbar-container,downloads-button,_88664789-f91e-40e1-adb9-e4e9a8c48867_-browser-action,ublock0_raymondhill_net-browser-action"},"PersonalToolbar":{"currentset":"personal-bookmarks"},"sidebar-title":{"value":"uMatrix — Logger"},"sidebar-box":{"sidebarcommand":"umatrix_raymondhill_net-sidebar-action"}},"about:config":{"prefCol":{"ordinal":"1"},"lockCol":{"ordinal":"3","sortDirection":"ascending"},"typeCol":{"ordinal":"5"},"valueCol":{"ordinal":"7"}},"chrome://browser/content/sanitize.xul":{"detailsExpander":{"class":"expander-up"},"itemList":{"collapsed":"false"}}}