{"version":2,"prefs":{"network.networkPredictionEnabled":{"initialValue":{"network.predictor.enabled":false,"network.prefetch-next":false,"network.http.speculative-parallel-limit":0,"network.dns.disablePrefetch":true},"precedenceList":[{"id":"uMatrix@raymondhill.net","installDate":1554485154484,"value":false,"enabled":true},{"id":"uBlock0@raymondhill.net","installDate":1554485132436,"value":false,"enabled":true},{"id":"jid1-BoFifL9Vbdl2zQ@jetpack","installDate":1554484182206,"value":false,"enabled":true}]},"privacy.containers":{"initialValue":{"privacy.userContext.enabled":true,"privacy.userContext.longPressBehavior":2,"privacy.userContext.ui.enabled":true,"privacy.usercontext.about_newtab_segregation.enabled":true,"privacy.userContext.extension":""},"precedenceList":[{"id":"{c607c8df-14a7-4f28-894f-29e8722976af}","installDate":1554484870697,"value":"{c607c8df-14a7-4f28-894f-29e8722976af}","enabled":true},{"id":"{bb682c45-3136-4213-bf29-5f5833080bf4}","installDate":1554484217376,"value":"{bb682c45-3136-4213-bf29-5f5833080bf4}","enabled":true}]},"websites.hyperlinkAuditingEnabled":{"initialValue":{"browser.send_pings":false},"precedenceList":[{"id":"uBlock0@raymondhill.net","installDate":1554485132436,"value":false,"enabled":true}]},"network.webRTCIPHandlingPolicy":{"initialValue":{"media.peerconnection.ice.default_address_only":true,"media.peerconnection.ice.no_host":true,"media.peerconnection.ice.proxy_only":false},"precedenceList":[{"id":"uBlock0@raymondhill.net","installDate":1554485132436,"value":"default_public_interface_only","enabled":true}]}},"url_overrides":{},"default_search":{},"commands":{},"tabHideNotification":{}}