{"app-profile":{"addons":{"CanvasBlocker@kkapsner.de":{"dependencies":[],"enabled":true,"lastModifiedTime":1596304200000,"loader":null,"path":"CanvasBlocker@kkapsner.de.xpi","rootURI":"jar:file:///%appdata%/Mozilla/Firefox/Profiles/nfwby2o1.default-release/extensions/CanvasBlocker@kkapsner.de.xpi!/","runInSafeMode":false,"signedState":2,"signedDate":1591523412000,"telemetryKey":"CanvasBlocker%40kkapsner.de:1.3","version":"1.3","startupData":{"persistentListeners":{}}},"{7fc8ef53-24ec-4205-87a4-1e745953bb0d}":{"dependencies":[],"enabled":true,"lastModifiedTime":1596304264000,"loader":null,"path":"{7fc8ef53-24ec-4205-87a4-1e745953bb0d}.xpi","rootURI":"jar:file:///%appdata%/Mozilla/Firefox/Profiles/nfwby2o1.default-release/extensions/%7B7fc8ef53-24ec-4205-87a4-1e745953bb0d%7D.xpi!/","runInSafeMode":false,"signedState":2,"signedDate":1556300000000,"telemetryKey":"%7B7fc8ef53-24ec-4205-87a4-1e745953bb0d%7D:1.0.17","version":"1.0.17"},"etag-stoppa@cm.org":{"dependencies":[],"enabled":true,"lastModifiedTime":1596304270000,"loader":null,"path":"etag-stoppa@cm.org.xpi","rootURI":"jar:file:///%appdata%/Mozilla/Firefox/Profiles/nfwby2o1.default-release/extensions/etag-stoppa@cm.org.xpi!/","runInSafeMode":false,"signedState":2,"signedDate":1545768906000,"telemetryKey":"etag-stoppa%40cm.org:0.4","version":"0.4","startupData":{"persistentListeners":{"webRequest":{"onHeadersReceived":[[{"incognito":null,"tabId":null,"types":null,"urls":["<all_urls>"],"windowId":null},["blocking","responseHeaders"]]]}}}},"httpz@cm.org":{"dependencies":[],"enabled":true,"lastModifiedTime":1596304278000,"loader":null,"path":"httpz@cm.org.xpi","rootURI":"jar:file:///%appdata%/Mozilla/Firefox/Profiles/nfwby2o1.default-release/extensions/httpz@cm.org.xpi!/","runInSafeMode":false,"signedState":2,"signedDate":1576063224000,"telemetryKey":"httpz%40cm.org:0.12.0","version":"0.12.0","startupData":{"persistentListeners":{"webRequest":{"onBeforeRequest":[[{"incognito":null,"tabId":null,"types":["main_frame"],"urls":["http://*/*"],"windowId":null},["blocking"]]],"onHeadersReceived":[[{"incognito":null,"tabId":null,"types":["main_frame"],"urls":["https://*/*"],"windowId":null},["blocking","responseHeaders"]]],"onBeforeRedirect":[[{"incognito":null,"tabId":null,"types":["main_frame"],"urls":["https://*/*"],"windowId":null},null]],"onResponseStarted":[[{"incognito":null,"tabId":null,"types":["main_frame"],"urls":["https://*/*"],"windowId":null},null]],"onCompleted":[[{"incognito":null,"tabId":null,"types":["main_frame"],"urls":["https://*/*"],"windowId":null},null]],"onErrorOccurred":[[{"incognito":null,"tabId":null,"types":["main_frame"],"urls":["https://*/*"],"windowId":null}],[{"incognito":null,"tabId":null,"types":["main_frame"],"urls":["http://*/*"],"windowId":null}]]}}}},"{b86e4813-687a-43e6-ab65-0bde4ab75758}":{"dependencies":[],"enabled":true,"lastModifiedTime":1597053253683,"loader":null,"path":"{b86e4813-687a-43e6-ab65-0bde4ab75758}.xpi","rootURI":"jar:file:///%appdata%/Mozilla/Firefox/Profiles/nfwby2o1.default-release/extensions/%7Bb86e4813-687a-43e6-ab65-0bde4ab75758%7D.xpi!/","runInSafeMode":false,"signedState":2,"signedDate":1596357919000,"telemetryKey":"%7Bb86e4813-687a-43e6-ab65-0bde4ab75758%7D:2.2.17","version":"2.2.17","startupData":{"persistentListeners":{"webRequest":{"onBeforeRequest":[[{"incognito":null,"tabId":null,"types":["main_frame"],"urls":["*://*/*"],"windowId":null},["blocking"]],[{"incognito":null,"tabId":1,"types":null,"urls":["*://ajax.googleapis.com/*","*://ajax.aspnetcdn.com/*","*://ajax.microsoft.com/*","*://cdnjs.cloudflare.com/*","*://code.jquery.com/*","*://cdn.jsdelivr.net/*","*://fonts.googleapis.com/*","*://yastatic.net/*","*://yandex.st/*","*://apps.bdimg.com/*","*://libs.baidu.com/*","*://cdn.staticfile.org/*","*://cdn.bootcss.com/*","*://mat1.gtimg.com/*","*://lib.baomitu.com/*","*://lib.sinaapp.com/*","*://upcdn.b0.upaiyun.com/*","*://stackpath.bootstrapcdn.com/*","*://maxcdn.bootstrapcdn.com/*","*://netdna.bootstrapcdn.com/*","*://use.fontawesome.com/*","*://ajax.cloudflare.com/*","*://akamai-webcdn.kgstatic.net/*","*://sdn.geekzu.org/*","*://ajax.proxy.ustclug.org/*","*://unpkg.com/*","*://pagecdn.io/*"],"windowId":null},["blocking"]],[{"incognito":null,"tabId":2,"types":null,"urls":["*://ajax.googleapis.com/*","*://ajax.aspnetcdn.com/*","*://ajax.microsoft.com/*","*://cdnjs.cloudflare.com/*","*://code.jquery.com/*","*://cdn.jsdelivr.net/*","*://fonts.googleapis.com/*","*://yastatic.net/*","*://yandex.st/*","*://apps.bdimg.com/*","*://libs.baidu.com/*","*://cdn.staticfile.org/*","*://cdn.bootcss.com/*","*://mat1.gtimg.com/*","*://lib.baomitu.com/*","*://lib.sinaapp.com/*","*://upcdn.b0.upaiyun.com/*","*://stackpath.bootstrapcdn.com/*","*://maxcdn.bootstrapcdn.com/*","*://netdna.bootstrapcdn.com/*","*://use.fontawesome.com/*","*://ajax.cloudflare.com/*","*://akamai-webcdn.kgstatic.net/*","*://sdn.geekzu.org/*","*://ajax.proxy.ustclug.org/*","*://unpkg.com/*","*://pagecdn.io/*"],"windowId":null},["blocking"]]],"onErrorOccurred":[[{"incognito":null,"tabId":null,"types":null,"urls":["*://*/*"],"windowId":null}]],"onBeforeRedirect":[[{"incognito":null,"tabId":null,"types":null,"urls":["*://*/*"],"windowId":null},null]],"onHeadersReceived":[[{"incognito":null,"tabId":null,"types":["main_frame"],"urls":["*://*/*"],"windowId":null},["blocking","responseHeaders"]]],"onBeforeSendHeaders":[[{"incognito":null,"tabId":null,"types":null,"urls":["*://ajax.googleapis.com/*","*://ajax.aspnetcdn.com/*","*://ajax.microsoft.com/*","*://cdnjs.cloudflare.com/*","*://code.jquery.com/*","*://cdn.jsdelivr.net/*","*://fonts.googleapis.com/*","*://yastatic.net/*","*://yandex.st/*","*://apps.bdimg.com/*","*://libs.baidu.com/*","*://cdn.staticfile.org/*","*://cdn.bootcss.com/*","*://mat1.gtimg.com/*","*://lib.baomitu.com/*","*://lib.sinaapp.com/*","*://upcdn.b0.upaiyun.com/*","*://stackpath.bootstrapcdn.com/*","*://maxcdn.bootstrapcdn.com/*","*://netdna.bootstrapcdn.com/*","*://use.fontawesome.com/*","*://ajax.cloudflare.com/*","*://akamai-webcdn.kgstatic.net/*","*://sdn.geekzu.org/*","*://ajax.proxy.ustclug.org/*","*://unpkg.com/*","*://pagecdn.io/*"],"windowId":null},["blocking","requestHeaders"]]]}}}},"neaturl@hugsmile.eu":{"dependencies":[],"enabled":true,"lastModifiedTime":1596304296000,"loader":null,"path":"neaturl@hugsmile.eu.xpi","rootURI":"jar:file:///%appdata%/Mozilla/Firefox/Profiles/nfwby2o1.default-release/extensions/neaturl@hugsmile.eu.xpi!/","runInSafeMode":false,"signedState":2,"signedDate":1587929709000,"telemetryKey":"neaturl%40hugsmile.eu:5.0.0","version":"5.0.0","startupData":{"persistentListeners":{"webRequest":{"onBeforeRequest":[[{"incognito":null,"tabId":null,"types":["font","image","imageset","main_frame","media","object","object_subrequest","script","stylesheet","sub_frame","websocket","xml_dtd","xmlhttprequest","xslt","other"],"urls":["<all_urls>"],"windowId":null},["blocking"]]]}}}},"poop@cm.org":{"dependencies":[],"enabled":true,"lastModifiedTime":1596304316000,"loader":null,"path":"poop@cm.org.xpi","rootURI":"jar:file:///%appdata%/Mozilla/Firefox/Profiles/nfwby2o1.default-release/extensions/poop@cm.org.xpi!/","runInSafeMode":false,"signedState":2,"signedDate":1548358807000,"telemetryKey":"poop%40cm.org:1.4.2","version":"1.4.2","startupData":{"persistentListeners":{"webRequest":{"onBeforeSendHeaders":[[{"incognito":null,"tabId":null,"types":null,"urls":["<all_urls>"],"windowId":null},["blocking","requestHeaders"]]],"onHeadersReceived":[[{"incognito":null,"tabId":null,"types":null,"urls":["<all_urls>"],"windowId":null},["blocking","responseHeaders"]]],"onCompleted":[[{"incognito":null,"tabId":null,"types":null,"urls":["<all_urls>"],"windowId":null},null]],"onErrorOccurred":[[{"incognito":null,"tabId":null,"types":null,"urls":["<all_urls>"],"windowId":null}]],"onBeforeRedirect":[[{"incognito":null,"tabId":null,"types":null,"urls":["<all_urls>"],"windowId":null},null]]}}}},"{569456be-2850-4f7e-b669-71e55140ee0a}":{"dependencies":[],"enabled":true,"lastModifiedTime":1596304602000,"loader":null,"path":"{569456be-2850-4f7e-b669-71e55140ee0a}.xpi","rootURI":"jar:file:///%appdata%/Mozilla/Firefox/Profiles/nfwby2o1.default-release/extensions/%7B569456be-2850-4f7e-b669-71e55140ee0a%7D.xpi!/","runInSafeMode":false,"signedState":2,"signedDate":1586471411000,"telemetryKey":"%7B569456be-2850-4f7e-b669-71e55140ee0a%7D:2.1.0","version":"2.1.0","startupData":{"persistentListeners":{"webRequest":{"onBeforeRequest":[[{"incognito":null,"tabId":null,"types":null,"urls":["https://www.bing.com/amp/*","https://www.google.com/amp/*"],"windowId":null},["blocking"]],[{"incognito":null,"tabId":null,"types":null,"urls":["https://cdn.ampproject.org/c/*","https://*.cdn.ampproject.org/c/*","https://bing-amp.com/c/*","https://*.bing-amp.com/c/*"],"windowId":null},["blocking"]],[{"incognito":null,"tabId":null,"types":null,"urls":["*://t.co/*?amp=1"],"windowId":null},["blocking"]]]}}}},"skipredirect@sblask":{"dependencies":[],"enabled":true,"lastModifiedTime":1596304610000,"loader":null,"path":"skipredirect@sblask.xpi","rootURI":"jar:file:///%appdata%/Mozilla/Firefox/Profiles/nfwby2o1.default-release/extensions/skipredirect@sblask.xpi!/","runInSafeMode":false,"signedState":2,"signedDate":1573828215000,"telemetryKey":"skipredirect%40sblask:2.2.3","version":"2.2.3","startupData":{"persistentListeners":{"webRequest":{"onBeforeRequest":[[{"incognito":null,"tabId":null,"types":["main_frame"],"urls":["<all_urls>"],"windowId":null},["blocking"]]]}}}},"smart-referer@meh.paranoid.pk":{"dependencies":[],"enabled":true,"lastModifiedTime":1596304616000,"loader":null,"path":"smart-referer@meh.paranoid.pk.xpi","rootURI":"jar:file:///%appdata%/Mozilla/Firefox/Profiles/nfwby2o1.default-release/extensions/smart-referer@meh.paranoid.pk.xpi!/","runInSafeMode":false,"signedState":2,"signedDate":1576670110000,"telemetryKey":"smart-referer%40meh.paranoid.pk:0.2.15","version":"0.2.15","startupData":{"persistentListeners":{"webRequest":{"onBeforeSendHeaders":[[{"incognito":null,"tabId":null,"types":null,"urls":["<all_urls>"],"windowId":null},["blocking","requestHeaders"]]]}}}},"{c607c8df-14a7-4f28-894f-29e8722976af}":{"dependencies":[],"enabled":true,"lastModifiedTime":1597053253038,"loader":null,"path":"{c607c8df-14a7-4f28-894f-29e8722976af}.xpi","rootURI":"jar:file:///%appdata%/Mozilla/Firefox/Profiles/nfwby2o1.default-release/extensions/%7Bc607c8df-14a7-4f28-894f-29e8722976af%7D.xpi!/","runInSafeMode":false,"signedState":2,"signedDate":1596697215000,"telemetryKey":"%7Bc607c8df-14a7-4f28-894f-29e8722976af%7D:1.9","version":"1.9","startupData":{"persistentListeners":{"webRequest":{"onBeforeRequest":[[{"incognito":null,"tabId":null,"types":["main_frame"],"urls":["<all_urls>"],"windowId":null},["blocking"]]],"onBeforeSendHeaders":[[{"incognito":null,"tabId":null,"types":["main_frame"],"urls":["<all_urls>"],"windowId":null},["blocking","requestHeaders"]]],"onCompleted":[[{"incognito":null,"tabId":null,"types":["script","font","image","imageset","stylesheet"],"urls":["<all_urls>"],"windowId":null},["responseHeaders"]],[{"incognito":null,"tabId":null,"types":["main_frame"],"urls":["<all_urls>"],"windowId":null},null]],"onErrorOccurred":[[{"incognito":null,"tabId":null,"types":["main_frame"],"urls":["<all_urls>"],"windowId":null}]]}}}},"uBlock0@raymondhill.net":{"dependencies":[],"enabled":true,"lastModifiedTime":1596304668000,"loader":null,"path":"uBlock0@raymondhill.net.xpi","rootURI":"jar:file:///%appdata%/Mozilla/Firefox/Profiles/nfwby2o1.default-release/extensions/uBlock0@raymondhill.net.xpi!/","runInSafeMode":false,"signedState":2,"signedDate":1595406038000,"telemetryKey":"uBlock0%40raymondhill.net:1.28.4","version":"1.28.4","startupData":{"persistentListeners":{"webRequest":{"onBeforeRequest":[[{"incognito":null,"tabId":null,"types":null,"urls":["moz-extension://ccf32301-68f6-4008-a902-4a8fd9511a83/web_accessible_resources/*"],"windowId":null},["blocking"]],[{"incognito":null,"tabId":null,"types":null,"urls":["http://*/*","https://*/*","ws://*/*","wss://*/*"],"windowId":null},["blocking"]],[{"incognito":null,"tabId":null,"types":["csp_report"],"urls":["http://*/*","https://*/*"],"windowId":null},["blocking","requestBody"]]],"onHeadersReceived":[[{"incognito":null,"tabId":null,"types":["main_frame","sub_frame","object","image","imageset","media","xmlhttprequest"],"urls":["http://*/*","https://*/*"],"windowId":null},["blocking","responseHeaders"]]]}}}},"{1cbcb826-509e-4073-afbc-0d0fedb54d7b}":{"dependencies":[],"enabled":true,"lastModifiedTime":1597053252979,"loader":null,"path":"{1cbcb826-509e-4073-afbc-0d0fedb54d7b}.xpi","rootURI":"jar:file:///%appdata%/Mozilla/Firefox/Profiles/nfwby2o1.default-release/extensions/%7B1cbcb826-509e-4073-afbc-0d0fedb54d7b%7D.xpi!/","runInSafeMode":false,"signedState":2,"signedDate":1597050915000,"telemetryKey":"%7B1cbcb826-509e-4073-afbc-0d0fedb54d7b%7D:1.1.0","version":"1.1.0"},"containerise@kinte.sh":{"dependencies":[],"enabled":true,"lastModifiedTime":1596304822000,"loader":null,"path":"containerise@kinte.sh.xpi","rootURI":"jar:file:///%appdata%/Mozilla/Firefox/Profiles/nfwby2o1.default-release/extensions/containerise@kinte.sh.xpi!/","runInSafeMode":false,"signedState":2,"signedDate":1572108310000,"telemetryKey":"containerise%40kinte.sh:3.7.0","version":"3.7.0","startupData":{"persistentListeners":{"webRequest":{"onBeforeRequest":[[{"incognito":null,"tabId":null,"types":["main_frame"],"urls":["<all_urls>"],"windowId":null},["blocking"]]]}}}},"jid1-KKzOGWgsW3Ao4Q@jetpack":{"dependencies":[],"enabled":true,"lastModifiedTime":1596304830000,"loader":null,"path":"jid1-KKzOGWgsW3Ao4Q@jetpack.xpi","rootURI":"jar:file:///%appdata%/Mozilla/Firefox/Profiles/nfwby2o1.default-release/extensions/jid1-KKzOGWgsW3Ao4Q@jetpack.xpi!/","runInSafeMode":false,"signedState":2,"signedDate":1594635613000,"telemetryKey":"jid1-KKzOGWgsW3Ao4Q%40jetpack:3.1.9","version":"3.1.9","startupData":{"persistentListeners":{"webRequest":{"onBeforeRequest":[[{"incognito":null,"tabId":null,"types":["script","stylesheet","xmlhttprequest"],"urls":["http://*/*","https://*/*"],"windowId":null},["blocking"]]],"onHeadersReceived":[[{"incognito":null,"tabId":null,"types":["main_frame"],"urls":["http://*/*","https://*/*"],"windowId":null},["blocking","responseHeaders"]]],"onResponseStarted":[[{"incognito":null,"tabId":null,"types":["sub_frame"],"urls":["<all_urls>"],"windowId":null},null]]}}}},"{25c707e5-8daf-4703-8cd5-7059121396d9}":{"dependencies":[],"enabled":true,"lastModifiedTime":1596304836000,"loader":null,"path":"{25c707e5-8daf-4703-8cd5-7059121396d9}.xpi","rootURI":"jar:file:///%appdata%/Mozilla/Firefox/Profiles/nfwby2o1.default-release/extensions/%7B25c707e5-8daf-4703-8cd5-7059121396d9%7D.xpi!/","runInSafeMode":false,"signedState":2,"signedDate":1556803808000,"telemetryKey":"%7B25c707e5-8daf-4703-8cd5-7059121396d9%7D:0.1","version":"0.1"},"{88664789-f91e-40e1-adb9-e4e9a8c48867}":{"dependencies":[],"enabled":true,"lastModifiedTime":1596304844000,"loader":null,"path":"{88664789-f91e-40e1-adb9-e4e9a8c48867}.xpi","rootURI":"jar:file:///%appdata%/Mozilla/Firefox/Profiles/nfwby2o1.default-release/extensions/%7B88664789-f91e-40e1-adb9-e4e9a8c48867%7D.xpi!/","runInSafeMode":false,"signedState":2,"signedDate":1546429807000,"telemetryKey":"%7B88664789-f91e-40e1-adb9-e4e9a8c48867%7D:0.5.0","version":"0.5.0"}},"staged":{},"path":"%appdata%\\Mozilla\\Firefox\\Profiles\\nfwby2o1.default-release\\extensions"},"app-system-defaults":{"addons":{"doh-rollout@mozilla.org":{"dependencies":[],"enabled":true,"lastModifiedTime":1595279007000,"loader":null,"path":"doh-rollout@mozilla.org.xpi","rootURI":"jar:file:///%programfiles%/Mozilla%20Firefox/browser/features/doh-rollout@mozilla.org.xpi!/","runInSafeMode":true,"signedDate":null,"telemetryKey":"doh-rollout%40mozilla.org:1.3.0","version":"1.3.0"},"formautofill@mozilla.org":{"dependencies":[],"enabled":true,"lastModifiedTime":1595279007000,"loader":null,"path":"formautofill@mozilla.org.xpi","rootURI":"jar:file:///%programfiles%/Mozilla%20Firefox/browser/features/formautofill@mozilla.org.xpi!/","runInSafeMode":true,"signedDate":null,"telemetryKey":"formautofill%40mozilla.org:1.0","version":"1.0"},"screenshots@mozilla.org":{"dependencies":[],"enabled":true,"lastModifiedTime":1595279007000,"loader":null,"path":"screenshots@mozilla.org.xpi","rootURI":"jar:file:///%programfiles%/Mozilla%20Firefox/browser/features/screenshots@mozilla.org.xpi!/","runInSafeMode":true,"signedDate":null,"telemetryKey":"screenshots%40mozilla.org:39.0.0","version":"39.0.0"},"webcompat-reporter@mozilla.org":{"dependencies":[],"enabled":false,"lastModifiedTime":1595279007000,"loader":null,"path":"webcompat-reporter@mozilla.org.xpi","rootURI":"jar:file:///%programfiles%/Mozilla%20Firefox/browser/features/webcompat-reporter@mozilla.org.xpi!/","runInSafeMode":true,"signedDate":null,"telemetryKey":"webcompat-reporter%40mozilla.org:1.3.0","version":"1.3.0"},"webcompat@mozilla.org":{"dependencies":[],"enabled":true,"lastModifiedTime":1595279007000,"loader":null,"path":"webcompat@mozilla.org.xpi","rootURI":"jar:file:///%programfiles%/Mozilla%20Firefox/browser/features/webcompat@mozilla.org.xpi!/","runInSafeMode":true,"signedDate":null,"telemetryKey":"webcompat%40mozilla.org:12.0.0","version":"12.0.0","startupData":{"persistentListeners":{"webRequest":{"onBeforeSendHeaders":[[{"incognito":null,"tabId":null,"types":null,"urls":["*://webcompat-addon-testbed.herokuapp.com/*"],"windowId":null},["blocking","requestHeaders"]],[{"incognito":null,"tabId":null,"types":null,"urls":["*://*.att.tv/*"],"windowId":null},["blocking","requestHeaders"]],[{"incognito":null,"tabId":null,"types":null,"urls":["*://steamcommunity.com/chat*"],"windowId":null},["blocking","requestHeaders"]],[{"incognito":null,"tabId":null,"types":null,"urls":["https://watch.sling.com/*","https://www.sling.com/*"],"windowId":null},["blocking","requestHeaders"]],[{"incognito":null,"tabId":null,"types":null,"urls":["https://www.criticalcareontario.ca/*"],"windowId":null},["blocking","requestHeaders"]],[{"incognito":null,"tabId":null,"types":null,"urls":["https://www.mobilesuica.com/*"],"windowId":null},["blocking","requestHeaders"]],[{"incognito":null,"tabId":null,"types":null,"urls":["https://*.pixton.com/*"],"windowId":null},["blocking","requestHeaders"]]],"onHeadersReceived":[[{"incognito":null,"tabId":null,"types":null,"urls":["https://ads-us.rd.linksynergy.com/as.php*","https://www.office.com/logout?sid*"],"windowId":null},["blocking","responseHeaders"]]]}}}}},"staged":{},"path":"%programfiles%\\Mozilla Firefox\\browser\\features"},"app-builtin":{"addons":{"default-theme@mozilla.org":{"dependencies":[],"enabled":true,"loader":null,"rootURI":"resource://gre/modules/themes/default/","runInSafeMode":true,"signedDate":null,"telemetryKey":"default-theme%40mozilla.org:1.0","version":"1.0","type":"theme","startupData":{"lwtData":{"theme":{"id":"default-theme@mozilla.org","version":"1.0"},"darkTheme":{"accentcolor":"hsl(240, 5%, 5%)","icon_color":"rgb(249, 249, 250, 0.7)","ntp_background":"#2A2A2E","ntp_text":"rgb(249, 249, 250)","popup":"#4a4a4f","popup_border":"#27272b","popup_text":"rgb(249, 249, 250)","sidebar":"#38383D","sidebar_border":"rgba(255, 255, 255, 0.1)","sidebar_text":"rgb(249, 249, 250)","textcolor":"rgb(249, 249, 250)","tab_line":"#0a84ff","toolbarColor":"hsl(240, 1%, 20%)","toolbar_bottom_separator":"hsl(240, 5%, 5%)","toolbar_field":"rgb(71, 71, 73)","toolbar_field_border":"rgba(249, 249, 250, 0.2)","toolbar_field_separator":"#5F6670","toolbar_field_text":"rgb(249, 249, 250)","id":"default-theme@mozilla.org","version":"1.0"}},"lwtStyles":{"id":"default-theme@mozilla.org","version":"1.0"},"lwtDarkStyles":{"accentcolor":"hsl(240, 5%, 5%)","icon_color":"rgb(249, 249, 250, 0.7)","ntp_background":"#2A2A2E","ntp_text":"rgb(249, 249, 250)","popup":"#4a4a4f","popup_border":"#27272b","popup_text":"rgb(249, 249, 250)","sidebar":"#38383D","sidebar_border":"rgba(255, 255, 255, 0.1)","sidebar_text":"rgb(249, 249, 250)","textcolor":"rgb(249, 249, 250)","tab_line":"#0a84ff","toolbarColor":"hsl(240, 1%, 20%)","toolbar_bottom_separator":"hsl(240, 5%, 5%)","toolbar_field":"rgb(71, 71, 73)","toolbar_field_border":"rgba(249, 249, 250, 0.2)","toolbar_field_separator":"#5F6670","toolbar_field_text":"rgb(249, 249, 250)","id":"default-theme@mozilla.org","version":"1.0"}}},"firefox-compact-light@mozilla.org":{"dependencies":[],"enabled":false,"loader":null,"rootURI":"resource:///modules/themes/light/","runInSafeMode":true,"signedDate":null,"telemetryKey":"firefox-compact-light%40mozilla.org:1.0","version":"1.0","type":"theme"},"firefox-compact-dark@mozilla.org":{"dependencies":[],"enabled":false,"loader":null,"rootURI":"resource:///modules/themes/dark/","runInSafeMode":true,"signedDate":null,"telemetryKey":"firefox-compact-dark%40mozilla.org:1.0","version":"1.0","type":"theme"},"google@search.mozilla.org":{"dependencies":[],"enabled":true,"loader":null,"rootURI":"resource://search-extensions/google/","runInSafeMode":true,"signedDate":null,"telemetryKey":"google%40search.mozilla.org:1.0","version":"1.0"},"amazondotcom@search.mozilla.org":{"dependencies":[],"enabled":true,"loader":null,"rootURI":"resource://search-extensions/amazondotcom/","runInSafeMode":true,"signedDate":null,"telemetryKey":"amazondotcom%40search.mozilla.org:1.1","version":"1.1"},"wikipedia@search.mozilla.org":{"dependencies":[],"enabled":true,"loader":null,"rootURI":"resource://search-extensions/wikipedia/","runInSafeMode":true,"signedDate":null,"telemetryKey":"wikipedia%40search.mozilla.org:1.0","version":"1.0"},"bing@search.mozilla.org":{"dependencies":[],"enabled":true,"loader":null,"rootURI":"resource://search-extensions/bing/","runInSafeMode":true,"signedDate":null,"telemetryKey":"bing%40search.mozilla.org:1.1","version":"1.1"},"ddg@search.mozilla.org":{"dependencies":[],"enabled":true,"loader":null,"rootURI":"resource://search-extensions/ddg/","runInSafeMode":true,"signedDate":null,"telemetryKey":"ddg%40search.mozilla.org:1.0","version":"1.0"}},"staged":{}}}
