{"experiments":{"bug-1671522-pref-assess-change-to-windows-mouse-wheel-scroll-anima-release-82-83":{"slug":"bug-1671522-pref-assess-change-to-windows-mouse-wheel-scroll-anima-release-82-83","actionName":"PreferenceExperimentAction","branch":"chrome","expired":false,"lastSeen":"2020-11-01T19:55:18.729Z","preferences":{"general.smoothScroll.mouseWheel.durationMaxMS":{"preferenceType":"integer","preferenceValue":200,"preferenceBranchType":"default","previousPreferenceValue":200},"general.smoothScroll.mouseWheel.durationMinMS":{"preferenceType":"integer","preferenceValue":50,"preferenceBranchType":"default","previousPreferenceValue":50}},"experimentType":"exp","userFacingName":"Assess change to Windows mouse wheel scroll animation","userFacingDescription":"Research suggests that users migrating from Chrome and other browsers that feature a Chrome-like scroll experience may become frustrated when adapting to the Firefox scroll experience. This experiment will assess the impact when new users receive a more Chrome-like scroll experience.","enrollmentId":"8bef144b-649d-4c20-89ce-eb0ce9636886"}}}