{"app-profile":{"addons":{"CanvasBlocker@kkapsner.de":{"dependencies":[],"enabled":true,"lastModifiedTime":1631271089270,"loader":null,"path":"CanvasBlocker@kkapsner.de.xpi","rootURI":"jar:file:///%appdata%/Mozilla/Firefox/Profiles/gk9whcxc.default-release/extensions/CanvasBlocker@kkapsner.de.xpi!/","runInSafeMode":false,"signedState":2,"signedDate":1624305945000,"telemetryKey":"CanvasBlocker%40kkapsner.de:1.6.1","version":"1.6.1","startupData":{"persistentListeners":{"webRequest":{"onHeadersReceived":[[{"incognito":null,"tabId":null,"types":["main_frame","sub_frame","object"],"urls":["<all_urls>"],"windowId":null},["blocking","responseHeaders"]]]}}}},"{74145f27-f039-47ce-a470-a662b129930a}":{"dependencies":[],"enabled":true,"lastModifiedTime":1631271149762,"loader":null,"path":"{74145f27-f039-47ce-a470-a662b129930a}.xpi","rootURI":"jar:file:///%appdata%/Mozilla/Firefox/Profiles/gk9whcxc.default-release/extensions/%7B74145f27-f039-47ce-a470-a662b129930a%7D.xpi!/","runInSafeMode":false,"signedState":2,"signedDate":1616589930000,"telemetryKey":"%7B74145f27-f039-47ce-a470-a662b129930a%7D:1.21.0","version":"1.21.0","startupData":{"persistentListeners":{"webRequest":{"onHeadersReceived":[[{"incognito":null,"tabId":null,"types":null,"urls":["<all_urls>"],"windowId":null},["blocking","responseHeaders"]]],"onBeforeRequest":[[{"incognito":null,"tabId":null,"types":["font","image","imageset","main_frame","media","object","object_subrequest","other","script","stylesheet","sub_frame","websocket","xml_dtd","xmlhttprequest","xslt","ping","beacon"],"urls":["<all_urls>"],"windowId":null},["blocking"]]]}}}},"containerise@kinte.sh":{"dependencies":[],"enabled":true,"lastModifiedTime":1631271219241,"loader":null,"path":"containerise@kinte.sh.xpi","rootURI":"jar:file:///%appdata%/Mozilla/Firefox/Profiles/gk9whcxc.default-release/extensions/containerise@kinte.sh.xpi!/","runInSafeMode":false,"signedState":2,"signedDate":1612991716000,"telemetryKey":"containerise%40kinte.sh:3.9.0","version":"3.9.0","startupData":{"persistentListeners":{"webRequest":{"onBeforeRequest":[[{"incognito":null,"tabId":null,"types":["main_frame"],"urls":["<all_urls>"],"windowId":null},["blocking"]]]}}}},"etag-stoppa@cm.org":{"dependencies":[],"enabled":true,"lastModifiedTime":1631271265242,"loader":null,"path":"etag-stoppa@cm.org.xpi","rootURI":"jar:file:///%appdata%/Mozilla/Firefox/Profiles/gk9whcxc.default-release/extensions/etag-stoppa@cm.org.xpi!/","runInSafeMode":false,"signedState":2,"signedDate":1545768906000,"telemetryKey":"etag-stoppa%40cm.org:0.4","version":"0.4","startupData":{"persistentListeners":{"webRequest":{"onHeadersReceived":[[{"incognito":null,"tabId":null,"types":null,"urls":["<all_urls>"],"windowId":null},["blocking","responseHeaders"]]]}}}},"jid1-KKzOGWgsW3Ao4Q@jetpack":{"dependencies":[],"enabled":true,"lastModifiedTime":1631271272314,"loader":null,"path":"jid1-KKzOGWgsW3Ao4Q@jetpack.xpi","rootURI":"jar:file:///%appdata%/Mozilla/Firefox/Profiles/gk9whcxc.default-release/extensions/jid1-KKzOGWgsW3Ao4Q@jetpack.xpi!/","runInSafeMode":false,"signedState":2,"signedDate":1628666994000,"telemetryKey":"jid1-KKzOGWgsW3Ao4Q%40jetpack:3.3.2","version":"3.3.2","startupData":{"persistentListeners":{"webRequest":{"onBeforeRequest":[[{"incognito":null,"tabId":null,"types":["script","stylesheet","xmlhttprequest"],"urls":["http://*/*","https://*/*"],"windowId":null},["blocking"]]],"onHeadersReceived":[[{"incognito":null,"tabId":null,"types":["main_frame"],"urls":["http://*/*","https://*/*"],"windowId":null},["blocking","responseHeaders"]]],"onResponseStarted":[[{"incognito":null,"tabId":null,"types":["sub_frame"],"urls":["<all_urls>"],"windowId":null},null],[{"incognito":null,"tabId":null,"types":["beacon"],"urls":["https://consent.google.com/*","https://consent.youtube.com/*"],"windowId":null},null]]}}}},"poop@cm.org":{"dependencies":[],"enabled":true,"lastModifiedTime":1631271284185,"loader":null,"path":"poop@cm.org.xpi","rootURI":"jar:file:///%appdata%/Mozilla/Firefox/Profiles/gk9whcxc.default-release/extensions/poop@cm.org.xpi!/","runInSafeMode":false,"signedState":2,"signedDate":1548358807000,"telemetryKey":"poop%40cm.org:1.4.2","version":"1.4.2","startupData":{"persistentListeners":{"webRequest":{"onBeforeSendHeaders":[[{"incognito":null,"tabId":null,"types":null,"urls":["<all_urls>"],"windowId":null},["blocking","requestHeaders"]]],"onHeadersReceived":[[{"incognito":null,"tabId":null,"types":null,"urls":["<all_urls>"],"windowId":null},["blocking","responseHeaders"]]],"onCompleted":[[{"incognito":null,"tabId":null,"types":null,"urls":["<all_urls>"],"windowId":null},null]],"onErrorOccurred":[[{"incognito":null,"tabId":null,"types":null,"urls":["<all_urls>"],"windowId":null}]],"onBeforeRedirect":[[{"incognito":null,"tabId":null,"types":null,"urls":["<all_urls>"],"windowId":null},null]]}}}},"skipredirect@sblask":{"dependencies":[],"enabled":true,"lastModifiedTime":1631271372785,"loader":null,"path":"skipredirect@sblask.xpi","rootURI":"jar:file:///%appdata%/Mozilla/Firefox/Profiles/gk9whcxc.default-release/extensions/skipredirect@sblask.xpi!/","runInSafeMode":false,"signedState":2,"signedDate":1616843115000,"telemetryKey":"skipredirect%40sblask:2.3.5","version":"2.3.5","startupData":{"persistentListeners":{"webRequest":{"onBeforeRequest":[[{"incognito":null,"tabId":null,"types":["main_frame"],"urls":["<all_urls>"],"windowId":null},["blocking"]]]}}}},"smart-referer@meh.paranoid.pk":{"dependencies":[],"enabled":true,"lastModifiedTime":1631271461764,"loader":null,"path":"smart-referer@meh.paranoid.pk.xpi","rootURI":"jar:file:///%appdata%/Mozilla/Firefox/Profiles/gk9whcxc.default-release/extensions/smart-referer@meh.paranoid.pk.xpi!/","runInSafeMode":false,"signedState":2,"signedDate":1576670110000,"telemetryKey":"smart-referer%40meh.paranoid.pk:0.2.15","version":"0.2.15","startupData":{"persistentListeners":{"webRequest":{"onBeforeSendHeaders":[[{"incognito":null,"tabId":null,"types":null,"urls":["<all_urls>"],"windowId":null},["blocking","requestHeaders"]]]}}}},"{c607c8df-14a7-4f28-894f-29e8722976af}":{"dependencies":[],"enabled":true,"lastModifiedTime":1631271512872,"loader":null,"path":"{c607c8df-14a7-4f28-894f-29e8722976af}.xpi","rootURI":"jar:file:///%appdata%/Mozilla/Firefox/Profiles/gk9whcxc.default-release/extensions/%7Bc607c8df-14a7-4f28-894f-29e8722976af%7D.xpi!/","runInSafeMode":false,"signedState":2,"signedDate":1612796416000,"telemetryKey":"%7Bc607c8df-14a7-4f28-894f-29e8722976af%7D:1.9.2","version":"1.9.2","startupData":{"persistentListeners":{"webRequest":{"onBeforeRequest":[[{"incognito":null,"tabId":null,"types":["main_frame"],"urls":["<all_urls>"],"windowId":null},["blocking"]]],"onBeforeSendHeaders":[[{"incognito":null,"tabId":null,"types":["main_frame"],"urls":["<all_urls>"],"windowId":null},["blocking","requestHeaders"]]],"onCompleted":[[{"incognito":null,"tabId":null,"types":["script","font","image","imageset","stylesheet"],"urls":["<all_urls>"],"windowId":null},["responseHeaders"]],[{"incognito":null,"tabId":null,"types":["main_frame"],"urls":["<all_urls>"],"windowId":null},null]],"onErrorOccurred":[[{"incognito":null,"tabId":null,"types":["main_frame"],"urls":["<all_urls>"],"windowId":null}]]}}}},"uBlock0@raymondhill.net":{"dependencies":[],"enabled":true,"lastModifiedTime":1631271563357,"loader":null,"path":"uBlock0@raymondhill.net.xpi","rootURI":"jar:file:///%appdata%/Mozilla/Firefox/Profiles/gk9whcxc.default-release/extensions/uBlock0@raymondhill.net.xpi!/","runInSafeMode":false,"signedState":2,"signedDate":1627636582000,"telemetryKey":"uBlock0%40raymondhill.net:1.37.2","version":"1.37.2","startupData":{"persistentListeners":{"webRequest":{"onBeforeRequest":[[{"incognito":null,"tabId":null,"types":null,"urls":["moz-extension://a45b8ee2-f1c5-4f50-9cee-32b97aed6695/web_accessible_resources/*"],"windowId":null},["blocking"]],[{"incognito":null,"tabId":null,"types":null,"urls":["http://*/*","https://*/*","ws://*/*","wss://*/*"],"windowId":null},["blocking"]]],"onHeadersReceived":[[{"incognito":null,"tabId":null,"types":null,"urls":["http://*/*","https://*/*","ws://*/*","wss://*/*"],"windowId":null},["blocking","responseHeaders"]]]}}}},"{25c707e5-8daf-4703-8cd5-7059121396d9}":{"dependencies":[],"enabled":true,"lastModifiedTime":1631271771349,"loader":null,"path":"{25c707e5-8daf-4703-8cd5-7059121396d9}.xpi","rootURI":"jar:file:///%appdata%/Mozilla/Firefox/Profiles/gk9whcxc.default-release/extensions/%7B25c707e5-8daf-4703-8cd5-7059121396d9%7D.xpi!/","runInSafeMode":false,"signedState":2,"signedDate":1556803808000,"telemetryKey":"%7B25c707e5-8daf-4703-8cd5-7059121396d9%7D:0.1","version":"0.1"},"{88664789-f91e-40e1-adb9-e4e9a8c48867}":{"dependencies":[],"enabled":true,"lastModifiedTime":1631271782115,"loader":null,"path":"{88664789-f91e-40e1-adb9-e4e9a8c48867}.xpi","rootURI":"jar:file:///%appdata%/Mozilla/Firefox/Profiles/gk9whcxc.default-release/extensions/%7B88664789-f91e-40e1-adb9-e4e9a8c48867%7D.xpi!/","runInSafeMode":false,"signedState":2,"signedDate":1546429807000,"telemetryKey":"%7B88664789-f91e-40e1-adb9-e4e9a8c48867%7D:0.5.0","version":"0.5.0"}},"staged":{},"path":"%appdata%\\Mozilla\\Firefox\\Profiles\\gk9whcxc.default-release\\extensions"},"app-system-defaults":{"addons":{"doh-rollout@mozilla.org":{"dependencies":[],"enabled":true,"lastModifiedTime":1618526712000,"loader":null,"path":"doh-rollout@mozilla.org.xpi","rootURI":"jar:file:///%programfiles%/Mozilla%20Firefox/browser/features/doh-rollout@mozilla.org.xpi!/","runInSafeMode":true,"signedDate":null,"telemetryKey":"doh-rollout%40mozilla.org:2.0.0","version":"2.0.0"},"formautofill@mozilla.org":{"dependencies":[],"enabled":true,"lastModifiedTime":1628617111182,"loader":null,"path":"formautofill@mozilla.org.xpi","rootURI":"jar:file:///%programfiles%/Mozilla%20Firefox/browser/features/formautofill@mozilla.org.xpi!/","runInSafeMode":true,"signedDate":null,"telemetryKey":"formautofill%40mozilla.org:1.0.1","version":"1.0.1"},"pictureinpicture@mozilla.org":{"dependencies":[],"enabled":true,"lastModifiedTime":1622565711994,"loader":null,"path":"pictureinpicture@mozilla.org.xpi","rootURI":"jar:file:///%programfiles%/Mozilla%20Firefox/browser/features/pictureinpicture@mozilla.org.xpi!/","runInSafeMode":true,"signedDate":null,"telemetryKey":"pictureinpicture%40mozilla.org:1.0.0","version":"1.0.0"},"screenshots@mozilla.org":{"dependencies":[],"enabled":true,"lastModifiedTime":1631036542548,"loader":null,"path":"screenshots@mozilla.org.xpi","rootURI":"jar:file:///%programfiles%/Mozilla%20Firefox/browser/features/screenshots@mozilla.org.xpi!/","runInSafeMode":true,"signedDate":null,"telemetryKey":"screenshots%40mozilla.org:39.0.1","version":"39.0.1"},"webcompat-reporter@mozilla.org":{"dependencies":[],"enabled":false,"lastModifiedTime":1622565711991,"loader":null,"path":"webcompat-reporter@mozilla.org.xpi","rootURI":"jar:file:///%programfiles%/Mozilla%20Firefox/browser/features/webcompat-reporter@mozilla.org.xpi!/","runInSafeMode":true,"signedDate":null,"telemetryKey":"webcompat-reporter%40mozilla.org:1.4.2","version":"1.4.2"},"webcompat@mozilla.org":{"dependencies":[],"enabled":true,"lastModifiedTime":1631036542540,"loader":null,"path":"webcompat@mozilla.org.xpi","rootURI":"jar:file:///%programfiles%/Mozilla%20Firefox/browser/features/webcompat@mozilla.org.xpi!/","runInSafeMode":true,"signedDate":null,"telemetryKey":"webcompat%40mozilla.org:25.4.0","version":"25.4.0","startupData":{"persistentListeners":{"webRequest":{"onBeforeRequest":[[{"incognito":null,"tabId":null,"types":["image"],"urls":["https://smartblock.firefox.etp/facebook.svg","https://smartblock.firefox.etp/play.svg"],"windowId":null},["blocking"]],[{"incognito":null,"tabId":null,"types":["script"],"urls":["*://webcompat-addon-testbed.herokuapp.com/shims_test.js","*://example.com/browser/browser/extensions/webcompat/tests/browser/shims_test.js","*://example.com/browser/browser/extensions/webcompat/tests/browser/shims_test_2.js","*://example.com/browser/browser/extensions/webcompat/tests/browser/shims_test_3.js","*://track.adform.net/serving/scripts/trackpoint/","*://track.adform.net/serving/scripts/trackpoint/async/","*://acdn.adnxs.com/ast/ast.js","*://*.adnxs.com/*/pb.js","*://*.adnxs.com/*/prebid","*://static.adsafeprotected.com/vans-adapter-google-ima.js","*://pagead2.googlesyndication.com/pagead/js/adsbygoogle.js","*://c.amazon-adsystem.com/aax2/apstag.js","*://auth.9c9media.ca/auth/main.js","*://static.chartbeat.com/js/chartbeat.js","*://static.chartbeat.com/js/chartbeat_video.js","*://static.criteo.net/js/ld/publishertag.js","*://libs.coremetrics.com/eluminate.js","*://connect.facebook.net/*/sdk.js*","*://connect.facebook.net/*/all.js*","*://www.google-analytics.com/analytics.js*","*://www.google-analytics.com/gtm/js*","*://www.googletagmanager.com/gtm.js*","*://www.google-analytics.com/plugins/ua/ec.js","*://ssl.google-analytics.com/ga.js","*://s0.2mdn.net/instream/html5/ima3.js","*://imasdk.googleapis.com/js/sdkloader/ima3.js","*://www.googleadservices.com/pagead/conversion_async.js","*://www.googletagservices.com/tag/js/gpt.js","*://securepubads.g.doubleclick.net/tag/js/gpt.js","*://securepubads.g.doubleclick.net/gpt/pubads_impl_*.js","*://cdn.adsafeprotected.com/iasPET.1.js","*://adservex.media.net/videoAds.js*","*://*.moatads.com/*/moatad.js*","*://*.moatads.com/*/moatapi.js*","*://*.moatads.com/*/moatheader.js*","*://*.moatads.com/*/yi.js*","*://cdn.optimizely.com/js/*.js","*://id.rambler.ru/rambler-id-helper/auth_events.js","*://media.richrelevance.com/rrserver/js/1.2/p13n.js"],"windowId":null},["blocking"]],[{"incognito":null,"tabId":null,"types":["image"],"urls":["*://track.adform.net/Serving/TrackPoint/*","*://securepubads.g.doubleclick.net/gampad/*ad-blk*","*://pubads.g.doubleclick.net/gampad/*ad-blk*","*://securepubads.g.doubleclick.net/gampad/*xml_vmap1*","*://pubads.g.doubleclick.net/gampad/*xml_vmap1*","*://securepubads.g.doubleclick.net/gampad/*xml_vmap2*","*://pubads.g.doubleclick.net/gampad/*xml_vmap2*","*://securepubads.g.doubleclick.net/gampad/*ad*","*://pubads.g.doubleclick.net/gampad/*ad*","*://www.facebook.com/platform/impression.php*"],"windowId":null},["blocking"]],[{"incognito":null,"tabId":null,"types":["imageset"],"urls":["*://track.adform.net/Serving/TrackPoint/*","*://securepubads.g.doubleclick.net/gampad/*ad-blk*","*://pubads.g.doubleclick.net/gampad/*ad-blk*","*://securepubads.g.doubleclick.net/gampad/*xml_vmap1*","*://pubads.g.doubleclick.net/gampad/*xml_vmap1*","*://securepubads.g.doubleclick.net/gampad/*xml_vmap2*","*://pubads.g.doubleclick.net/gampad/*xml_vmap2*","*://securepubads.g.doubleclick.net/gampad/*ad*","*://pubads.g.doubleclick.net/gampad/*ad*","*://www.facebook.com/platform/impression.php*"],"windowId":null},["blocking"]],[{"incognito":null,"tabId":null,"types":["xmlhttprequest"],"urls":["*://track.adform.net/Serving/TrackPoint/*","*://securepubads.g.doubleclick.net/gampad/*ad-blk*","*://pubads.g.doubleclick.net/gampad/*ad-blk*","*://securepubads.g.doubleclick.net/gampad/*xml_vmap1*","*://pubads.g.doubleclick.net/gampad/*xml_vmap1*","*://securepubads.g.doubleclick.net/gampad/*xml_vmap2*","*://pubads.g.doubleclick.net/gampad/*xml_vmap2*","*://securepubads.g.doubleclick.net/gampad/*ad*","*://pubads.g.doubleclick.net/gampad/*ad*","*://www.facebook.com/platform/impression.php*"],"windowId":null},["blocking"]],[{"incognito":null,"tabId":null,"types":["sub_frame"],"urls":["*://tpc.googlesyndication.com/safeframe/*/html/container.html","*://*.safeframe.googlesyndication.com/safeframe/*/html/container.html"],"windowId":null},["blocking"]]],"onBeforeSendHeaders":[[{"incognito":null,"tabId":null,"types":null,"urls":["*://webcompat-addon-testbed.herokuapp.com/*"],"windowId":null},["blocking","requestHeaders"]],[{"incognito":null,"tabId":null,"types":null,"urls":["*://*.att.tv/*"],"windowId":null},["blocking","requestHeaders"]],[{"incognito":null,"tabId":null,"types":null,"urls":["*://steamcommunity.com/chat*"],"windowId":null},["blocking","requestHeaders"]],[{"incognito":null,"tabId":null,"types":null,"urls":["https://watch.sling.com/*","https://www.sling.com/*"],"windowId":null},["blocking","requestHeaders"]],[{"incognito":null,"tabId":null,"types":null,"urls":["https://www.mobilesuica.com/*"],"windowId":null},["blocking","requestHeaders"]],[{"incognito":null,"tabId":null,"types":null,"urls":["*://*.bancosantander.es/*","*://*.gruposantander.es/*","*://*.santander.co.uk/*","*://bob.santanderbank.com/*","*://rolb.santanderbank.com/*"],"windowId":null},["blocking","requestHeaders"]],[{"incognito":null,"tabId":null,"types":null,"urls":["*://*.spectrum.net/voice/*"],"windowId":null},["blocking","requestHeaders"]],[{"incognito":null,"tabId":null,"types":null,"urls":["*://covid.cdc.gov/covid-data-tracker/*"],"windowId":null},["blocking","requestHeaders"]],[{"incognito":null,"tabId":null,"types":null,"urls":["*://*.saxoinvestor.fr/*"],"windowId":null},["blocking","requestHeaders"]]],"onHeadersReceived":[[{"incognito":null,"tabId":null,"types":null,"urls":["https://ads-us.rd.linksynergy.com/as.php*"],"windowId":null},["blocking","responseHeaders"]]]}}}}},"staged":{},"path":"%programfiles%\\Mozilla Firefox\\browser\\features"},"app-builtin":{"addons":{"default-theme@mozilla.org":{"dependencies":[],"enabled":false,"loader":null,"rootURI":"resource://default-theme/","runInSafeMode":true,"signedDate":null,"telemetryKey":"default-theme%40mozilla.org:1.2","version":"1.2","type":"theme","startupData":{"lwtData":{"theme":{"experimental":{"colors":{},"images":{},"properties":{}},"id":"default-theme@mozilla.org","version":"1.2"},"darkTheme":{"experimental":{"colors":{"button":"rgb(43,42,51)","button_hover":"rgb(82,82,94)","button_active":"rgb(91,91,102)","button_primary":"rgb(0, 221, 255)","button_primary_hover":"rgb(128, 235, 255)","button_primary_active":"rgb(170, 242, 255)","button_primary_color":"rgb(43, 42, 51)","error_text_color":"rgb(255, 154, 162)","input_background":"#42414D","input_color":"rgb(251,251,254)","input_border":"#8f8f9d","input_border_error":"rgb(255, 132, 138)","zoom_controls":"rgb(74,74,85)","autocomplete_popup_separator":"rgb(82,82,94)","appmenu_update_icon_color":"#54FFBD","appmenu_warning_icon_color":"#FFBD4F","appmenu_info_icon_color":"#80EBFF","tab_icon_overlay_stroke":"rgb(66,65,77)","tab_icon_overlay_fill":"rgb(251,251,254)"},"images":{},"properties":{"panel_hover":"color-mix(in srgb, currentColor 9%, transparent)","panel_active":"color-mix(in srgb, currentColor 14%, transparent)","panel_active_darker":"color-mix(in srgb, currentColor 25%, transparent)","toolbar_field_icon_opacity":"1"}},"accentcolor":"#1c1b22","icon_color":"rgb(251,251,254)","ntp_background":"rgb(43, 42, 51)","ntp_text":"rgb(251, 251, 254)","popup":"rgb(66,65,77)","popup_border":"rgb(82,82,94)","popup_highlight":"rgb(43,42,51)","popup_text":"rgb(251,251,254)","sidebar":"#38383D","sidebar_border":"rgba(255, 255, 255, 0.1)","sidebar_text":"rgb(249, 249, 250)","textcolor":"#fbfbfe","tab_line":"transparent","tab_selected":"rgb(66,65,77)","tab_text":"rgb(251,251,254)","toolbarColor":"#2b2a33","toolbar_bottom_separator":"hsl(240, 5%, 5%)","toolbar_field":"rgb(28,27,34)","toolbar_field_border":"transparent","toolbar_field_focus":"rgb(66,65,77)","toolbar_field_text":"rgb(251,251,254)","toolbar_text":"rgb(251, 251, 254)","toolbar_top_separator":"transparent","id":"default-theme@mozilla.org","version":"1.2"},"experiment":{"colors":{"button":"--button-bgcolor","button_hover":"--button-hover-bgcolor","button_active":"--button-active-bgcolor","button_primary":"--button-primary-bgcolor","button_primary_hover":"--button-primary-hover-bgcolor","button_primary_active":"--button-primary-active-bgcolor","button_primary_color":"--button-primary-color","error_text_color":"--error-text-color","input_background":"--input-bgcolor","input_color":"--input-color","input_border":"--input-border-color","input_border_error":"--input-error-border-color","zoom_controls":"--zoom-controls-bgcolor","autocomplete_popup_separator":"--autocomplete-popup-separator-color","appmenu_update_icon_color":"--panel-banner-item-update-supported-bgcolor","appmenu_warning_icon_color":"--panel-banner-item-warning-icon-bgcolor","appmenu_info_icon_color":"--panel-banner-item-info-icon-bgcolor","tab_icon_overlay_stroke":"--tab-icon-overlay-stroke","tab_icon_overlay_fill":"--tab-icon-overlay-fill"},"images":null,"properties":{"panel_hover":"--arrowpanel-dimmed","panel_active":"--arrowpanel-dimmed-further","panel_active_darker":"--arrowpanel-dimmed-even-further","toolbar_field_icon_opacity":"--urlbar-icon-fill-opacity"},"stylesheet":null}},"lwtStyles":{"experimental":{"colors":{},"images":{},"properties":{}},"id":"default-theme@mozilla.org","version":"1.2"},"lwtDarkStyles":{"experimental":{"colors":{"button":"rgb(43,42,51)","button_hover":"rgb(82,82,94)","button_active":"rgb(91,91,102)","button_primary":"rgb(0, 221, 255)","button_primary_hover":"rgb(128, 235, 255)","button_primary_active":"rgb(170, 242, 255)","button_primary_color":"rgb(43, 42, 51)","error_text_color":"rgb(255, 154, 162)","input_background":"#42414D","input_color":"rgb(251,251,254)","input_border":"#8f8f9d","input_border_error":"rgb(255, 132, 138)","zoom_controls":"rgb(74,74,85)","autocomplete_popup_separator":"rgb(82,82,94)","appmenu_update_icon_color":"#54FFBD","appmenu_warning_icon_color":"#FFBD4F","appmenu_info_icon_color":"#80EBFF","tab_icon_overlay_stroke":"rgb(66,65,77)","tab_icon_overlay_fill":"rgb(251,251,254)"},"images":{},"properties":{"panel_hover":"color-mix(in srgb, currentColor 9%, transparent)","panel_active":"color-mix(in srgb, currentColor 14%, transparent)","panel_active_darker":"color-mix(in srgb, currentColor 25%, transparent)","toolbar_field_icon_opacity":"1"}},"accentcolor":"#1c1b22","icon_color":"rgb(251,251,254)","ntp_background":"rgb(43, 42, 51)","ntp_text":"rgb(251, 251, 254)","popup":"rgb(66,65,77)","popup_border":"rgb(82,82,94)","popup_highlight":"rgb(43,42,51)","popup_text":"rgb(251,251,254)","sidebar":"#38383D","sidebar_border":"rgba(255, 255, 255, 0.1)","sidebar_text":"rgb(249, 249, 250)","textcolor":"#fbfbfe","tab_line":"transparent","tab_selected":"rgb(66,65,77)","tab_text":"rgb(251,251,254)","toolbarColor":"#2b2a33","toolbar_bottom_separator":"hsl(240, 5%, 5%)","toolbar_field":"rgb(28,27,34)","toolbar_field_border":"transparent","toolbar_field_focus":"rgb(66,65,77)","toolbar_field_text":"rgb(251,251,254)","toolbar_text":"rgb(251, 251, 254)","toolbar_top_separator":"transparent","id":"default-theme@mozilla.org","version":"1.2"},"experiment":{"colors":{"button":"--button-bgcolor","button_hover":"--button-hover-bgcolor","button_active":"--button-active-bgcolor","button_primary":"--button-primary-bgcolor","button_primary_hover":"--button-primary-hover-bgcolor","button_primary_active":"--button-primary-active-bgcolor","button_primary_color":"--button-primary-color","error_text_color":"--error-text-color","input_background":"--input-bgcolor","input_color":"--input-color","input_border":"--input-border-color","input_border_error":"--input-error-border-color","zoom_controls":"--zoom-controls-bgcolor","autocomplete_popup_separator":"--autocomplete-popup-separator-color","appmenu_update_icon_color":"--panel-banner-item-update-supported-bgcolor","appmenu_warning_icon_color":"--panel-banner-item-warning-icon-bgcolor","appmenu_info_icon_color":"--panel-banner-item-info-icon-bgcolor","tab_icon_overlay_stroke":"--tab-icon-overlay-stroke","tab_icon_overlay_fill":"--tab-icon-overlay-fill"},"images":null,"properties":{"panel_hover":"--arrowpanel-dimmed","panel_active":"--arrowpanel-dimmed-further","panel_active_darker":"--arrowpanel-dimmed-even-further","toolbar_field_icon_opacity":"--urlbar-icon-fill-opacity"},"stylesheet":null}}},"firefox-compact-light@mozilla.org":{"dependencies":[],"enabled":false,"loader":null,"path":null,"rootURI":"resource://builtin-themes/light/","runInSafeMode":true,"signedDate":null,"telemetryKey":"firefox-compact-light%40mozilla.org:1.2","version":"1.2","type":"theme"},"firefox-compact-dark@mozilla.org":{"dependencies":[],"enabled":true,"loader":null,"rootURI":"resource://builtin-themes/dark/","runInSafeMode":true,"signedDate":null,"telemetryKey":"firefox-compact-dark%40mozilla.org:1.2","version":"1.2","type":"theme","startupData":{"lwtData":{"theme":{"experimental":{"colors":{"button":"rgb(43,42,51)","button_hover":"rgb(82,82,94)","button_active":"rgb(91,91,102)","button_primary":"rgb(0, 221, 255)","button_primary_hover":"rgb(128, 235, 255)","button_primary_active":"rgb(170, 242, 255)","button_primary_color":"rgb(43, 42, 51)","error_text_color":"rgb(255, 154, 162)","input_background":"#42414D","input_color":"rgb(251,251,254)","input_border":"#8f8f9d","input_border_error":"rgb(255, 132, 138)","zoom_controls":"rgb(74,74,85)","autocomplete_popup_separator":"rgb(82,82,94)","appmenu_update_icon_color":"#54FFBD","appmenu_warning_icon_color":"#FFBD4F","appmenu_info_icon_color":"#80EBFF","tab_icon_overlay_stroke":"rgb(66,65,77)","tab_icon_overlay_fill":"rgb(251,251,254)"},"images":{},"properties":{"panel_hover":"color-mix(in srgb, currentColor 9%, transparent)","panel_active":"color-mix(in srgb, currentColor 14%, transparent)","panel_active_darker":"color-mix(in srgb, currentColor 25%, transparent)","toolbar_field_icon_opacity":"1"}},"accentcolor":"#1c1b22","icon_color":"rgb(251,251,254)","ntp_background":"rgb(43, 42, 51)","ntp_text":"rgb(251, 251, 254)","popup":"rgb(66,65,77)","popup_border":"rgb(82,82,94)","popup_highlight":"rgb(43,42,51)","popup_text":"rgb(251,251,254)","sidebar":"#38383D","sidebar_border":"rgba(255, 255, 255, 0.1)","sidebar_text":"rgb(249, 249, 250)","textcolor":"#fbfbfe","tab_line":"transparent","tab_selected":"rgb(66,65,77)","tab_text":"rgb(251,251,254)","toolbarColor":"rgb(43,42,51)","toolbar_bottom_separator":"hsl(240, 5%, 5%)","toolbar_field":"rgb(28,27,34)","toolbar_field_border":"transparent","toolbar_field_focus":"rgb(66,65,77)","toolbar_field_text":"rgb(251,251,254)","toolbar_text":"rgb(251, 251, 254)","toolbar_top_separator":"transparent","id":"firefox-compact-dark@mozilla.org","version":"1.2"},"darkTheme":null,"experiment":{"colors":{"button":"--button-bgcolor","button_hover":"--button-hover-bgcolor","button_active":"--button-active-bgcolor","button_primary":"--button-primary-bgcolor","button_primary_hover":"--button-primary-hover-bgcolor","button_primary_active":"--button-primary-active-bgcolor","button_primary_color":"--button-primary-color","error_text_color":"--error-text-color","input_background":"--input-bgcolor","input_color":"--input-color","input_border":"--input-border-color","input_border_error":"--input-error-border-color","autocomplete_popup_separator":"--autocomplete-popup-separator-color","zoom_controls":"--zoom-controls-bgcolor","appmenu_update_icon_color":"--panel-banner-item-update-supported-bgcolor","appmenu_warning_icon_color":"--panel-banner-item-warning-icon-bgcolor","appmenu_info_icon_color":"--panel-banner-item-info-icon-bgcolor","tab_icon_overlay_stroke":"--tab-icon-overlay-stroke","tab_icon_overlay_fill":"--tab-icon-overlay-fill"},"images":null,"properties":{"panel_hover":"--arrowpanel-dimmed","panel_active":"--arrowpanel-dimmed-further","panel_active_darker":"--arrowpanel-dimmed-even-further","toolbar_field_icon_opacity":"--urlbar-icon-fill-opacity"},"stylesheet":"moz-extension://081fdb14-df27-4c69-bff1-2ba9f0415fb0/experiment.css"}},"lwtStyles":{"experimental":{"colors":{"button":"rgb(43,42,51)","button_hover":"rgb(82,82,94)","button_active":"rgb(91,91,102)","button_primary":"rgb(0, 221, 255)","button_primary_hover":"rgb(128, 235, 255)","button_primary_active":"rgb(170, 242, 255)","button_primary_color":"rgb(43, 42, 51)","error_text_color":"rgb(255, 154, 162)","input_background":"#42414D","input_color":"rgb(251,251,254)","input_border":"#8f8f9d","input_border_error":"rgb(255, 132, 138)","zoom_controls":"rgb(74,74,85)","autocomplete_popup_separator":"rgb(82,82,94)","appmenu_update_icon_color":"#54FFBD","appmenu_warning_icon_color":"#FFBD4F","appmenu_info_icon_color":"#80EBFF","tab_icon_overlay_stroke":"rgb(66,65,77)","tab_icon_overlay_fill":"rgb(251,251,254)"},"images":{},"properties":{"panel_hover":"color-mix(in srgb, currentColor 9%, transparent)","panel_active":"color-mix(in srgb, currentColor 14%, transparent)","panel_active_darker":"color-mix(in srgb, currentColor 25%, transparent)","toolbar_field_icon_opacity":"1"}},"accentcolor":"#1c1b22","icon_color":"rgb(251,251,254)","ntp_background":"rgb(43, 42, 51)","ntp_text":"rgb(251, 251, 254)","popup":"rgb(66,65,77)","popup_border":"rgb(82,82,94)","popup_highlight":"rgb(43,42,51)","popup_text":"rgb(251,251,254)","sidebar":"#38383D","sidebar_border":"rgba(255, 255, 255, 0.1)","sidebar_text":"rgb(249, 249, 250)","textcolor":"#fbfbfe","tab_line":"transparent","tab_selected":"rgb(66,65,77)","tab_text":"rgb(251,251,254)","toolbarColor":"rgb(43,42,51)","toolbar_bottom_separator":"hsl(240, 5%, 5%)","toolbar_field":"rgb(28,27,34)","toolbar_field_border":"transparent","toolbar_field_focus":"rgb(66,65,77)","toolbar_field_text":"rgb(251,251,254)","toolbar_text":"rgb(251, 251, 254)","toolbar_top_separator":"transparent","id":"firefox-compact-dark@mozilla.org","version":"1.2"},"lwtDarkStyles":null,"experiment":{"colors":{"button":"--button-bgcolor","button_hover":"--button-hover-bgcolor","button_active":"--button-active-bgcolor","button_primary":"--button-primary-bgcolor","button_primary_hover":"--button-primary-hover-bgcolor","button_primary_active":"--button-primary-active-bgcolor","button_primary_color":"--button-primary-color","error_text_color":"--error-text-color","input_background":"--input-bgcolor","input_color":"--input-color","input_border":"--input-border-color","input_border_error":"--input-error-border-color","autocomplete_popup_separator":"--autocomplete-popup-separator-color","zoom_controls":"--zoom-controls-bgcolor","appmenu_update_icon_color":"--panel-banner-item-update-supported-bgcolor","appmenu_warning_icon_color":"--panel-banner-item-warning-icon-bgcolor","appmenu_info_icon_color":"--panel-banner-item-info-icon-bgcolor","tab_icon_overlay_stroke":"--tab-icon-overlay-stroke","tab_icon_overlay_fill":"--tab-icon-overlay-fill"},"images":null,"properties":{"panel_hover":"--arrowpanel-dimmed","panel_active":"--arrowpanel-dimmed-further","panel_active_darker":"--arrowpanel-dimmed-even-further","toolbar_field_icon_opacity":"--urlbar-icon-fill-opacity"},"stylesheet":"moz-extension://081fdb14-df27-4c69-bff1-2ba9f0415fb0/experiment.css"}}},"firefox-alpenglow@mozilla.org":{"dependencies":[],"enabled":false,"loader":null,"path":null,"rootURI":"resource://builtin-themes/alpenglow/","runInSafeMode":true,"signedDate":null,"telemetryKey":"firefox-alpenglow%40mozilla.org:1.4","version":"1.4","type":"theme"},"google@search.mozilla.org":{"dependencies":[],"enabled":true,"loader":null,"path":null,"rootURI":"resource://search-extensions/google/","runInSafeMode":true,"signedDate":null,"telemetryKey":"google%40search.mozilla.org:1.1","version":"1.1"},"amazondotcom@search.mozilla.org":{"dependencies":[],"enabled":true,"loader":null,"path":null,"rootURI":"resource://search-extensions/amazondotcom/","runInSafeMode":true,"signedDate":null,"telemetryKey":"amazondotcom%40search.mozilla.org:1.3","version":"1.3"},"wikipedia@search.mozilla.org":{"dependencies":[],"enabled":true,"loader":null,"path":null,"rootURI":"resource://search-extensions/wikipedia/","runInSafeMode":true,"signedDate":null,"telemetryKey":"wikipedia%40search.mozilla.org:1.1","version":"1.1"},"bing@search.mozilla.org":{"dependencies":[],"enabled":true,"loader":null,"path":null,"rootURI":"resource://search-extensions/bing/","runInSafeMode":true,"signedDate":null,"telemetryKey":"bing%40search.mozilla.org:1.3","version":"1.3"},"ddg@search.mozilla.org":{"dependencies":[],"enabled":true,"loader":null,"path":null,"rootURI":"resource://search-extensions/ddg/","runInSafeMode":true,"signedDate":null,"telemetryKey":"ddg%40search.mozilla.org:1.1","version":"1.1"}},"staged":{}}}
