{"schema":6,"addons":[{"id":"CanvasBlocker@kkapsner.de","icons":{"32":"https://addons.cdn.mozilla.net/user-media/addon_icons/534/534930-32.png?modified=1581849561","64":"https://addons.cdn.mozilla.net/user-media/addon_icons/534/534930-64.png?modified=1581849561","128":"https://addons.cdn.mozilla.net/user-media/addon_icons/534/534930-128.png?modified=1581849561"},"name":"CanvasBlocker","version":"1.3","sourceURI":"https://addons.mozilla.org/firefox/downloads/file/3586373/canvasblocker-1.3-an+fx.xpi?src=","homepageURL":"https://github.com/kkapsner/CanvasBlocker/","supportURL":null,"description":"Alters some JS APIs to prevent fingerprinting.","fullDescription":"This add-on allows users to prevent websites from using some Javascript APIs to fingerprint them. Users can choose to block the APIs entirely on some or all websites (which may break some websites) or fake its fingerprinting-friendly readout API.\n\nIf you encounter any problems please check the FAQ first. Please report issues and feature requests at https://github.com/kkapsner/CanvasBlocker/issues\n\nIMPORTANT: you should only have ONE addon/setting set that protects an API. Otherwise you could face massive performance issues. (E.g. EclipsedMoon for Palemoon has 'canvas.poison' which is known to cause issues: https://github.com/kkapsner/CanvasBlocker/issues/253#issuecomment-459499290)\nBut setting privacy.resistFingerprinting to true and/or using the new fingerprinting protection introduced with Firefox 67 is fine.\n\nProtected \"fingerprinting\" APIs:\n\n    canvas 2d\n    webGL\n    audio\n    history\n    window (disabled by default)\n    DOMRect\n    navigator (disabled by default)\n    screen\n\n\nMore information on fingerprinting can be found at:\n\n    <canvas>: http://www.browserleaks.com/canvas\n    audio:\n        https://audiofingerprint.openwpm.com/ (very poorly written = slow)\n        https://webtransparency.cs.princeton.edu/webcensus/#audio-fp\n    DOMRect:\n        http://jcarlosnorte.com/security/2016/03/06/advanced-tor-browser-fingerprinting.html\n        https://browserleaks.com/rects\n\n\nThe different block modes are:\n\n    fake: Canvas Blocker's default setting, and my favorite! All websites not on the white list or black list can use the protected APIs. But values obtained by the APIs are altered so that a consistent fingerprinting is not possible\n    ask for permission: If a website is not listed on the white list or black list, the user will be asked if the website should be allowed to use the protected APIs each time they are called.\n    block everything: Ignore all lists and block the protected APIs on all websites.\n    allow only white list: Only websites in the white list are allowed to use the protected APIs.\n    block only black list: Block the protected APIs only for websites on the black list.\n    allow everything: Ignore all lists and allow the protected APIs on all websites.\n","weeklyDownloads":5720,"type":"extension","creator":{"name":"kkapsner","url":"https://addons.mozilla.org/en-US/firefox/user/11033762/"},"developers":[],"screenshots":[{"url":"https://addons.cdn.mozilla.net/user-media/previews/full/194/194239.png?modified=1543520165","width":700,"height":279,"thumbnailURL":"https://addons.cdn.mozilla.net/user-media/previews/thumbs/194/194239.png?modified=1543520165","thumbnailWidth":640,"thumbnailHeight":255},{"url":"https://addons.cdn.mozilla.net/user-media/previews/full/191/191763.png?modified=1543520166","width":278,"height":283,"thumbnailURL":"https://addons.cdn.mozilla.net/user-media/previews/thumbs/191/191763.png?modified=1543520166","thumbnailWidth":278,"thumbnailHeight":283}],"contributionURL":"","averageRating":4.6119,"reviewCount":151,"reviewURL":"https://addons.mozilla.org/en-US/firefox/addon/canvasblocker/reviews/","updateDate":1591523412000},{"id":"neaturl@hugsmile.eu","icons":{"32":"https://addons.cdn.mozilla.net/user-media/addon_icons/843/843685-32.png?modified=1531509535","64":"https://addons.cdn.mozilla.net/user-media/addon_icons/843/843685-64.png?modified=1531509535","128":"https://addons.cdn.mozilla.net/user-media/addon_icons/843/843685-128.png?modified=1531509535"},"name":"Neat URL","version":"5.0.0","sourceURI":"https://addons.mozilla.org/firefox/downloads/file/3557562/neat_url-5.0.0-an+fx.xpi?src=","homepageURL":"http://hugsmile.eu","supportURL":"https://github.com/Smile4ever/Neat-URL","description":"Remove garbage from URLs.","fullDescription":"Neat URL cleans URLs, removing parameters such as Google Analytics' utm parameters.\n\nExample\nBefore:\nhttp://www.phoronix.com/scan.php?page=news_item&px=Ioquake3-Auto-Updater&utm_source=feedburner&utm_medium=feed&utm_campaign=Feed%3A+Phoronix+(Phoronix)\n\nAfter:\nhttp://www.phoronix.com/scan.php?page=news_item&px=Ioquake3-Auto-Updater\n\nCustom rules can be added using the global format or the domain specific format (parameter@domain). A domain specific parameter would be, for example, utm_campaign@phoronix.com.\n\nParameter rules\nA parameter is something that starts with ?. You can add your own parameter in the options of Neat URL. The ? is ommitted in the options, so a ?ved parameter becomes \"ved\". There are a few exceptions to this rule (see below)\n\nParameters can be global (for every domain):\nutm_source\n\nParameters can contain @ signs (domain-specific):\nnb@tweakers.net\n\nParameters can contain @ signs with a wildcard so every subdomain will match too:\nparam@*.wired.com\n\nParameters can contain @ signs with a wildcard at the end of a domain name (matches every domain name which begins with \"google\" and ends in an unknown suffix:\nparam@google.*\n\nParameters can also apply globally (first rule), except for a (wilcard) domain (second rule):\n\nref\n!ref@amazon.co.uk\n\nThe excluded domain always takes precedence. Should you include \"ref\" and \"!ref\", \"!ref\" will apply.\n\nOther valid parameters (exceptions to the ? rule):\n#xtor=RSS-8 (remove this parameter - be sure to include its value as well when you are using anchor tags)\n#xtor=RSS-8@futura-sciences.com\n$/ref@amazon.* (remove everything after /ref on amazon domains - this will only apply when there are no query parameters left after removing the filtered query parameters)\n$$/ref@amazon.* (remove everything after /ref on amazon domains - this will always apply, even when there are other query parameters after removing the filtered query parameters - this option is available because the user should be in control but beware that double dollar signs are dangerous, it might break the URL)\n\nInvalid parameters:\nparam@*.google.* (too many wildcards)\n!ved (this is some random string - not supported, but it might work)\n/ref@amazon.*$ (dollar sign should be at the beginning)\n\nHistory\nNeat URL is based on Lean URL. Neat URL contains a few improvements:\n* set your own URL parameters on the options page (to reach feature parity with Pure URL)\n* fixed for recent Firefox versions\n* a nice animation in the toolbar (can be changed or disabled)\n* domain-specific blocked parameters (to reach feature parity with Pure URL)\n* wildcard domain-specific blocked parameters\n\nBug reports and feature requests\nYou can open an issue on GitHub: https://github.com/Smile4ever/Neat-URL/issues/new","weeklyDownloads":560,"type":"extension","creator":{"name":"Geoffrey De Belie","url":"https://addons.mozilla.org/en-US/firefox/user/6259307/"},"developers":[],"screenshots":[],"contributionURL":"https://www.paypal.me/Smile4ever/5?utm_content=product-page-contribute&utm_medium=referral&utm_source=addons.mozilla.org","averageRating":4.5462,"reviewCount":63,"reviewURL":"https://addons.mozilla.org/en-US/firefox/addon/neat-url/reviews/","updateDate":1587929709000},{"id":"{7fc8ef53-24ec-4205-87a4-1e745953bb0d}","icons":{"32":"https://addons.cdn.mozilla.net/user-media/addon_icons/931/931864-32.png?modified=cd504acd","64":"https://addons.cdn.mozilla.net/user-media/addon_icons/931/931864-64.png?modified=cd504acd","128":"https://addons.cdn.mozilla.net/user-media/addon_icons/931/931864-128.png?modified=cd504acd"},"name":"CSS Exfil Protection","version":"1.1.0","sourceURI":"https://addons.mozilla.org/firefox/downloads/file/3631278/css_exfil_protection-1.1.0-an+fx.xpi?src=","homepageURL":"https://www.mike-gualtieri.com/css-exfil-vulnerability-tester","supportURL":"https://www.mike-gualtieri.com/css-exfil-vulnerability-tester","description":"Guard your browser against CSS Exfil attacks!\n\nCSS Exfil is a method attackers can use to steal data from web pages using Cascading Style Sheets (CSS). This plugin sanitizes and blocks any CSS rules which may be designed to steal data.","fullDescription":null,"weeklyDownloads":487,"type":"extension","creator":{"name":"Mike Gualtieri","url":"https://addons.mozilla.org/en-US/firefox/user/8776114/"},"developers":[],"screenshots":[{"url":"https://addons.cdn.mozilla.net/user-media/previews/full/211/211349.png?modified=1543521070","width":2400,"height":1157,"thumbnailURL":"https://addons.cdn.mozilla.net/user-media/previews/thumbs/211/211349.png?modified=1543521070","thumbnailWidth":640,"thumbnailHeight":309}],"contributionURL":"","averageRating":4.7317,"reviewCount":13,"reviewURL":"https://addons.mozilla.org/en-US/firefox/addon/css-exfil-protection/reviews/","updateDate":1598307314000},{"id":"{b86e4813-687a-43e6-ab65-0bde4ab75758}","icons":{"32":"https://addons.cdn.mozilla.net/user-media/addon_icons/2627/2627159-32.png?modified=b2f5fc36","64":"https://addons.cdn.mozilla.net/user-media/addon_icons/2627/2627159-64.png?modified=b2f5fc36","128":"https://addons.cdn.mozilla.net/user-media/addon_icons/2627/2627159-128.png?modified=b2f5fc36"},"name":"LocalCDN","version":"2.3.1","sourceURI":"https://addons.mozilla.org/firefox/downloads/file/3630323/localcdn-2.3.1-an+fx.xpi?src=","homepageURL":"https://www.localcdn.org","supportURL":"https://codeberg.org/nobody/LocalCDN","description":"Emulates remote frameworks (e.g. jQuery, Bootstrap, AngularJS) and delivers them as local resource. Prevents unnecessary 3rd party requests to Google, StackPath, MaxCDN and more. Prepared rules for uBlock Origin/uMatrix.","fullDescription":"LocalCDN is a web browser extension that emulates Content Delivery Networks to improve your online privacy. It intercepts traffic, finds supported resources locally, and injects them into the environment. All of this happens automatically, so no prior configuration is required.\n\nDifferences between LocalCDN and Decentraleyes\nLocalCDN contains a big collection of frameworks and useful functions.\n\n    New: Sync extension settings with Firefox Sync or own server\n    Includes Rocket Loader, Findify, Vue.js, page.js, lozad, AngularJS, Bootstrap, Google Material Icons, React, Vue, Chart.js and much more. The list will be continuously updated.\n    Includes Font Awesome in different version (v3.2.1, v4.7.0, v5.13.1)\n    Prepared rules for uBlock Origin/uMatrix and notifications if rule changes are necessary\n    Removes integrity/crossorigin attributes to replace more frameworks\n\nAdds protection from\n\n    Font Awesome (3.x, 4.x, 5.x)\n    jQuery up to 3.5.1\n    Bootstrap CSS (Delivered by StackPath, NetDNA and MaxCDN)\n    Bootstrap JavaScript (Delivered by StackPath, NetDNA and MaxCDN)\n    AngularJS, AngularJS-Animate, AngularJS-Sanitize, AngularJS-Cookies and AngularJS-Touch\n    ...and more (100 different frameworks in various versions in total!)\n\nSource code\nhttps://codeberg.org/nobody/LocalCDN\n\nWould you like to see other CDN or versions (e.g. jQuery or Bootstrap) integrated? Feel free to open an issue or pull request.\n\nDonations are possible. The possibilities for donations can be displayed in the extension. (Reduces traffic and prevents your IP from being listed in the server logs. Therefore a small offline help page is also integrated.)\n\nFor clarification: This extension doesn't create an external connection by itself. LocalCDN contains these frameworks/libraries in add-on storage. This is the reason why the size of LocalCDN is 10 MB. There is also a donation page and a short FAQ page inside the extension. There are only external connections in the form of hyperlinks that the user must actively click on. This includes, for example, the test page or the translation platform \"Weblate\". All links are marked.\n\n---\n\nThis add-on is a fork of https://git.synz.io/Synzvato/decentraleyes","weeklyDownloads":897,"type":"extension","creator":{"name":"nobody","url":"https://addons.mozilla.org/en-US/firefox/user/15698979/"},"developers":[],"screenshots":[{"url":"https://addons.cdn.mozilla.net/user-media/previews/full/243/243132.png?modified=1597300590","width":350,"height":253,"thumbnailURL":"https://addons.cdn.mozilla.net/user-media/previews/thumbs/243/243132.png?modified=1597300590","thumbnailWidth":350,"thumbnailHeight":253,"caption":"Clean website without 3rd party scripts (LocalCDN enabled)"},{"url":"https://addons.cdn.mozilla.net/user-media/previews/full/243/243133.png?modified=1597300590","width":350,"height":253,"thumbnailURL":"https://addons.cdn.mozilla.net/user-media/previews/thumbs/243/243133.png?modified=1597300590","thumbnailWidth":350,"thumbnailHeight":253,"caption":"Clean website without 3rd party scripts (LocalCDN disabled)"},{"url":"https://addons.cdn.mozilla.net/user-media/previews/full/243/243134.png?modified=1597300591","width":350,"height":432,"thumbnailURL":"https://addons.cdn.mozilla.net/user-media/previews/thumbs/243/243134.png?modified=1597300591","thumbnailWidth":350,"thumbnailHeight":432,"caption":"Successfully intercepted requests"},{"url":"https://addons.cdn.mozilla.net/user-media/previews/full/243/243135.png?modified=1597300591","width":350,"height":572,"thumbnailURL":"https://addons.cdn.mozilla.net/user-media/previews/thumbs/243/243135.png?modified=1597300591","thumbnailWidth":294,"thumbnailHeight":480,"caption":"Successfully intercepted requests"},{"url":"https://addons.cdn.mozilla.net/user-media/previews/full/243/243136.png?modified=1597300590","width":350,"height":253,"thumbnailURL":"https://addons.cdn.mozilla.net/user-media/previews/thumbs/243/243136.png?modified=1597300590","thumbnailWidth":350,"thumbnailHeight":253,"caption":"Dark mode: Clean website without 3rd party scripts (LocalCDN enabled)"},{"url":"https://addons.cdn.mozilla.net/user-media/previews/full/243/243137.png?modified=1597300590","width":350,"height":253,"thumbnailURL":"https://addons.cdn.mozilla.net/user-media/previews/thumbs/243/243137.png?modified=1597300590","thumbnailWidth":350,"thumbnailHeight":253,"caption":"Dark mode: Clean website without 3rd party scripts (LocalCDN disabled)"},{"url":"https://addons.cdn.mozilla.net/user-media/previews/full/243/243138.png?modified=1597300591","width":350,"height":354,"thumbnailURL":"https://addons.cdn.mozilla.net/user-media/previews/thumbs/243/243138.png?modified=1597300591","thumbnailWidth":350,"thumbnailHeight":354,"caption":"Dark mode: Successfully intercepted requests"},{"url":"https://addons.cdn.mozilla.net/user-media/previews/full/243/243139.png?modified=1597300591","width":350,"height":572,"thumbnailURL":"https://addons.cdn.mozilla.net/user-media/previews/thumbs/243/243139.png?modified=1597300591","thumbnailWidth":294,"thumbnailHeight":480,"caption":"Dark mode: Successfully intercepted requests"},{"url":"https://addons.cdn.mozilla.net/user-media/previews/full/243/243140.png?modified=1597300592","width":694,"height":1800,"thumbnailURL":"https://addons.cdn.mozilla.net/user-media/previews/thumbs/243/243140.png?modified=1597300592","thumbnailWidth":185,"thumbnailHeight":480,"caption":"For uBlock/uMatrix users: Generate a rule set for uBlock/uMatrix"},{"url":"https://addons.cdn.mozilla.net/user-media/previews/full/242/242640.png?modified=1597300587","width":982,"height":775,"thumbnailURL":"https://addons.cdn.mozilla.net/user-media/previews/thumbs/242/242640.png?modified=1597300587","thumbnailWidth":608,"thumbnailHeight":480,"caption":"For uBlock/uMatrix users: Notifications if rule changes are necessary."},{"url":"https://addons.cdn.mozilla.net/user-media/previews/full/242/242641.png?modified=1597300587","width":2400,"height":777,"thumbnailURL":"https://addons.cdn.mozilla.net/user-media/previews/thumbs/242/242641.png?modified=1597300587","thumbnailWidth":640,"thumbnailHeight":207,"caption":"What is the different of LocalCDN in comparison to other CDN emulators?"}],"contributionURL":"","averageRating":4.7143,"reviewCount":28,"reviewURL":"https://addons.mozilla.org/en-US/firefox/addon/localcdn-fork-of-decentraleyes/reviews/","updateDate":1598175319000},{"id":"httpz@cm.org","icons":{"32":"https://addons.cdn.mozilla.net/user-media/addon_icons/1018/1018256-32.png?modified=9b273331","64":"https://addons.cdn.mozilla.net/user-media/addon_icons/1018/1018256-64.png?modified=9b273331","128":"https://addons.cdn.mozilla.net/user-media/addon_icons/1018/1018256-128.png?modified=9b273331"},"name":"HTTPZ","version":"0.12.0","sourceURI":"https://addons.mozilla.org/firefox/downloads/file/3466437/httpz-0.12.0-an+fx.xpi?src=","homepageURL":"https://github.com/claustromaniac/httpz","supportURL":"https://github.com/claustromaniac/httpz/issues","description":"Fat-free hardenable opportunistic encryption","fullDescription":"There are numerous similar extensions out there, but HTTPZ is different because it is not smart: it is Zmart. The following summarizes how it works with the default settings:\n\n    When you are about to navigate to a site over HTTP, that request is aborted and a new one is started over HTTPS. If that new request results in an error, it is automatically redirected back to HTTP. If navigating to the site over HTTP throws an error too, HTTPZ does nothing more then. Otherwise, that host is added to the list of known insecure sites, and all subsequent requests to it are ignored by the extension for seven days\n    When you navigate to a site over HTTPS by yourself, or because of some external factor (like HSTS preloading), HTTPZ does not do anything to that request, regardless of the outcome.\n    When you navigate to a site over HTTPS and *the server* downgrades the request to HTTP, the extension notices this and allows it. It adds that site to the list of known insecure sites, and does not try to load it over HTTPS for the next seven days\n\n\nHTTPZ is meant to be unobtrusive and lightweight, it respects your privacy, and is free of trans fats. Additionally, it is very configurable, and should be slightly more secure than some of the alternatives out there, since it has a couple of built-in defenses against SSL-stripping attacks.\n\nIt also gets along well with extensions that I recommend for managing contextual identities (containers), such as Containerise and Temporary Containers\n\n\nLimitations\n\n    When the initial request over HTTPS results in an error, Firefox starts loading an internal page that describes the error. HTTPZ does not wait for Firefox to finish loading those error pages, it immediately retries the request over HTTP, which causes them to load partially, and it does not look good. This is only a cosmetic issue, and a negligible one at that.\n    Unlike HTTPS Everywhere, this extension does not take care of sub-requests triggered from HTTP-only sites. For now, it outright ignores those requests, because using the same approach with those (retrying on error) is very complicated and has significant drawbacks.\n\n\nInterested in more recommendations? Head over to the ghacks-user.js GitHub repository. It is an amazing project for hardening Firefox that I have contributed to, and a great source of information (including extension recommendations).\n\n\nAcknowledgments\nHTTPZ would not be what it is if not for its testers' feedback on GitHub.","weeklyDownloads":290,"type":"extension","creator":{"name":"claustromaniac","url":"https://addons.mozilla.org/en-US/firefox/user/13341776/"},"developers":[],"screenshots":[{"url":"https://addons.cdn.mozilla.net/user-media/previews/full/229/229045.png?modified=1575487688","width":886,"height":544,"thumbnailURL":"https://addons.cdn.mozilla.net/user-media/previews/thumbs/229/229045.png?modified=1575487688","thumbnailWidth":640,"thumbnailHeight":393,"caption":"Optional warning page displayed when an attempt to upgrade to HTTPS results in an error. (v0.11.0)"},{"url":"https://addons.cdn.mozilla.net/user-media/previews/full/229/229046.png?modified=1575487687","width":621,"height":302,"thumbnailURL":"https://addons.cdn.mozilla.net/user-media/previews/thumbs/229/229046.png?modified=1575487687","thumbnailWidth":621,"thumbnailHeight":302,"caption":"Advanced options (v0.11.0)"},{"url":"https://addons.cdn.mozilla.net/user-media/previews/full/229/229047.png?modified=1575487687","width":622,"height":319,"thumbnailURL":"https://addons.cdn.mozilla.net/user-media/previews/thumbs/229/229047.png?modified=1575487687","thumbnailWidth":622,"thumbnailHeight":319,"caption":"General options (v0.11.0)"},{"url":"https://addons.cdn.mozilla.net/user-media/previews/full/229/229048.png?modified=1575487687","width":401,"height":281,"thumbnailURL":"https://addons.cdn.mozilla.net/user-media/previews/thumbs/229/229048.png?modified=1575487687","thumbnailWidth":401,"thumbnailHeight":281,"caption":"Page action with pop-up from a Private Browsing window (v0.11.0)"},{"url":"https://addons.cdn.mozilla.net/user-media/previews/full/229/229049.png?modified=1575487687","width":628,"height":357,"thumbnailURL":"https://addons.cdn.mozilla.net/user-media/previews/thumbs/229/229049.png?modified=1575487687","thumbnailWidth":628,"thumbnailHeight":357,"caption":"Optional page displayed when a server-initiated redirection is intercepted (v0.11.0)"}],"contributionURL":"","averageRating":4.9474,"reviewCount":14,"reviewURL":"https://addons.mozilla.org/en-US/firefox/addon/httpz/reviews/","updateDate":1576063225000},{"id":"etag-stoppa@cm.org","icons":{"32":"https://addons.cdn.mozilla.net/user-media/addon_icons/994/994801-32.png?modified=4786d4ff","64":"https://addons.cdn.mozilla.net/user-media/addon_icons/994/994801-64.png?modified=4786d4ff","128":"https://addons.cdn.mozilla.net/user-media/addon_icons/994/994801-128.png?modified=4786d4ff"},"name":"ETag Stoppa","version":"0.4","sourceURI":"https://addons.mozilla.org/firefox/downloads/file/1191752/etag_stoppa-0.4-an+fx.xpi?src=","homepageURL":null,"supportURL":"https://github.com/claustromaniac/etag-stoppa/issues","description":"Prevents Firefox from storing entity tags by removing ETag response headers unconditionally and without exceptions.\n\nMinimalism at its fullest.","fullDescription":"WARNING: ETags for resources that were cached prior to installing this will remain intact. You will have to manually clear the cache once to remove existing ETags after installing this extension.\n\nI was using a more general-purpose extension for editing headers, but most of the rules I made were only experimental. The only constant across all my profiles was a rule to remove ETag headers. I decided that I didn't need the extra bells and whistles, and so this diminutive extension was born.\n\nThis site has a functional proof of concept that you can use to confirm the extension is working as intended. Note that you may need to whitelist the site in uBlock Origin, because that extension can prevent the HTML document from being cached (depending on your personal settings), and the test relies on that.\n\nKeep in mind that ETags are only *one* of the known tracking/de-anonimizing vectors related to the cache. I am aware of at least three other less straightforward methods to exploit the cache for those purposes. If you are absolutely serious about your privacy, do not rely on this extension. Instead, disable the cache and/or use another extension like Temporary Containers in automatic mode.\n\nMight as well recommend you to take a good look at this project if you haven't already. Even if you already use a user.js file to manage your Firefox settings, I recommend you to at least take a good look at the wiki, which is full of valuable up-to-date information for all Firefox users seeking to tighten our security and privacy.","weeklyDownloads":231,"type":"extension","creator":{"name":"claustromaniac","url":"https://addons.mozilla.org/en-US/firefox/user/13341776/"},"developers":[],"screenshots":[],"contributionURL":"","averageRating":4.7273,"reviewCount":2,"reviewURL":"https://addons.mozilla.org/en-US/firefox/addon/etag-stoppa/reviews/","updateDate":1545768907000},{"id":"poop@cm.org","icons":{"32":"https://addons.cdn.mozilla.net/user-media/addon_icons/1012/1012731-32.png?modified=e97aa3af","64":"https://addons.cdn.mozilla.net/user-media/addon_icons/1012/1012731-64.png?modified=e97aa3af","128":"https://addons.cdn.mozilla.net/user-media/addon_icons/1012/1012731-128.png?modified=e97aa3af"},"name":"Privacy-Oriented Origin Policy","version":"1.4.2","sourceURI":"https://addons.mozilla.org/firefox/downloads/file/1396562/privacy_oriented_origin_policy-1.4.2-an+fx.xpi?src=","homepageURL":"https://claustromaniac.github.io/poop/","supportURL":"https://github.com/claustromaniac/poop/issues","description":"Prevent Firefox from sending Origin headers when they are least likely to be necessary, to protect your privacy.","fullDescription":"Please, see the home page for more information. Don't worry, there are no trackers, ads, miners, or analytics in there. It's just a static page.","weeklyDownloads":153,"type":"extension","creator":{"name":"claustromaniac","url":"https://addons.mozilla.org/en-US/firefox/user/13341776/"},"developers":[],"screenshots":[],"contributionURL":"","averageRating":4.8462,"reviewCount":6,"reviewURL":"https://addons.mozilla.org/en-US/firefox/addon/privacy-oriented-origin-policy/reviews/","updateDate":1548358808000},{"id":"{569456be-2850-4f7e-b669-71e55140ee0a}","icons":{"32":"https://addons.cdn.mozilla.net/user-media/addon_icons/858/858450-32.png?modified=2bcc5213","64":"https://addons.cdn.mozilla.net/user-media/addon_icons/858/858450-64.png?modified=2bcc5213","128":"https://addons.cdn.mozilla.net/user-media/addon_icons/858/858450-128.png?modified=2bcc5213"},"name":"Redirect AMP to HTML","version":"2.1.0","sourceURI":"https://addons.mozilla.org/firefox/downloads/file/3546077/redirect_amp_to_html-2.1.0-an+fx.xpi?src=","homepageURL":"https://www.daniel.priv.no/web-extensions/amp2html.html","supportURL":"https://www.daniel.priv.no/web-extensions/amp2html.html","description":"Automatically redirects AMP pages to the regular web page variant.","fullDescription":"Automatically redirects any Accelerated Mobile Page (AMP) pages to their regular HTML equivalent.\n\nWhen you see an AMP page, you’re likely seeing a page served directly by Bing or Google who can suck in information about what you do on that page. Keep the web decentralized and say “No!” to search engines that want to take control over the web.\n\nAMP pages are designed for small-screen devices and often don’t translate well to larger screens. The extension can be especially useful if you receive links from people who’re on their mobile devices while you’re on your desktop computer.","weeklyDownloads":467,"type":"extension","creator":{"name":"Aleksandersen","url":"https://addons.mozilla.org/en-US/firefox/user/14225318/"},"developers":[],"screenshots":[],"contributionURL":"https://flattr.com/@Aleksandersen/domain/daniel.priv.no?utm_content=product-page-contribute&utm_medium=referral&utm_source=addons.mozilla.org","averageRating":4.7321,"reviewCount":24,"reviewURL":"https://addons.mozilla.org/en-US/firefox/addon/amp2html/reviews/","updateDate":1586471411000},{"id":"skipredirect@sblask","icons":{"32":"https://addons.cdn.mozilla.net/user-media/addon_icons/642/642100-32.png?modified=1597226821","64":"https://addons.cdn.mozilla.net/user-media/addon_icons/642/642100-64.png?modified=1597226821","128":"https://addons.cdn.mozilla.net/user-media/addon_icons/642/642100-128.png?modified=1597226821"},"name":"Skip Redirect","version":"2.3.4","sourceURI":"https://addons.mozilla.org/firefox/downloads/file/3632211/skip_redirect-2.3.4-an+fx.xpi?src=","homepageURL":null,"supportURL":"https://github.com/sblask/webextension-skip-redirect","description":"Some web pages use intermediary pages before redirecting to a final page. This add-on tries to extract the final url from the intermediary url and goes there straight away if successful.","fullDescription":"Skip Redirect\n=====================\nSome web pages use intermediary pages before redirecting to a final page. This webextension tries to extract the final url from the intermediary url and goes there straight away if successful. As an example, try this url:\n\n- www.google.com/chrome/?or-maybe-rather-firefox=http%3A%2F%2Fwww.mozilla.org/\n\nPlease give feedback(see below) if you find websites where this fails or where you get redirected in a weird way when this add-on is enabled but not when it's disabled.\n\nSee the add-on's preferences (also available by clicking the toolbar icon) for options.\n\nBy default all URLs but the ones matching a no-skip-urls-list are checked for embedded URLs and redirects are skipped. Depending on the pages visited, this can cause problems. For example a dysfunctional login. The no-skip-urls-list can be edited to avoid these problems. There is also a skip-urls-list mode to avoid this kind of problem altogether. In skip-urls-list mode, all URLs for which redirects should be skipped need to be added to the skip-urls-list manually.\n\nSome websites use multiple url parameters like this:\n\n`www.example.com/page-we-want-to-skip?first=www.want-to-go-here.com&second=www.do-not-care-about-this-url.com`\n\nSkip Redirect does not know which is the right parameter, but you can edit the no-skip-parameter-list. Adding `first` would skip to the URL of `second` and vice versa. Adding both, `first` and `second` would cause no skipping.\n\nPrivacy Policy\n--------------\n\nThis extension does not collect or send data of any kind to third parties.\n\nFeedback\n--------\n\nYou can report bugs or make feature requests on https://github.com/sblask/webextension-skip-redirect\n\nPatches are welcome.","weeklyDownloads":1275,"type":"extension","creator":{"name":"Sebastian Blask","url":"https://addons.mozilla.org/en-US/firefox/user/10503078/"},"developers":[],"screenshots":[{"url":"https://addons.cdn.mozilla.net/user-media/previews/full/162/162862.png?modified=1543520355","width":550,"height":175,"thumbnailURL":"https://addons.cdn.mozilla.net/user-media/previews/thumbs/162/162862.png?modified=1543520355","thumbnailWidth":550,"thumbnailHeight":175,"caption":"The red \"skip\" above the addons' toolbar icon indicates that a skip of a redirect has happened during the last 3 seconds(the delay is configurable in the addons' preferences)."},{"url":"https://addons.cdn.mozilla.net/user-media/previews/full/162/162858.png?modified=1543520355","width":550,"height":175,"thumbnailURL":"https://addons.cdn.mozilla.net/user-media/previews/thumbs/162/162858.png?modified=1543520355","thumbnailWidth":550,"thumbnailHeight":175,"caption":"If you hold the mouse pointer above the toolbar icon, details about the original url(the one that got skipped) and the final url are shown."},{"url":"https://addons.cdn.mozilla.net/user-media/previews/full/162/162864.png?modified=1543520356","width":550,"height":175,"thumbnailURL":"https://addons.cdn.mozilla.net/user-media/previews/thumbs/162/162864.png?modified=1543520356","thumbnailWidth":550,"thumbnailHeight":175,"caption":"Use the toolbar icon to disable(the icon will light grey as in this picture) and enable the skipping."}],"contributionURL":"","averageRating":4.6522,"reviewCount":69,"reviewURL":"https://addons.mozilla.org/en-US/firefox/addon/skip-redirect/reviews/","updateDate":1598432713000},{"id":"smart-referer@meh.paranoid.pk","icons":{"32":"https://addons.cdn.mozilla.net/user-media/addon_icons/327/327417-32.png?modified=f7d194b9","64":"https://addons.cdn.mozilla.net/user-media/addon_icons/327/327417-64.png?modified=f7d194b9","128":"https://addons.cdn.mozilla.net/user-media/addon_icons/327/327417-128.png?modified=f7d194b9"},"name":"Smart Referer","version":"0.2.15","sourceURI":"https://addons.mozilla.org/firefox/downloads/file/3470999/smart_referer-0.2.15-an+fx.xpi?src=","homepageURL":"https://gitlab.com/smart-referer/smart-referer","supportURL":"https://gitlab.com/smart-referer/smart-referer/issues","description":"Improve your privacy by limiting Referer information leak!","fullDescription":"Automatically hide HTTP Referer and JavaScript document.referrer for cross-domain requests!\n\nTo workaround (rare) breakage, a whitelist of related domains is regularily downloaded (24h) and applied in the background. You may view and update the current version of this whitelist here.\n\nFurther information on advanced configuration options, writing your own whitelist entries and contributing is available in the repositiory README file.\n\nThis extension supports Waterfox Classic!","weeklyDownloads":608,"type":"extension","creator":{"name":"meh.","url":"https://addons.mozilla.org/en-US/firefox/user/5453183/"},"developers":[{"name":"Alexander Schlarb","url":"https://addons.mozilla.org/en-US/firefox/user/5622055/"}],"screenshots":[{"url":"https://addons.cdn.mozilla.net/user-media/previews/full/202/202127.png?modified=1543519597","width":1476,"height":1030,"thumbnailURL":"https://addons.cdn.mozilla.net/user-media/previews/thumbs/202/202127.png?modified=1543519597","thumbnailWidth":640,"thumbnailHeight":447,"caption":"Preference page"},{"url":"https://addons.cdn.mozilla.net/user-media/previews/full/202/202128.png?modified=1543519597","width":428,"height":127,"thumbnailURL":"https://addons.cdn.mozilla.net/user-media/previews/thumbs/202/202128.png?modified=1543519597","thumbnailWidth":428,"thumbnailHeight":127,"caption":"Toolbar icons: Enabled dark/light on top; disabled on bottom"}],"contributionURL":"","averageRating":4.297,"reviewCount":66,"reviewURL":"https://addons.mozilla.org/en-US/firefox/addon/smart-referer/reviews/","updateDate":1576670110000},{"id":"{c607c8df-14a7-4f28-894f-29e8722976af}","icons":{"32":"https://addons.cdn.mozilla.net/user-media/addon_icons/888/888648-32.png?modified=mcrushed","64":"https://addons.cdn.mozilla.net/user-media/addon_icons/888/888648-64.png?modified=mcrushed","128":"https://addons.cdn.mozilla.net/user-media/addon_icons/888/888648-128.png?modified=mcrushed"},"name":"Temporary Containers","version":"1.9.1","sourceURI":"https://addons.mozilla.org/firefox/downloads/file/3623550/temporary_containers-1.9.1-fx.xpi?src=","homepageURL":"https://github.com/stoically/temporary-containers","supportURL":"https://github.com/stoically/temporary-containers/issues","description":"Open tabs, websites, and links in automatically managed disposable containers. Containers isolate data websites store (cookies, storage, and more) from each other, enhancing your privacy and security while you browse.","fullDescription":"Easily open disposable containers that isolate attached data and are deleted after usage: Fully automatic, based on navigation-target, for certain websites, with configured mouse clicks on links or just by using the toolbar icon.\n\n    Privacy Policy and Permissions\n    How does it enhance my privacy?\n    Matrix room: #tmp:mozilla.org\n\n\nUsage\n\n    How to open Temporary Containers?\n    Want to make the most out of Temporary Containers? Enable Automatic Mode!\n    How to stay logged in on some websites in Automatic Mode?\n    Troubleshooting\n\n\nAdvanced Usage\n\n    More Keyboard Shortcuts\n    Automatically Delete History\n    Cookies\n    Scripts\n\n\nMiscellaneous\n\n    Free Software / Open Source\n    Comparison with other privacy configurations and Add-ons\n    Compatibility with other Add-ons\n    Complementing Add-ons\n    Recommended privacy enhancing Add-ons","weeklyDownloads":1411,"type":"extension","creator":{"name":"stoically","url":"https://addons.mozilla.org/en-US/firefox/user/13470938/"},"developers":[],"screenshots":[{"url":"https://addons.cdn.mozilla.net/user-media/previews/full/222/222022.png?modified=1562747796","width":282,"height":122,"thumbnailURL":"https://addons.cdn.mozilla.net/user-media/previews/thumbs/222/222022.png?modified=1562747796","thumbnailWidth":282,"thumbnailHeight":122},{"url":"https://addons.cdn.mozilla.net/user-media/previews/full/222/222021.png?modified=1562747797","width":792,"height":785,"thumbnailURL":"https://addons.cdn.mozilla.net/user-media/previews/thumbs/222/222021.png?modified=1562747797","thumbnailWidth":484,"thumbnailHeight":480},{"url":"https://addons.cdn.mozilla.net/user-media/previews/full/222/222020.png?modified=1562747797","width":729,"height":574,"thumbnailURL":"https://addons.cdn.mozilla.net/user-media/previews/thumbs/222/222020.png?modified=1562747797","thumbnailWidth":610,"thumbnailHeight":480},{"url":"https://addons.cdn.mozilla.net/user-media/previews/full/222/222019.png?modified=1562747797","width":746,"height":617,"thumbnailURL":"https://addons.cdn.mozilla.net/user-media/previews/thumbs/222/222019.png?modified=1562747797","thumbnailWidth":580,"thumbnailHeight":480},{"url":"https://addons.cdn.mozilla.net/user-media/previews/full/200/200204.png?modified=1562747792","width":496,"height":475,"thumbnailURL":"https://addons.cdn.mozilla.net/user-media/previews/thumbs/200/200204.png?modified=1562747792","thumbnailWidth":496,"thumbnailHeight":475},{"url":"https://addons.cdn.mozilla.net/user-media/previews/full/222/222018.png?modified=1562747797","width":976,"height":485,"thumbnailURL":"https://addons.cdn.mozilla.net/user-media/previews/thumbs/222/222018.png?modified=1562747797","thumbnailWidth":640,"thumbnailHeight":318}],"contributionURL":"","averageRating":4.7487,"reviewCount":82,"reviewURL":"https://addons.mozilla.org/en-US/firefox/addon/temporary-containers/reviews/","updateDate":1597077916000},{"id":"uBlock0@raymondhill.net","icons":{"32":"https://addons.cdn.mozilla.net/user-media/addon_icons/607/607454-32.png?modified=mcrushed","64":"https://addons.cdn.mozilla.net/user-media/addon_icons/607/607454-64.png?modified=mcrushed","128":"https://addons.cdn.mozilla.net/user-media/addon_icons/607/607454-128.png?modified=mcrushed"},"name":"uBlock Origin","version":"1.29.2","sourceURI":"https://addons.mozilla.org/android/downloads/file/3629683/ublock_origin-1.29.2-an+fx.xpi?src=","homepageURL":"https://github.com/gorhill/uBlock#ublock-origin","supportURL":"https://old.reddit.com/r/uBlockOrigin/","description":"Finally, an efficient wide-spectrum content blocker. Easy on CPU and memory.","fullDescription":"uBlock Origin is not an \"ad blocker\", it's a wide-spectrum content blocker with CPU and memory efficiency as a primary feature.\n\n***\n\nOut of the box, these lists of filters are loaded and enforced:\n\n- EasyList (ads)\n- Peter Lowe’s Ad server list (ads and tracking)\n- EasyPrivacy (tracking)\n- Malware domains\n\nMore lists are available for you to select if you wish:\n\n- Fanboy’s Enhanced Tracking List\n- Dan Pollock’s hosts file\n- MVPS HOSTS\n- Spam404\n- And many others\n\nAdditionally, you can point-and-click to block JavaScript locally or globally, create your own global or local rules to override entries from filter lists, and many more advanced features.\n\n***\n\nFree.\nOpen source with public license (GPLv3)\nFor users by users.\n\nIf ever you really do want to contribute something, think about the people working hard to maintain the filter lists you are using, which were made available to use by all for free.\n\n***\n\n    Documentation\n    Release notes\n    Community support @ Reddit\n    Contributors @ GitHub\n    Contributors @ Crowdin","weeklyDownloads":216490,"type":"extension","creator":{"name":"Raymond Hill","url":"https://addons.mozilla.org/en-US/android/user/11423598/"},"developers":[],"screenshots":[{"url":"https://addons.cdn.mozilla.net/user-media/previews/full/238/238546.png?modified=1590420038","width":1011,"height":758,"thumbnailURL":"https://addons.cdn.mozilla.net/user-media/previews/thumbs/238/238546.png?modified=1590420038","thumbnailWidth":640,"thumbnailHeight":480,"caption":"The popup panel: default mode"},{"url":"https://addons.cdn.mozilla.net/user-media/previews/full/238/238548.png?modified=1590420038","width":1011,"height":758,"thumbnailURL":"https://addons.cdn.mozilla.net/user-media/previews/thumbs/238/238548.png?modified=1590420038","thumbnailWidth":640,"thumbnailHeight":480,"caption":"The dashboard: stock filter lists"},{"url":"https://addons.cdn.mozilla.net/user-media/previews/full/238/238547.png?modified=1590420038","width":1011,"height":758,"thumbnailURL":"https://addons.cdn.mozilla.net/user-media/previews/thumbs/238/238547.png?modified=1590420038","thumbnailWidth":640,"thumbnailHeight":480,"caption":"The popup panel: default-deny mode"},{"url":"https://addons.cdn.mozilla.net/user-media/previews/full/238/238549.png?modified=1590420038","width":1011,"height":758,"thumbnailURL":"https://addons.cdn.mozilla.net/user-media/previews/thumbs/238/238549.png?modified=1590420038","thumbnailWidth":640,"thumbnailHeight":480,"caption":"The dashboard: settings"},{"url":"https://addons.cdn.mozilla.net/user-media/previews/full/238/238552.png?modified=1590420044","width":970,"height":1800,"thumbnailURL":"https://addons.cdn.mozilla.net/user-media/previews/thumbs/238/238552.png?modified=1590420044","thumbnailWidth":259,"thumbnailHeight":480,"caption":"The popup panel in Firefox Preview: default mode with more blocking options revealed"},{"url":"https://addons.cdn.mozilla.net/user-media/previews/full/230/230370.png?modified=1590420038","width":800,"height":600,"thumbnailURL":"https://addons.cdn.mozilla.net/user-media/previews/thumbs/230/230370.png?modified=1590420038","thumbnailWidth":640,"thumbnailHeight":480,"caption":"The unified logger tells you all that uBO is seeing and doing"}],"contributionURL":"","averageRating":4.7292,"reviewCount":4228,"reviewURL":"https://addons.mozilla.org/en-US/android/addon/ublock-origin/reviews/","updateDate":1599144310000},{"id":"{1cbcb826-509e-4073-afbc-0d0fedb54d7b}","icons":{"32":"https://addons.cdn.mozilla.net/user-media/addon_icons/2592/2592418-32.png?modified=68f9435c","64":"https://addons.cdn.mozilla.net/user-media/addon_icons/2592/2592418-64.png?modified=68f9435c","128":"https://addons.cdn.mozilla.net/user-media/addon_icons/2592/2592418-128.png?modified=68f9435c"},"name":"Close unused blank tabs Plus","version":"1.1.4","sourceURI":"https://addons.mozilla.org/firefox/downloads/file/3630319/close_unused_blank_tabs_plus-1.1.4-fx.xpi?src=","homepageURL":"https://github.com/crssi/Close-unused-blank-tabs-Plus/","supportURL":"https://github.com/crssi/Close-unused-blank-tabs-Plus/","description":"Closes unused blank tabs","fullDescription":"This extension was inspired by \"Close unused blank tabs\" created by Dustin Luck.\n\nI have decided to make a new one since original web extension have problems opening multiple links at once and does not support custom new tab page webextensions and Cliqz.","weeklyDownloads":11,"type":"extension","creator":{"name":"crssi","url":"https://addons.mozilla.org/en-US/firefox/user/12320878/"},"developers":[],"screenshots":[],"contributionURL":"","averageRating":4.8,"reviewCount":4,"reviewURL":"https://addons.mozilla.org/en-US/firefox/addon/close-unused-blank-tabs-plus/reviews/","updateDate":1598173811000},{"id":"containerise@kinte.sh","icons":{"32":"https://addons.cdn.mozilla.net/user-media/addon_icons/859/859380-32.png?modified=1553034276","64":"https://addons.cdn.mozilla.net/user-media/addon_icons/859/859380-64.png?modified=1553034276","128":"https://addons.cdn.mozilla.net/user-media/addon_icons/859/859380-128.png?modified=1553034276"},"name":"Containerise","version":"3.7.0","sourceURI":"https://addons.mozilla.org/firefox/downloads/file/3432724/containerise-3.7.0-fx.xpi?src=","homepageURL":"https://github.com/kintesh/containerise","supportURL":"https://github.com/kintesh/containerise/issues","description":"Automatically open websites in a dedicated container. Simply add rules to map domain or subdomain to your container.","fullDescription":"Firefox extension to automatically open websites in a container. Map multiple domains and subdomain to a container with simple csv based config. Once mapped, this extension will always open the site in a container. This behaviour is disabled in private mode.\n\nUsage\n\nBasic mapping:\namazon.co.uk, Shopping will open all amazon.co.uk (not subdomains) links in Shopping container.\n\nGlob:\n!*.amazon.co.uk, Shopping will be treated as *.amazon.co.uk glob pattern. (suitable to subdomains)\n\nRegex:\n@.+\\.amazon\\.co\\.uk$, Shopping will be treat as .+\\.amazon\\.co\\.uk$ regex. (suitable to subdomains and complex paths)\n","weeklyDownloads":112,"type":"extension","creator":{"name":"kintesh","url":"https://addons.mozilla.org/en-US/firefox/user/12977780/"},"developers":[],"screenshots":[{"url":"https://addons.cdn.mozilla.net/user-media/previews/full/189/189440.png?modified=1543520893","width":441,"height":525,"thumbnailURL":"https://addons.cdn.mozilla.net/user-media/previews/thumbs/189/189440.png?modified=1543520893","thumbnailWidth":403,"thumbnailHeight":480,"caption":"Select your container and add a domain to always open all visits in the chosen container."},{"url":"https://addons.cdn.mozilla.net/user-media/previews/full/189/189441.png?modified=1543520894","width":441,"height":525,"thumbnailURL":"https://addons.cdn.mozilla.net/user-media/previews/thumbs/189/189441.png?modified=1543520894","thumbnailWidth":403,"thumbnailHeight":480,"caption":"Add many domains as you wish."},{"url":"https://addons.cdn.mozilla.net/user-media/previews/full/189/189442.png?modified=1543520894","width":441,"height":525,"thumbnailURL":"https://addons.cdn.mozilla.net/user-media/previews/thumbs/189/189442.png?modified=1543520894","thumbnailWidth":403,"thumbnailHeight":480,"caption":"Special `No Container` option to break out of a container."},{"url":"https://addons.cdn.mozilla.net/user-media/previews/full/189/189443.png?modified=1543520895","width":441,"height":525,"thumbnailURL":"https://addons.cdn.mozilla.net/user-media/previews/thumbs/189/189443.png?modified=1543520895","thumbnailWidth":403,"thumbnailHeight":480,"caption":"Simple CSV based mapping of a domain to a container by name for easy backup and bulk editing."}],"contributionURL":"","averageRating":4.3457,"reviewCount":47,"reviewURL":"https://addons.mozilla.org/en-US/firefox/addon/containerise/reviews/","updateDate":1572108310000},{"id":"jid1-KKzOGWgsW3Ao4Q@jetpack","icons":{"32":"https://addons.cdn.mozilla.net/user-media/addon_icons/481/481438-32.png?modified=1597559215","64":"https://addons.cdn.mozilla.net/user-media/addon_icons/481/481438-64.png?modified=1597559215","128":"https://addons.cdn.mozilla.net/user-media/addon_icons/481/481438-128.png?modified=1597559215"},"name":"I don't care about cookies","version":"3.2.1","sourceURI":"https://addons.mozilla.org/firefox/downloads/file/3633489/i_dont_care_about_cookies-3.2.1-an+fx.xpi?src=","homepageURL":"https://www.i-dont-care-about-cookies.eu/","supportURL":"https://www.i-dont-care-about-cookies.eu/","description":"Get rid of cookie warnings from almost all websites!","fullDescription":"The EU regulations require that any website using tracking cookies must get user's permission before installing them. These warnings appear on most websites until the visitor agrees with the website's terms and conditions. Imagine how irritating that becomes when you surf anonymously or if you delete cookies automatically every time you close the browser.\n\nThis add-on will remove these cookie warnings from almost all websites! You can report any website which still warns you about cookies: just click 'Report a cookie warning' from the extension menu (the brown cookie image next to your address bar).\n\nOther browsers are supported too. Check https://www.i-dont-care-about-cookies.eu/ for info, support and donations.\n\n\nPrivacy policy related stuff:\n\nIf the user chooses \"Report a cookie warning\" from the menu, this add-on collects the URL of the current page and redirects user to the reporting page.\n\nThis addon periodicaly (usually once a year) notifies users about what has been and needs to be done.","weeklyDownloads":7985,"type":"extension","creator":{"name":"Kiko","url":"https://addons.mozilla.org/en-US/firefox/user/10289989/"},"developers":[],"screenshots":[{"url":"https://addons.cdn.mozilla.net/user-media/previews/full/207/207405.png?modified=1543520146","width":1280,"height":800,"thumbnailURL":"https://addons.cdn.mozilla.net/user-media/previews/thumbs/207/207405.png?modified=1543520146","thumbnailWidth":640,"thumbnailHeight":400,"caption":"\"I don't care about cookies\" browser extension."},{"url":"https://addons.cdn.mozilla.net/user-media/previews/full/207/207406.png?modified=1543520148","width":823,"height":380,"thumbnailURL":"https://addons.cdn.mozilla.net/user-media/previews/thumbs/207/207406.png?modified=1543520148","thumbnailWidth":640,"thumbnailHeight":296,"caption":"Get rid of these with \"I don't care about cookies\" browser extension."}],"contributionURL":"https://www.paypal.me/kiboke/?utm_content=product-page-contribute&utm_medium=referral&utm_source=addons.mozilla.org","averageRating":4.5794,"reviewCount":308,"reviewURL":"https://addons.mozilla.org/en-US/firefox/addon/i-dont-care-about-cookies/reviews/","updateDate":1598603428000},{"id":"{25c707e5-8daf-4703-8cd5-7059121396d9}","icons":{"32":"https://addons.cdn.mozilla.net/static/img/addon-icons/default-32.png","64":"https://addons.cdn.mozilla.net/static/img/addon-icons/default-64.png","128":"https://addons.cdn.mozilla.net/static/img/addon-icons/default-128.png"},"name":"Maximize All Windows (Minimalist Version)","version":"0.1","sourceURI":"https://addons.mozilla.org/firefox/downloads/file/2179566/maximize_all_windows_minimalist_version-0.1-fx.xpi?src=","homepageURL":null,"supportURL":"https://github.com/ericchase/maximize-all-windows/tree/master-minimal","description":"A minimalist version of the \"Maximize All Windows\" addon.","fullDescription":"Maximizes all browser windows on startup only.\n\nNo other features.\nNo options.\nNo icons.","weeklyDownloads":19,"type":"extension","creator":{"name":"ericchase","url":"https://addons.mozilla.org/en-US/firefox/user/14676290/"},"developers":[],"screenshots":[],"contributionURL":"","averageRating":5,"reviewCount":2,"reviewURL":"https://addons.mozilla.org/en-US/firefox/addon/maximize-all-windows-minimal/reviews/","updateDate":1556803809000},{"id":"{88664789-f91e-40e1-adb9-e4e9a8c48867}","icons":{"32":"https://addons.cdn.mozilla.net/static/img/addon-icons/default-32.png","64":"https://addons.cdn.mozilla.net/static/img/addon-icons/default-64.png","128":"https://addons.cdn.mozilla.net/static/img/addon-icons/default-128.png"},"name":"URLs List","version":"0.5.0","sourceURI":"https://addons.mozilla.org/firefox/downloads/file/1197511/urls_list-0.5.0-an+fx.xpi?src=","homepageURL":"https://github.com/moritz-h/urls-list","supportURL":null,"description":"List the URLs of all tabs from the current window as copyable plaintext. Also this extension can load a plaintext list of urls to individual tabs.","fullDescription":"This Add-on allows to copy all open URLs of the current window or to open a list of URLs to individual tabs.\n\nFeatures\n\n    Tab context menu entry for quick copy (see screenshot)\n    Menu button with textfield popup to copy all URLs\n    Paste list of URLs to open all of them in individual tabs at the same time\n\n\nThis Add-on is Open Source: https://github.com/moritz-h/urls-list","weeklyDownloads":106,"type":"extension","creator":{"name":"moritz-h","url":"https://addons.mozilla.org/en-US/firefox/user/13133736/"},"developers":[],"screenshots":[{"url":"https://addons.cdn.mozilla.net/user-media/previews/full/185/185801.png?modified=1543520846","width":700,"height":455,"thumbnailURL":"https://addons.cdn.mozilla.net/user-media/previews/thumbs/185/185801.png?modified=1543520846","thumbnailWidth":640,"thumbnailHeight":416},{"url":"https://addons.cdn.mozilla.net/user-media/previews/full/185/185802.png?modified=1543520847","width":700,"height":455,"thumbnailURL":"https://addons.cdn.mozilla.net/user-media/previews/thumbs/185/185802.png?modified=1543520847","thumbnailWidth":640,"thumbnailHeight":416}],"contributionURL":"","averageRating":4.4,"reviewCount":18,"reviewURL":"https://addons.mozilla.org/en-US/firefox/addon/urls-list/reviews/","updateDate":1546429808000}]}