{"defaultHandlersVersion":{"en-US":4},"mimeTypes":{"application/pdf":{"action":3,"extensions":["pdf"]},"text/plain":{"action":0,"ask":true,"extensions":["txt"]},"message/rfc822":{"action":0,"ask":true,"extensions":["eml"]},"image/png":{"action":4,"ask":true,"extensions":["png"]},"binary/octet-stream":{"action":0,"ask":true,"extensions":["docx"]},"application/zip":{"action":0,"ask":true,"extensions":["zip"]},"application/vnd.openxmlformats-officedocument.wordprocessingml":{"action":4,"ask":true,"extensions":["docx"]},"application/x-msdownload":{"action":0,"ask":true,"extensions":["msi"]},"application/vnd.openxmlformats-officedocument.wordprocessingml.document":{"action":4,"ask":true,"extensions":["docx"]},"image/jpeg":{"action":0,"ask":true,"extensions":["jpg"]}},"schemes":{"irc":{"stubEntry":true,"handlers":[null,{"name":"Mibbit","uriTemplate":"https://www.mibbit.com/?url=%s"}]},"ircs":{"stubEntry":true,"handlers":[null,{"name":"Mibbit","uriTemplate":"https://www.mibbit.com/?url=%s"}]},"mailto":{"stubEntry":true,"handlers":[null,{"name":"Yahoo! Mail","uriTemplate":"https://compose.mail.yahoo.com/?To=%s"},{"name":"Gmail","uriTemplate":"https://mail.google.com/mail/?extsrc=mailto&url=%s"}]},"msteams":{"action":4},"vmrc":{"action":4},"lync15":{"action":4,"ask":true},"hpdia2":{"action":4,"ask":true},"hpwebproductsdetection3":{"action":4,"ask":true}}}