{"schemaVersion":32,"addons":[{"id":"doh-rollout@mozilla.org","syncGUID":"{24404e7c-72dd-4376-9cf8-743ab69c4469}","version":"1.3.0","type":"extension","loader":null,"updateURL":null,"optionsURL":null,"optionsType":null,"optionsBrowserStyle":true,"aboutURL":null,"defaultLocale":{"name":"DoH Roll-Out","description":"Mozilla add-on that supports the roll-out of DoH","creator":null,"developers":null,"translators":null,"contributors":null},"visible":true,"active":true,"userDisabled":false,"appDisabled":false,"embedderDisabled":false,"installDate":1591210524557,"updateDate":1591210524557,"applyBackgroundUpdates":1,"path":"%programfiles%\\Mozilla Firefox\\browser\\features\\doh-rollout@mozilla.org.xpi","skinnable":false,"sourceURI":null,"releaseNotesURI":null,"softDisabled":false,"foreignInstall":false,"strictCompatibility":true,"locales":[{"name":"DoH Roll-Out","description":"Mozilla add-on that supports the roll-out of DoH","creator":null,"developers":null,"translators":null,"contributors":null,"locales":["en-US"]},{"name":"Lancio DoH","description":"Componente aggiuntivo realizzato da Mozilla per il lancio di DoH","creator":null,"developers":null,"translators":null,"contributors":null,"locales":["it"]},{"name":"Déploiement de DoH","description":"Module complémentaire de Mozilla pour le déploiement de DoH","creator":null,"developers":null,"translators":null,"contributors":null,"locales":["fr"]},{"name":"Lanzamiento de DoH","description":"Complemento de Mozilla para el lanzamiento de DoH","creator":null,"developers":null,"translators":null,"contributors":null,"locales":["es-MX"]},{"name":"DoH Roll-Out","description":"Mozilla-Add-On, das die Einführung von DoH unterstützt","creator":null,"developers":null,"translators":null,"contributors":null,"locales":["de"]},{"name":"Развертывание DoH","description":"Дополнение Mozilla, поддерживающее развертывание DoH","creator":null,"developers":null,"translators":null,"contributors":null,"locales":["ru"]},{"name":"DoH 降世","description":"附加组件：Mozilla 之 DoH 降世","creator":null,"developers":null,"translators":null,"contributors":null,"locales":["zh-CN"]},{"name":"Lanzamiento de DoH","description":"Complemento de Mozilla para el lanzamiento de DoH","creator":null,"developers":null,"translators":null,"contributors":null,"locales":["es-ES"]}],"targetApplications":[{"id":"toolkit@mozilla.org","minVersion":"72.0a1","maxVersion":null}],"targetPlatforms":[],"signedDate":null,"seen":true,"dependencies":[],"incognito":"spanning","userPermissions":{"permissions":["captivePortal","dns","storage"],"origins":[]},"optionalPermissions":{"permissions":[],"origins":[]},"icons":{},"iconURL":null,"blocklistState":0,"blocklistURL":null,"startupData":null,"hidden":true,"installTelemetryInfo":null,"recommendationState":null,"rootURI":"jar:file:///%programfiles%/Mozilla%20Firefox/browser/features/doh-rollout@mozilla.org.xpi!/","location":"app-system-defaults"},{"id":"formautofill@mozilla.org","syncGUID":"{3e5705a2-b871-41c6-9ebb-a3af5f6786d2}","version":"1.0","type":"extension","loader":null,"updateURL":null,"optionsURL":null,"optionsType":null,"optionsBrowserStyle":true,"aboutURL":null,"defaultLocale":{"name":"Form Autofill","creator":null,"developers":null,"translators":null,"contributors":null},"visible":true,"active":true,"userDisabled":false,"appDisabled":false,"embedderDisabled":false,"installDate":1591109871502,"updateDate":1591109871502,"applyBackgroundUpdates":1,"path":"%programfiles%\\Mozilla Firefox\\browser\\features\\formautofill@mozilla.org.xpi","skinnable":false,"sourceURI":null,"releaseNotesURI":null,"softDisabled":false,"foreignInstall":false,"strictCompatibility":true,"locales":[],"targetApplications":[{"id":"toolkit@mozilla.org","minVersion":null,"maxVersion":null}],"targetPlatforms":[],"signedDate":null,"seen":true,"dependencies":[],"incognito":"spanning","userPermissions":{"permissions":[],"origins":[]},"optionalPermissions":{"permissions":[],"origins":[]},"icons":{},"iconURL":null,"blocklistState":0,"blocklistURL":null,"startupData":null,"hidden":true,"installTelemetryInfo":null,"recommendationState":null,"rootURI":"jar:file:///%programfiles%/Mozilla%20Firefox/browser/features/formautofill@mozilla.org.xpi!/","location":"app-system-defaults"},{"id":"screenshots@mozilla.org","syncGUID":"{92200b96-c613-4cd9-a07f-8a49ba94986f}","version":"39.0.0","type":"extension","loader":null,"updateURL":null,"optionsURL":null,"optionsType":null,"optionsBrowserStyle":true,"aboutURL":null,"defaultLocale":{"name":"Firefox Screenshots","description":"Take clips and screenshots from the Web and save them temporarily or permanently.","creator":"Mozilla <screenshots-feedback@mozilla.com>","homepageURL":"https://github.com/mozilla-services/screenshots","developers":null,"translators":null,"contributors":null},"visible":true,"active":true,"userDisabled":false,"appDisabled":false,"embedderDisabled":false,"installDate":1591109871498,"updateDate":1591109871498,"applyBackgroundUpdates":1,"path":"%programfiles%\\Mozilla Firefox\\browser\\features\\screenshots@mozilla.org.xpi","skinnable":false,"sourceURI":null,"releaseNotesURI":null,"softDisabled":false,"foreignInstall":false,"strictCompatibility":true,"locales":[],"targetApplications":[{"id":"toolkit@mozilla.org","minVersion":"57.0a1","maxVersion":null}],"targetPlatforms":[],"signedDate":null,"seen":true,"dependencies":[],"incognito":"spanning","userPermissions":{"permissions":["activeTab","downloads","tabs","storage","notifications","clipboardWrite","contextMenus"],"origins":["<all_urls>","https://screenshots.firefox.com/","https://screenshots.firefox.com/*"]},"optionalPermissions":{"permissions":[],"origins":[]},"icons":{"32":"icons/icon-v2.svg"},"iconURL":null,"blocklistState":0,"blocklistURL":null,"startupData":null,"hidden":true,"installTelemetryInfo":null,"recommendationState":null,"rootURI":"jar:file:///%programfiles%/Mozilla%20Firefox/browser/features/screenshots@mozilla.org.xpi!/","location":"app-system-defaults"},{"id":"webcompat-reporter@mozilla.org","syncGUID":"{23824ed5-0606-4ffc-acf9-be3d3d37ba53}","version":"1.3.0","type":"extension","loader":null,"updateURL":null,"optionsURL":null,"optionsType":null,"optionsBrowserStyle":true,"aboutURL":null,"defaultLocale":{"name":"WebCompat Reporter","description":"Report site compatibility issues on webcompat.com","creator":"Thomas Wisniewski <twisniewski@mozilla.com>","homepageURL":"https://github.com/mozilla/webcompat-reporter","developers":null,"translators":null,"contributors":null},"visible":true,"active":false,"userDisabled":true,"appDisabled":false,"embedderDisabled":false,"installDate":1591109871495,"updateDate":1591109871495,"applyBackgroundUpdates":1,"path":"%programfiles%\\Mozilla Firefox\\browser\\features\\webcompat-reporter@mozilla.org.xpi","skinnable":false,"sourceURI":null,"releaseNotesURI":null,"softDisabled":false,"foreignInstall":false,"strictCompatibility":true,"locales":[],"targetApplications":[{"id":"toolkit@mozilla.org","minVersion":null,"maxVersion":null}],"targetPlatforms":[],"signedDate":null,"seen":true,"dependencies":[],"incognito":"spanning","userPermissions":{"permissions":["tabs"],"origins":["<all_urls>"]},"optionalPermissions":{"permissions":[],"origins":[]},"icons":{"16":"icons/lightbulb.svg","32":"icons/lightbulb.svg","48":"icons/lightbulb.svg","96":"icons/lightbulb.svg","128":"icons/lightbulb.svg"},"iconURL":null,"blocklistState":0,"blocklistURL":null,"startupData":null,"hidden":true,"installTelemetryInfo":null,"recommendationState":null,"rootURI":"jar:file:///%programfiles%/Mozilla%20Firefox/browser/features/webcompat-reporter@mozilla.org.xpi!/","location":"app-system-defaults"},{"id":"webcompat@mozilla.org","syncGUID":"{98fa7d0f-cdeb-4a3e-a860-5325032bcdbc}","version":"10.1.2","type":"extension","loader":null,"updateURL":null,"optionsURL":null,"optionsType":null,"optionsBrowserStyle":true,"aboutURL":null,"defaultLocale":{"name":"Web Compat","description":"Urgent post-release fixes for web compatibility.","creator":null,"developers":null,"translators":null,"contributors":null},"visible":true,"active":true,"userDisabled":false,"appDisabled":false,"embedderDisabled":false,"installDate":1591109871494,"updateDate":1591109871494,"applyBackgroundUpdates":1,"path":"%programfiles%\\Mozilla Firefox\\browser\\features\\webcompat@mozilla.org.xpi","skinnable":false,"sourceURI":null,"releaseNotesURI":null,"softDisabled":false,"foreignInstall":false,"strictCompatibility":true,"locales":[],"targetApplications":[{"id":"toolkit@mozilla.org","minVersion":"59.0b5","maxVersion":null}],"targetPlatforms":[],"signedDate":null,"seen":true,"dependencies":[],"incognito":"spanning","userPermissions":{"permissions":["webRequest","webRequestBlocking"],"origins":["<all_urls>"]},"optionalPermissions":{"permissions":[],"origins":[]},"icons":{},"iconURL":null,"blocklistState":0,"blocklistURL":null,"startupData":null,"hidden":true,"installTelemetryInfo":null,"recommendationState":null,"rootURI":"jar:file:///%programfiles%/Mozilla%20Firefox/browser/features/webcompat@mozilla.org.xpi!/","location":"app-system-defaults"},{"id":"default-theme@mozilla.org","syncGUID":"{1fa88126-f505-4bc1-81fd-44990bb0b12b}","version":"1.0","type":"theme","loader":null,"updateURL":null,"optionsURL":null,"optionsType":null,"optionsBrowserStyle":true,"aboutURL":null,"defaultLocale":{"name":"Default","description":"A theme with the operating system color scheme.","creator":"Mozilla","developers":null,"translators":null,"contributors":null},"visible":true,"active":true,"userDisabled":false,"appDisabled":false,"embedderDisabled":false,"installDate":1592334377526,"applyBackgroundUpdates":1,"path":null,"skinnable":false,"sourceURI":null,"releaseNotesURI":null,"softDisabled":false,"foreignInstall":false,"strictCompatibility":true,"locales":[],"targetApplications":[{"id":"toolkit@mozilla.org","minVersion":null,"maxVersion":null}],"targetPlatforms":[],"signedDate":null,"seen":true,"dependencies":[],"userPermissions":null,"optionalPermissions":null,"icons":{"32":"icon.svg"},"iconURL":null,"blocklistState":0,"blocklistURL":null,"startupData":null,"hidden":false,"installTelemetryInfo":null,"recommendationState":null,"rootURI":"resource://gre/modules/themes/default/","location":"app-builtin"},{"id":"firefox-compact-light@mozilla.org","syncGUID":"{e1687aaf-65d5-41e2-97ba-aaa191b1220d}","version":"1.0","type":"theme","loader":null,"updateURL":null,"optionsURL":null,"optionsType":null,"optionsBrowserStyle":true,"aboutURL":null,"defaultLocale":{"name":"Light","description":"A theme with a light color scheme.","creator":"Mozilla","developers":null,"translators":null,"contributors":null},"visible":true,"active":false,"userDisabled":true,"appDisabled":false,"embedderDisabled":false,"installDate":1592334377546,"applyBackgroundUpdates":1,"path":null,"skinnable":false,"sourceURI":null,"releaseNotesURI":null,"softDisabled":false,"foreignInstall":false,"strictCompatibility":true,"locales":[],"targetApplications":[{"id":"toolkit@mozilla.org","minVersion":null,"maxVersion":null}],"targetPlatforms":[],"signedDate":null,"seen":true,"dependencies":[],"userPermissions":null,"optionalPermissions":null,"icons":{"32":"icon.svg"},"iconURL":null,"blocklistState":0,"blocklistURL":null,"startupData":null,"hidden":false,"installTelemetryInfo":null,"recommendationState":null,"rootURI":"resource:///modules/themes/light/","location":"app-builtin"},{"id":"firefox-compact-dark@mozilla.org","syncGUID":"{a1fe14a8-c581-4b44-8fda-01c81b82390f}","version":"1.0","type":"theme","loader":null,"updateURL":null,"optionsURL":null,"optionsType":null,"optionsBrowserStyle":true,"aboutURL":null,"defaultLocale":{"name":"Dark","description":"A theme with a dark color scheme.","creator":"Mozilla","developers":null,"translators":null,"contributors":null},"visible":true,"active":false,"userDisabled":true,"appDisabled":false,"embedderDisabled":false,"installDate":1592334377546,"applyBackgroundUpdates":1,"path":null,"skinnable":false,"sourceURI":null,"releaseNotesURI":null,"softDisabled":false,"foreignInstall":false,"strictCompatibility":true,"locales":[],"targetApplications":[{"id":"toolkit@mozilla.org","minVersion":null,"maxVersion":null}],"targetPlatforms":[],"signedDate":null,"seen":true,"dependencies":[],"userPermissions":null,"optionalPermissions":null,"icons":{"32":"icon.svg"},"iconURL":null,"blocklistState":0,"blocklistURL":null,"startupData":null,"hidden":false,"installTelemetryInfo":null,"recommendationState":null,"rootURI":"resource:///modules/themes/dark/","location":"app-builtin"},{"id":"CanvasBlocker@kkapsner.de","syncGUID":"{c127e56b-f527-4900-ac98-b358ff03de07}","version":"1.3","type":"extension","loader":null,"updateURL":null,"optionsURL":"options/options.html","optionsType":3,"optionsBrowserStyle":false,"aboutURL":null,"defaultLocale":{"name":"CanvasBlocker","description":"Alters some JS APIs to prevent fingerprinting.","creator":"Korbinian Kapsner","developers":null,"translators":null,"contributors":null},"visible":true,"active":true,"userDisabled":false,"appDisabled":false,"embedderDisabled":false,"installDate":1592334645193,"updateDate":1592334644000,"applyBackgroundUpdates":1,"path":"%appdata%\\Mozilla\\Firefox\\Profiles\\z4tftgad.default-release\\extensions\\CanvasBlocker@kkapsner.de.xpi","skinnable":false,"sourceURI":null,"releaseNotesURI":null,"softDisabled":false,"foreignInstall":false,"strictCompatibility":true,"locales":[{"name":"CanvasBlocker","description":"Alters some JS APIs to prevent fingerprinting.","creator":"Korbinian Kapsner","developers":null,"translators":null,"contributors":null,"locales":["en"]},{"name":"CanvasBlocker","description":"Truque les informations échangées entre votre ordinateur et les sites Internet pour empêcher le pistage par leurs intermédiaires","creator":"Korbinian Kapsner","developers":null,"translators":null,"contributors":null,"locales":["fr"]},{"name":"CanvasBlocker","description":"Verändert einige JS-APIs um Fingerprinting zu verhindern.","creator":"Korbinian Kapsner","developers":null,"translators":null,"contributors":null,"locales":["de"]},{"name":"CanvasBlocker","description":"Endrer noen JS APIer for å forhindre fingeravtrykk.","creator":"Korbinian Kapsner","developers":null,"translators":null,"contributors":null,"locales":["nb"]},{"name":"CanvasBlocker","description":"改变某些 JavaScript API 来阻止跟踪。","creator":"Korbinian Kapsner","developers":null,"translators":null,"contributors":null,"locales":["zh-CN"]},{"name":"CanvasBlocker","description":"Altera alcune JS API per prevenire il fingerprinting.","creator":"Korbinian Kapsner","developers":null,"translators":null,"contributors":null,"locales":["it"]},{"name":"CanvasBlocker","description":"Изменяет некоторые API JS для предотвращения снятия цифровых отпечатков.","creator":"Korbinian Kapsner","developers":null,"translators":null,"contributors":null,"locales":["ru"]},{"name":"CanvasBlocker","description":"Alters some JS APIs to prevent fingerprinting.","creator":"Korbinian Kapsner","developers":null,"translators":null,"contributors":null,"locales":["pl"]},{"name":"CanvasBlocker","description":"Altera algunas API de JS para evitar la huella digital.","creator":"Korbinian Kapsner","developers":null,"translators":null,"contributors":null,"locales":["es"]},{"name":"CanvasBlocker","description":"Altera alguns APIs JS para impedir o fingerprinting.","creator":"Korbinian Kapsner","developers":null,"translators":null,"contributors":null,"locales":["pt-BR"]}],"targetApplications":[{"id":"toolkit@mozilla.org","minVersion":"56.0","maxVersion":"*"}],"targetPlatforms":[],"signedState":2,"signedDate":1591523412000,"seen":true,"dependencies":[],"incognito":"spanning","userPermissions":{"permissions":["storage","tabs","webRequest","webRequestBlocking","contextualIdentities","cookies","privacy"],"origins":["<all_urls>"]},"optionalPermissions":{"permissions":[],"origins":[]},"icons":{"48":"icons/icon.svg","96":"icons/icon.svg"},"iconURL":null,"blocklistState":0,"blocklistURL":null,"startupData":null,"hidden":false,"installTelemetryInfo":{"source":"amo","sourceURL":"https://addons.mozilla.org/en-US/firefox/addon/canvasblocker/","method":"amWebAPI"},"recommendationState":null,"rootURI":"jar:file:///%appdata%/Mozilla/Firefox/Profiles/z4tftgad.default-release/extensions/CanvasBlocker@kkapsner.de.xpi!/","location":"app-profile"},{"id":"{7fc8ef53-24ec-4205-87a4-1e745953bb0d}","syncGUID":"{39f0ad65-e07e-4690-936f-f50faf7ae185}","version":"1.0.17","type":"extension","loader":null,"updateURL":null,"optionsURL":"popup.html","optionsType":5,"optionsBrowserStyle":true,"aboutURL":null,"defaultLocale":{"name":"CSS Exfil Protection","description":"Guard against CSS data exfiltration attacks.","creator":null,"homepageURL":"https://www.mike-gualtieri.com/css-exfil-vulnerability-tester","developers":null,"translators":null,"contributors":null},"visible":true,"active":true,"userDisabled":false,"appDisabled":false,"embedderDisabled":false,"installDate":1592334755324,"updateDate":1592334754000,"applyBackgroundUpdates":1,"path":"%appdata%\\Mozilla\\Firefox\\Profiles\\z4tftgad.default-release\\extensions\\{7fc8ef53-24ec-4205-87a4-1e745953bb0d}.xpi","skinnable":false,"sourceURI":null,"releaseNotesURI":null,"softDisabled":false,"foreignInstall":false,"strictCompatibility":true,"locales":[],"targetApplications":[{"id":"toolkit@mozilla.org","minVersion":"42.0","maxVersion":"*"}],"targetPlatforms":[],"signedState":2,"signedDate":1556300000000,"seen":true,"dependencies":[],"incognito":"spanning","userPermissions":{"permissions":["storage"],"origins":["http://*/","https://*/","<all_urls>"]},"optionalPermissions":{"permissions":[],"origins":[]},"icons":{"16":"icons/icon-16.png","32":"icons/icon-32.png","48":"icons/icon-48.png","64":"icons/icon-64.png","128":"icons/icon-128.png"},"iconURL":null,"blocklistState":0,"blocklistURL":null,"startupData":null,"hidden":false,"installTelemetryInfo":{"source":"amo","sourceURL":"https://addons.mozilla.org/en-US/firefox/addon/css-exfil-protection/","method":"amWebAPI"},"recommendationState":null,"rootURI":"jar:file:///%appdata%/Mozilla/Firefox/Profiles/z4tftgad.default-release/extensions/%7B7fc8ef53-24ec-4205-87a4-1e745953bb0d%7D.xpi!/","location":"app-profile"},{"id":"etag-stoppa@cm.org","syncGUID":"{335acbda-2cef-4b6a-94ad-e6c14f1ff3e7}","version":"0.4","type":"extension","loader":null,"updateURL":null,"optionsURL":null,"optionsType":null,"optionsBrowserStyle":true,"aboutURL":null,"defaultLocale":{"name":"ETag Stoppa","description":"Prevents Firefox from storing entity tags by removing ETag response headers unconditionally and without exceptions.","creator":"claustromaniac","homepageURL":"https://github.com/claustromaniac/etag-stoppa","developers":null,"translators":null,"contributors":null},"visible":true,"active":true,"userDisabled":false,"appDisabled":false,"embedderDisabled":false,"installDate":1592334762011,"updateDate":1592334762000,"applyBackgroundUpdates":1,"path":"%appdata%\\Mozilla\\Firefox\\Profiles\\z4tftgad.default-release\\extensions\\etag-stoppa@cm.org.xpi","skinnable":false,"sourceURI":null,"releaseNotesURI":null,"softDisabled":false,"foreignInstall":false,"strictCompatibility":true,"locales":[],"targetApplications":[{"id":"toolkit@mozilla.org","minVersion":"52.0","maxVersion":"*"}],"targetPlatforms":[],"signedState":2,"signedDate":1545768906000,"seen":true,"dependencies":[],"incognito":"spanning","userPermissions":{"permissions":["webRequest","webRequestBlocking"],"origins":["<all_urls>"]},"optionalPermissions":{"permissions":[],"origins":[]},"icons":{"32":"icons/etag32.png","64":"icons/etag64.png"},"iconURL":null,"blocklistState":0,"blocklistURL":null,"startupData":null,"hidden":false,"installTelemetryInfo":{"source":"amo","sourceURL":"https://addons.mozilla.org/en-US/firefox/addon/etag-stoppa/","method":"amWebAPI"},"recommendationState":null,"rootURI":"jar:file:///%appdata%/Mozilla/Firefox/Profiles/z4tftgad.default-release/extensions/etag-stoppa@cm.org.xpi!/","location":"app-profile"},{"id":"httpz@cm.org","syncGUID":"{0d6724d2-9adb-47f0-8143-29cdd22656cd}","version":"0.12.0","type":"extension","loader":null,"updateURL":null,"optionsURL":"pages/options.htm","optionsType":5,"optionsBrowserStyle":true,"aboutURL":null,"defaultLocale":{"name":"HTTPZ","description":"Zapping those inZecure connections into sublime submission since ~2018.","creator":"claustromaniac","homepageURL":"https://github.com/claustromaniac/httpz","developers":null,"translators":null,"contributors":null},"visible":true,"active":true,"userDisabled":false,"appDisabled":false,"embedderDisabled":false,"installDate":1592334769063,"updateDate":1592334768000,"applyBackgroundUpdates":1,"path":"%appdata%\\Mozilla\\Firefox\\Profiles\\z4tftgad.default-release\\extensions\\httpz@cm.org.xpi","skinnable":false,"sourceURI":null,"releaseNotesURI":null,"softDisabled":false,"foreignInstall":false,"strictCompatibility":true,"locales":[],"targetApplications":[{"id":"toolkit@mozilla.org","minVersion":"56.0","maxVersion":"*"}],"targetPlatforms":[],"signedState":2,"signedDate":1576063224000,"seen":true,"dependencies":[],"incognito":"spanning","userPermissions":{"permissions":["idle","storage","tabs","webRequest","webRequestBlocking"],"origins":["<all_urls>","http://*/*","https://*/*"]},"optionalPermissions":{"permissions":["downloads"],"origins":[]},"icons":{"64":"assets/httpz.svg"},"iconURL":null,"blocklistState":0,"blocklistURL":null,"startupData":null,"hidden":false,"installTelemetryInfo":{"source":"amo","sourceURL":"https://addons.mozilla.org/en-US/firefox/addon/httpz/","method":"amWebAPI"},"recommendationState":null,"rootURI":"jar:file:///%appdata%/Mozilla/Firefox/Profiles/z4tftgad.default-release/extensions/httpz@cm.org.xpi!/","location":"app-profile"},{"id":"neaturl@hugsmile.eu","syncGUID":"{11631480-d5e8-4ad3-83aa-f9c14d644a97}","version":"5.0.0","type":"extension","loader":null,"updateURL":null,"optionsURL":"options.html","optionsType":5,"optionsBrowserStyle":true,"aboutURL":null,"defaultLocale":{"name":"Neat URL","description":"Remove garbage from URLs.","creator":null,"homepageURL":"http://itsafeature.org","developers":null,"translators":null,"contributors":null},"visible":true,"active":true,"userDisabled":false,"appDisabled":false,"embedderDisabled":false,"installDate":1592334785919,"updateDate":1592334784000,"applyBackgroundUpdates":1,"path":"%appdata%\\Mozilla\\Firefox\\Profiles\\z4tftgad.default-release\\extensions\\neaturl@hugsmile.eu.xpi","skinnable":false,"sourceURI":null,"releaseNotesURI":null,"softDisabled":false,"foreignInstall":false,"strictCompatibility":true,"locales":[{"name":"Neat URL","description":"Remove garbage from URLs.","creator":null,"homepageURL":"http://itsafeature.org","developers":null,"translators":null,"contributors":null,"locales":["en"]},{"name":"Neat URL","description":"Видаляє сміття з URL-адрес.","creator":null,"homepageURL":"http://itsafeature.org","developers":null,"translators":null,"contributors":null,"locales":["uk"]},{"name":"Neat URL","description":"Müll von URLs entfernen.","creator":null,"homepageURL":"http://itsafeature.org","developers":null,"translators":null,"contributors":null,"locales":["de"]},{"name":"Neat URL","description":"移除网址中的无用段。","creator":null,"homepageURL":"http://itsafeature.org","developers":null,"translators":null,"contributors":null,"locales":["zh-CN"]},{"name":"Neat URL","description":"Удаляет мусор из URL.","creator":null,"homepageURL":"http://itsafeature.org","developers":null,"translators":null,"contributors":null,"locales":["ru"]},{"name":"Neat URL","description":"Verwijder rommel van URLs.","creator":null,"homepageURL":"http://itsafeature.org","developers":null,"translators":null,"contributors":null,"locales":["nl"]}],"targetApplications":[{"id":"toolkit@mozilla.org","minVersion":"48.0","maxVersion":"*"}],"targetPlatforms":[],"signedState":2,"signedDate":1587929709000,"seen":true,"dependencies":[],"incognito":"spanning","userPermissions":{"permissions":["storage","notifications","contextMenus","webRequest","webRequestBlocking","tabs"],"origins":["<all_urls>"]},"optionalPermissions":{"permissions":[],"origins":[]},"icons":{"48":"icons/dark/neaturl-48.png","96":"icons/dark/neaturl-96-state0.png"},"iconURL":null,"blocklistState":0,"blocklistURL":null,"startupData":null,"hidden":false,"installTelemetryInfo":{"source":"amo","sourceURL":"https://addons.mozilla.org/en-US/firefox/addon/neat-url/","method":"amWebAPI"},"recommendationState":null,"rootURI":"jar:file:///%appdata%/Mozilla/Firefox/Profiles/z4tftgad.default-release/extensions/neaturl@hugsmile.eu.xpi!/","location":"app-profile"},{"id":"poop@cm.org","syncGUID":"{e5358a0e-17a9-42e3-b97d-ea9dbfcaa73b}","version":"1.4.2","type":"extension","loader":null,"updateURL":null,"optionsURL":"pages/options.htm","optionsType":5,"optionsBrowserStyle":true,"aboutURL":null,"defaultLocale":{"name":"Privacy-Oriented Origin Policy","description":"Prevent Firefox from sending Origin headers when they are least likely to be necessary, to protect your privacy.","creator":"claustromaniac","homepageURL":"https://github.com/claustromaniac/poop","developers":null,"translators":null,"contributors":null},"visible":true,"active":true,"userDisabled":false,"appDisabled":false,"embedderDisabled":false,"installDate":1592334899801,"updateDate":1592334898000,"applyBackgroundUpdates":1,"path":"%appdata%\\Mozilla\\Firefox\\Profiles\\z4tftgad.default-release\\extensions\\poop@cm.org.xpi","skinnable":false,"sourceURI":null,"releaseNotesURI":null,"softDisabled":false,"foreignInstall":false,"strictCompatibility":true,"locales":[],"targetApplications":[{"id":"toolkit@mozilla.org","minVersion":"57.0","maxVersion":"*"}],"targetPlatforms":[],"signedState":2,"signedDate":1548358807000,"seen":true,"dependencies":[],"incognito":"spanning","userPermissions":{"permissions":["storage","webRequest","webRequestBlocking"],"origins":["<all_urls>"]},"optionalPermissions":{"permissions":[],"origins":[]},"icons":{"64":"icons/poop.svg"},"iconURL":null,"blocklistState":0,"blocklistURL":null,"startupData":null,"hidden":false,"installTelemetryInfo":{"source":"amo","sourceURL":"https://addons.mozilla.org/en-US/firefox/addon/privacy-oriented-origin-policy/","method":"amWebAPI"},"recommendationState":null,"rootURI":"jar:file:///%appdata%/Mozilla/Firefox/Profiles/z4tftgad.default-release/extensions/poop@cm.org.xpi!/","location":"app-profile"},{"id":"{569456be-2850-4f7e-b669-71e55140ee0a}","syncGUID":"{4ffc1176-95a4-4d06-b2c8-a77bb98d6209}","version":"2.1.0","type":"extension","loader":null,"updateURL":null,"optionsURL":null,"optionsType":null,"optionsBrowserStyle":true,"aboutURL":null,"defaultLocale":{"name":"Redirect AMP to HTML","description":"Automatically redirects AMP pages to their canonical HTML equivalent.","creator":"Daniel Aleksandersen","homepageURL":"https://www.daniel.priv.no/web-extensions/amp2html.html","developers":null,"translators":null,"contributors":null},"visible":true,"active":true,"userDisabled":false,"appDisabled":false,"embedderDisabled":false,"installDate":1592334905782,"updateDate":1592334904000,"applyBackgroundUpdates":1,"path":"%appdata%\\Mozilla\\Firefox\\Profiles\\z4tftgad.default-release\\extensions\\{569456be-2850-4f7e-b669-71e55140ee0a}.xpi","skinnable":false,"sourceURI":null,"releaseNotesURI":null,"softDisabled":false,"foreignInstall":false,"strictCompatibility":true,"locales":[],"targetApplications":[{"id":"toolkit@mozilla.org","minVersion":"60.0","maxVersion":"*"}],"targetPlatforms":[],"signedState":2,"signedDate":1586471411000,"seen":true,"dependencies":[],"incognito":"spanning","userPermissions":{"permissions":["webRequest","webRequestBlocking"],"origins":["*://t.co/*","https://bing-amp.com/c/*","https://*.bing-amp.com/c/*","https://cdn.ampproject.org/c/*","https://*.cdn.ampproject.org/c/*","https://www.bing.com/amp/*","https://www.google.com/amp/*","http://*/*","https://*/*"]},"optionalPermissions":{"permissions":[],"origins":[]},"icons":{"48":"assets/icon_48.png","256":"assets/icon_256.png"},"iconURL":null,"blocklistState":0,"blocklistURL":null,"startupData":null,"hidden":false,"installTelemetryInfo":{"source":"amo","sourceURL":"https://addons.mozilla.org/en-US/firefox/addon/amp2html/","method":"amWebAPI"},"recommendationState":null,"rootURI":"jar:file:///%appdata%/Mozilla/Firefox/Profiles/z4tftgad.default-release/extensions/%7B569456be-2850-4f7e-b669-71e55140ee0a%7D.xpi!/","location":"app-profile"},{"id":"skipredirect@sblask","syncGUID":"{0212b824-7661-4746-bd6e-41fb89ab5caf}","version":"2.2.3","type":"extension","loader":null,"updateURL":null,"optionsURL":"options/options.html","optionsType":5,"optionsBrowserStyle":true,"aboutURL":null,"defaultLocale":{"name":"Skip Redirect","description":"Skip intermediary pages that some pages use before redirecting to a final page.","creator":"Sebastian Blask","homepageURL":"https://github.com/sblask/webextension-skip-redirect","developers":null,"translators":null,"contributors":null},"visible":true,"active":true,"userDisabled":false,"appDisabled":false,"embedderDisabled":false,"installDate":1592334911985,"updateDate":1592334910000,"applyBackgroundUpdates":1,"path":"%appdata%\\Mozilla\\Firefox\\Profiles\\z4tftgad.default-release\\extensions\\skipredirect@sblask.xpi","skinnable":false,"sourceURI":null,"releaseNotesURI":null,"softDisabled":false,"foreignInstall":false,"strictCompatibility":true,"locales":[{"name":"Skip Redirect","description":"Skip intermediary pages that some pages use before redirecting to a final page.","creator":"Sebastian Blask","homepageURL":"https://github.com/sblask/webextension-skip-redirect","developers":null,"translators":null,"contributors":null,"locales":["en"]},{"name":"Passe-redirection","description":"Certains sites web vous détournent parfois sur une page intermédiaire avant de vous conduire à la page que vous souhaitez réellement consulter. Passe-redirection tente de supprimer cette redirection pour atteindre directement la bonne page.","creator":"Sebastian Blask","homepageURL":"https://github.com/sblask/webextension-skip-redirect","developers":null,"translators":null,"contributors":null,"locales":["fr"]},{"name":"Skip Redirect","description":"Hoppa över mellanliggande sidor som en del sidor använder innan de omdirigeras till målsidan.","creator":"Sebastian Blask","homepageURL":"https://github.com/sblask/webextension-skip-redirect","developers":null,"translators":null,"contributors":null,"locales":["sv-SE"]},{"name":"Skip Redirect","description":"Manche Webseiten leiten Benutzer auf eine extra Seite bevor sie auf die Seite weiterleiten die man eigentlich sehen wollte. Skip Redirect versucht diese Weiterleitung zu überspringen um direkt zur richtigen Seite zu gehen.","creator":"Sebastian Blask","homepageURL":"https://github.com/sblask/webextension-skip-redirect","developers":null,"translators":null,"contributors":null,"locales":["de"]},{"name":"Skip Redirect","description":"Некоторые веб-сайты направляют пользователей на промежуточные страницы, прежде чем открыть необходимую. Skip Redirect пытается предотвратить перенаправления, чтобы сразу перейти на нужную страницу.","creator":"Sebastian Blask","homepageURL":"https://github.com/sblask/webextension-skip-redirect","developers":null,"translators":null,"contributors":null,"locales":["ru"]}],"targetApplications":[{"id":"toolkit@mozilla.org","minVersion":"46.0","maxVersion":"*"}],"targetPlatforms":[],"signedState":2,"signedDate":1573828215000,"seen":true,"dependencies":[],"incognito":"spanning","userPermissions":{"permissions":["clipboardWrite","contextMenus","notifications","storage","webRequest","webRequestBlocking"],"origins":["<all_urls>"]},"optionalPermissions":{"permissions":[],"origins":[]},"icons":{"48":"icon.svg"},"iconURL":null,"blocklistState":0,"blocklistURL":null,"startupData":null,"hidden":false,"installTelemetryInfo":{"source":"amo","sourceURL":"https://addons.mozilla.org/en-US/firefox/addon/skip-redirect/","method":"amWebAPI"},"recommendationState":null,"rootURI":"jar:file:///%appdata%/Mozilla/Firefox/Profiles/z4tftgad.default-release/extensions/skipredirect@sblask.xpi!/","location":"app-profile"},{"id":"smart-referer@meh.paranoid.pk","syncGUID":"{98e89ead-e5a3-438c-84e5-78f35ff121c3}","version":"0.2.15","type":"extension","loader":null,"updateURL":null,"optionsURL":"content/options.html","optionsType":5,"optionsBrowserStyle":true,"aboutURL":null,"defaultLocale":{"name":"Smart Referer","description":"Enable smart referers everywhere (send referer only on same domain)","creator":null,"homepageURL":"https://gitlab.com/smart-referer","developers":null,"translators":null,"contributors":null},"visible":true,"active":true,"userDisabled":false,"appDisabled":false,"embedderDisabled":false,"installDate":1592334917936,"updateDate":1592334916000,"applyBackgroundUpdates":1,"path":"%appdata%\\Mozilla\\Firefox\\Profiles\\z4tftgad.default-release\\extensions\\smart-referer@meh.paranoid.pk.xpi","skinnable":false,"sourceURI":null,"releaseNotesURI":null,"softDisabled":false,"foreignInstall":false,"strictCompatibility":true,"locales":[{"name":"Smart Referer","description":"Enable smart referers everywhere (send referer only on same domain)","creator":null,"homepageURL":"https://gitlab.com/smart-referer","developers":null,"translators":null,"contributors":null,"locales":["en"]},{"name":"Smart Referer","description":"Des référents intelligents partout !","creator":null,"homepageURL":"https://gitlab.com/smart-referer","developers":null,"translators":null,"contributors":null,"locales":["fr"]},{"name":"Smart Referer","description":"Smarte Referer überall!","creator":null,"homepageURL":"https://gitlab.com/smart-referer","developers":null,"translators":null,"contributors":null,"locales":["de"]}],"targetApplications":[{"id":"toolkit@mozilla.org","minVersion":"56.0","maxVersion":"*"}],"targetPlatforms":[],"signedState":2,"signedDate":1576670110000,"seen":true,"dependencies":[],"incognito":"spanning","userPermissions":{"permissions":["menus","storage","theme","webRequest","webRequestBlocking"],"origins":["*://*/*"]},"optionalPermissions":{"permissions":[],"origins":[]},"icons":{"48":"assets/icon.svg","256":"assets/icon.svg"},"iconURL":null,"blocklistState":0,"blocklistURL":null,"startupData":null,"hidden":false,"installTelemetryInfo":{"source":"amo","sourceURL":"https://addons.mozilla.org/en-US/firefox/addon/smart-referer/","method":"amWebAPI"},"recommendationState":null,"rootURI":"jar:file:///%appdata%/Mozilla/Firefox/Profiles/z4tftgad.default-release/extensions/smart-referer@meh.paranoid.pk.xpi!/","location":"app-profile"},{"id":"{c607c8df-14a7-4f28-894f-29e8722976af}","syncGUID":"{6446f644-02cb-4c80-b3b3-b3bccba0853d}","version":"1.8","type":"extension","loader":null,"updateURL":null,"optionsURL":"options.html","optionsType":3,"optionsBrowserStyle":true,"aboutURL":null,"defaultLocale":{"name":"Temporary Containers","description":"Open tabs, websites, and links in automatically managed disposable containers. Containers isolate the data websites store (cookies, cache, and more) from each other, further enhancing your privacy while you browse.","creator":null,"homepageURL":"https://github.com/stoically/temporary-containers","developers":null,"translators":null,"contributors":null},"visible":true,"active":true,"userDisabled":false,"appDisabled":false,"embedderDisabled":false,"installDate":1592334924013,"updateDate":1592334924000,"applyBackgroundUpdates":1,"path":"%appdata%\\Mozilla\\Firefox\\Profiles\\z4tftgad.default-release\\extensions\\{c607c8df-14a7-4f28-894f-29e8722976af}.xpi","skinnable":false,"sourceURI":null,"releaseNotesURI":null,"softDisabled":false,"foreignInstall":false,"strictCompatibility":true,"locales":[{"name":"Temporary Containers","description":"Open tabs, websites, and links in automatically managed disposable containers. Containers isolate the data websites store (cookies, cache, and more) from each other, further enhancing your privacy while you browse.","creator":null,"homepageURL":"https://github.com/stoically/temporary-containers","developers":null,"translators":null,"contributors":null,"locales":["en"]}],"targetApplications":[{"id":"toolkit@mozilla.org","minVersion":"67.0","maxVersion":"*"}],"targetPlatforms":[],"signedState":2,"signedDate":1582277713000,"seen":true,"dependencies":[],"incognito":"not_allowed","userPermissions":{"permissions":["contextMenus","contextualIdentities","cookies","management","storage","tabs","webRequest","webRequestBlocking"],"origins":["<all_urls>"]},"optionalPermissions":{"permissions":["bookmarks","downloads","history","notifications"],"origins":[]},"icons":{"48":"icons/tmpcontainer-48.png"},"iconURL":null,"blocklistState":0,"blocklistURL":null,"startupData":null,"hidden":false,"installTelemetryInfo":{"source":"amo","sourceURL":"https://addons.mozilla.org/en-US/firefox/addon/temporary-containers/","method":"amWebAPI"},"recommendationState":null,"rootURI":"jar:file:///%appdata%/Mozilla/Firefox/Profiles/z4tftgad.default-release/extensions/%7Bc607c8df-14a7-4f28-894f-29e8722976af%7D.xpi!/","location":"app-profile"},{"id":"uBlock0@raymondhill.net","syncGUID":"{834fc749-3931-45b3-8f27-f2b1de821f47}","version":"1.27.10","type":"extension","loader":null,"updateURL":null,"optionsURL":"dashboard.html","optionsType":3,"optionsBrowserStyle":true,"aboutURL":null,"defaultLocale":{"name":"uBlock Origin","description":"Finally, an efficient blocker. Easy on CPU and memory.","creator":"Raymond Hill & contributors","developers":null,"translators":null,"contributors":null},"visible":true,"active":true,"userDisabled":false,"appDisabled":false,"embedderDisabled":false,"installDate":1592335174159,"updateDate":1592335174000,"applyBackgroundUpdates":1,"path":"%appdata%\\Mozilla\\Firefox\\Profiles\\z4tftgad.default-release\\extensions\\uBlock0@raymondhill.net.xpi","skinnable":false,"sourceURI":null,"releaseNotesURI":null,"softDisabled":false,"foreignInstall":false,"strictCompatibility":true,"locales":[{"name":"uBlock Origin","description":"Finally, an efficient blocker. Easy on CPU and memory.","creator":"Raymond Hill & contributors","developers":null,"translators":null,"contributors":null,"locales":["en"]},{"name":"uBlock Origin","description":"Finally, an efficient blocker. Easy on CPU and memory.","creator":"Raymond Hill & contributors","developers":null,"translators":null,"contributors":null,"locales":["oc"]},{"name":"uBlock Origin","description":"高効率ブロッカーが遂に登場。CPUとメモリーの負担を抑えます。","creator":"Raymond Hill & contributors","developers":null,"translators":null,"contributors":null,"locales":["ja"]},{"name":"uBlock Origin","description":"Lõpuks on valminud tõhus blokeerija. Protsessori- ja mälusõbralik.","creator":"Raymond Hill & contributors","developers":null,"translators":null,"contributors":null,"locales":["et"]},{"name":"uBlock Origin","description":"మొత్తానికి RAM ఇంకా CPU పై తేలికయిన, ఒక సమర్థవంతమైన నిరోధిని.","creator":"Raymond Hill & contributors","developers":null,"translators":null,"contributors":null,"locales":["te"]},{"name":"uBlock Origin","description":"Finalmente, um bloqueador eficiente. Leve na CPU e memória.","creator":"Raymond Hill & contributors","developers":null,"translators":null,"contributors":null,"locales":["pt-PT"]},{"name":"uBlock Origin","description":"Un bloqueur de nuisances efficace, qui ménagera votre processeur et votre mémoire vive.","creator":"Raymond Hill & contributors","developers":null,"translators":null,"contributors":null,"locales":["fr"]},{"name":"uBlock Origin","description":"Einlik, in effisjinte adblocker. Brûkt hast gjin prosessorkrêft of ûnthâld.","creator":"Raymond Hill & contributors","developers":null,"translators":null,"contributors":null,"locales":["fy"]},{"name":"uBlock Origin","description":"Най-накрая, ефективен блокер. Щадящ процесора и паметта.","creator":"Raymond Hill & contributors","developers":null,"translators":null,"contributors":null,"locales":["bg"]},{"name":"uBlock Origin","description":"Akhirnya, pemblokir iklan yang efisien. Ringan penggunaan CPU dan memori.","creator":"Raymond Hill & contributors","developers":null,"translators":null,"contributors":null,"locales":["id"]},{"name":"uBlock Origin","description":"অবশেষে, একটি দক্ষ বিজ্ঞাপন রোধক। সিপিইউ এবং মেমরি সহায়ক।","creator":"Raymond Hill & contributors","developers":null,"translators":null,"contributors":null,"locales":["bn"]},{"name":"uBlock Origin","description":"Behingoz, blokeatzaile eraginkor bat. PUZ eta memorian arina.","creator":"Raymond Hill & contributors","developers":null,"translators":null,"contributors":null,"locales":["eu"]},{"name":"uBlock Origin","description":"Äntligen en effektiv blockerare. Snäll mot både processor och minne.","creator":"Raymond Hill & contributors","developers":null,"translators":null,"contributors":null,"locales":["sv"]},{"name":"uBlock Origin","description":"ಕೊನೆಗೂ, ಒಂದು ದಕ್ಷ ನಿರ್ಬಂಧಕ. ಮಿತವಾದ ಸಿಪಿಯೂ ಹಾಗು ಮೆಮೊರಿ ಬಳಕೆ.","creator":"Raymond Hill & contributors","developers":null,"translators":null,"contributors":null,"locales":["kn"]},{"name":"uBlock Origin","description":"Végre egy hatékony reklám- és követésblokkoló böngészőkhöz, amely kíméletes a processzorral és a memóriával.","creator":"Raymond Hill & contributors","developers":null,"translators":null,"contributors":null,"locales":["hu"]},{"name":"uBlock Origin","description":"Ефективний блокувальник реклами таки з’явився. Не навантажує процесор та пам'ять.","creator":"Raymond Hill & contributors","developers":null,"translators":null,"contributors":null,"locales":["uk"]},{"name":"uBlock Origin","description":"Konečně efektivní blokovač. Nezatěžuje CPU a paměť.","creator":"Raymond Hill & contributors","developers":null,"translators":null,"contributors":null,"locales":["cs"]},{"name":"uBlock Origin","description":"آخر کار، ایک مؤثر اشتہار کو روکنے والا، یہ کم cpu اور میموری لیتا ہے.","creator":"Raymond Hill & contributors","developers":null,"translators":null,"contributors":null,"locales":["ur"]},{"name":"uBlock Origin","description":"Cuối cùng, đã có một công cụ chặn quảng cáo hiệu quả, tiêu tốn ít CPU và bộ nhớ.","creator":"Raymond Hill & contributors","developers":null,"translators":null,"contributors":null,"locales":["vi"]},{"name":"uBlock Origin","description":"Finfine rendimenta reklamoblokilo. Afabla por ĉefprocesoro kaj memoro.","creator":"Raymond Hill & contributors","developers":null,"translators":null,"contributors":null,"locales":["eo"]},{"name":"uBlock Origin","description":"وأخيراً, مانع اعلانات كفوء. خفيف على المعالج و الذاكرة.","creator":"Raymond Hill & contributors","developers":null,"translators":null,"contributors":null,"locales":["ar"]},{"name":"uBlock Origin","description":"როგორც იქნა, მძლავრი და შედეგიანი რეკლამების შემზღუდავი. ზოგავს CPU-ს და მეხსიერებას.","creator":"Raymond Hill & contributors","developers":null,"translators":null,"contributors":null,"locales":["ka"]},{"name":"uBlock Origin","description":"Finalmente, un blocker efficiente. Leggero sulla CPU e sulla memoria.","creator":"Raymond Hill & contributors","developers":null,"translators":null,"contributors":null,"locales":["it"]},{"name":"uBlock Origin","description":"이 부가 기능은 효율적인 차단기입니다. CPU와 메모리에 주는 부담이 적습니다.","creator":"Raymond Hill & contributors","developers":null,"translators":null,"contributors":null,"locales":["ko"]},{"name":"uBlock Origin","description":"Endelig en effektiv blokkeringsutvidelse. Lavt CPU- og minnebruk.","creator":"Raymond Hill & contributors","developers":null,"translators":null,"contributors":null,"locales":["no"]},{"name":"uBlock Origin","description":"Më në fund, një bllokues efikas që nuk e rëndon procesorin dhe memorien.","creator":"Raymond Hill & contributors","developers":null,"translators":null,"contributors":null,"locales":["sq"]},{"name":"uBlock Origin","description":"आख़िरकार, क्रोमियम-बेस्ड ब्राउज़रों के लिए एक कुशल अवरोधक। CPU और स्मृति पर आसान।","creator":"Raymond Hill & contributors","developers":null,"translators":null,"contributors":null,"locales":["hi"]},{"name":"uBlock Origin","description":"Axır ki, prosessor və yaddaş yükünü azaldan səmərəli bir əngəlləyici var.","creator":"Raymond Hill & contributors","developers":null,"translators":null,"contributors":null,"locales":["az"]},{"name":"uBlock Origin","description":"Pagaliau, efektyvus blokatorius, neapkraunantis nei procesoriaus, nei darbinės atminties.","creator":"Raymond Hill & contributors","developers":null,"translators":null,"contributors":null,"locales":["lt"]},{"name":"uBlock Origin","description":"இறுதியாக, ஒரு திறமையான விளம்பரத் தடுப்பான். கணினியின் மையச் செயற்பகுதியின் மேலும் நினைவகத்தின் மேலும் இலகுவானது.","creator":"Raymond Hill & contributors","developers":null,"translators":null,"contributors":null,"locales":["ta"]},{"name":"uBlock Origin","description":"มาแล้ว! โปรแกรมบล็อกโฆษณาเบาเบา ไม่กิน ซีพียู หรือ แรม","creator":"Raymond Hill & contributors","developers":null,"translators":null,"contributors":null,"locales":["th"]},{"name":"uBlock Origin","description":"Endlich ein effizienter Blocker. Prozessor-freundlich und bescheiden beim Speicherbedarf.","creator":"Raymond Hill & contributors","developers":null,"translators":null,"contributors":null,"locales":["de"]},{"name":"uBlock Origin","description":"शेवटी, एक कार्यक्षम ब्लॉकर क्रोमियम आधारित ब्राउझरांसाठी. सीपीयू आणि मेमरी वर सोपे जातो.","creator":"Raymond Hill & contributors","developers":null,"translators":null,"contributors":null,"locales":["mr"]},{"name":"uBlock Origin","description":"Finally, an efficient blocker. Easy on CPU and memory.","creator":"Raymond Hill & contributors","developers":null,"translators":null,"contributors":null,"locales":["en-GB"]},{"name":"uBlock Origin","description":"Ó fin, un bloqueador eficiente que non chupa toda a memoria e o procesador.","creator":"Raymond Hill & contributors","developers":null,"translators":null,"contributors":null,"locales":["gl"]},{"name":"uBlock Origin","description":"Endelig en effektiv blokkeringsutvidelse. Lavt CPU- og minnebruk.","creator":"Raymond Hill & contributors","developers":null,"translators":null,"contributors":null,"locales":["nb"]},{"name":"uBlock Origin","description":"Коначно, ефикасан блокатор. Ниски процесорски и меморијски захтеви.","creator":"Raymond Hill & contributors","developers":null,"translators":null,"contributors":null,"locales":["sr"]},{"name":"uBlock Origin","description":"Finalment, un blocador eficient que utilitza pocs recursos de memòria i processador.","creator":"Raymond Hill & contributors","developers":null,"translators":null,"contributors":null,"locales":["ca"]},{"name":"uBlock Origin","description":"Konečne efektívny blokovač. Nezaťažuje CPU ani pamäť.","creator":"Raymond Hill & contributors","developers":null,"translators":null,"contributors":null,"locales":["sk"]},{"name":"uBlock Origin","description":"Тинех Интернет тишкерӳҫӗ валли хӑвӑрт та витӗмлӗ чаркӑч пур.","creator":"Raymond Hill & contributors","developers":null,"translators":null,"contributors":null,"locales":["cv"]},{"name":"uBlock Origin","description":"بالاخره، یک بلاکر کارآمد. کم حجم بر روی پردازنده و حافظه.","creator":"Raymond Hill & contributors","developers":null,"translators":null,"contributors":null,"locales":["fa"]},{"name":"uBlock Origin","description":"Akhirnya, penyekat yang cekap. Tidak membebankan CPU dan memori.","creator":"Raymond Hill & contributors","developers":null,"translators":null,"contributors":null,"locales":["ms"]},{"name":"uBlock Origin","description":"അവസാനം, ഒരു കാര്യക്ഷമമായ ബ്ലോക്കര്‍. ലഘുവായ CPU, memory ഉപയോഗം.","creator":"Raymond Hill & contributors","developers":null,"translators":null,"contributors":null,"locales":["ml"]},{"name":"uBlock Origin","description":"Наконец-то, быстрый и эффективный блокировщик для браузеров.","creator":"Raymond Hill & contributors","developers":null,"translators":null,"contributors":null,"locales":["ru"]},{"name":"uBlock Origin","description":"一款高效的网络请求过滤工具，占用极低的内存和 CPU。","creator":"Raymond Hill & contributors","developers":null,"translators":null,"contributors":null,"locales":["zh-CN"]},{"name":"uBlock Origin","description":"Nareszcie skuteczny bloker charakteryzujący się niskim użyciem procesora i pamięci.","creator":"Raymond Hill & contributors","developers":null,"translators":null,"contributors":null,"locales":["pl"]},{"name":"uBlock Origin","description":"Končno, učinkovita, procesorju in pomnilniku prijazna razširitev za blokiranje oglasov.","creator":"Raymond Hill & contributors","developers":null,"translators":null,"contributors":null,"locales":["sl"]},{"name":"uBlock Origin","description":"Sa wakas! Isang magaling na blocker para sa Chromium-based browsers. Magaan sa CPU at memory.","creator":"Raymond Hill & contributors","developers":null,"translators":null,"contributors":null,"locales":["fil"]},{"name":"uBlock Origin","description":"Beidzot, efektīvs bloķētājs. Nepārslogo procesoru un atmiņu.","creator":"Raymond Hill & contributors","developers":null,"translators":null,"contributors":null,"locales":["lv"]},{"name":"uBlock Origin","description":"Viimeinkin tehokas ja kevyt mainosten estäjä.","creator":"Raymond Hill & contributors","developers":null,"translators":null,"contributors":null,"locales":["fi"]},{"name":"uBlock Origin","description":"Finally, an efficient blocker. Easy on CPU and memory.","creator":"Raymond Hill & contributors","developers":null,"translators":null,"contributors":null,"locales":["kk"]},{"name":"uBlock Origin","description":"Konačno, efikasan blokator. Lak na CPU i memoriji.","creator":"Raymond Hill & contributors","developers":null,"translators":null,"contributors":null,"locales":["hr"]},{"name":"uBlock Origin","description":"Finalmente, um bloqueador eficiente. Com baixo uso de memória e CPU.","creator":"Raymond Hill & contributors","developers":null,"translators":null,"contributors":null,"locales":["pt-BR"]},{"name":"uBlock Origin","description":"Finally, an efficient blocker. Easy on CPU and memory.","creator":"Raymond Hill & contributors","developers":null,"translators":null,"contributors":null,"locales":["hy"]},{"name":"uBlock Origin","description":"Επιτέλους, ένας αποτελεσματικός blocker. Ελαφρύς για τον επεξεργαστή και τη μνήμη.","creator":"Raymond Hill & contributors","developers":null,"translators":null,"contributors":null,"locales":["el"]},{"name":"uBlock Origin","description":"Konačno, efikasan bloker. Štedljiv na procesoru i memoriji.","creator":"Raymond Hill & contributors","developers":null,"translators":null,"contributors":null,"locales":["bs"]},{"name":"uBlock Origin","description":"Por fin, un bloqueador eficiente con uso mínimo de procesador y memoria.","creator":"Raymond Hill & contributors","developers":null,"translators":null,"contributors":null,"locales":["es"]},{"name":"uBlock Origin","description":"În sfârșit, un blocant eficient. Are un impact mic asupra procesorului și memoriei.","creator":"Raymond Hill & contributors","developers":null,"translators":null,"contributors":null,"locales":["ro"]},{"name":"uBlock Origin","description":"一個高效率的網路資源過濾器，使用不多的 CPU 及記憶體資源。","creator":"Raymond Hill & contributors","developers":null,"translators":null,"contributors":null,"locales":["zh-TW"]},{"name":"uBlock Origin","description":"סוף סוף, חוסם יעיל. קל על המעבד והזיכרון.","creator":"Raymond Hill & contributors","developers":null,"translators":null,"contributors":null,"locales":["he"]},{"name":"uBlock Origin","description":"Endelig en effektiv blocker. Lavt CPU- og hukommelsesforbrug.","creator":"Raymond Hill & contributors","developers":null,"translators":null,"contributors":null,"locales":["da"]},{"name":"uBlock Origin","description":"Sonunda, etkili bir engelleyici. İşlemciyi ve belleği yormaz.","creator":"Raymond Hill & contributors","developers":null,"translators":null,"contributors":null,"locales":["tr"]},{"name":"uBlock Origin","description":"Eindelijk, een efficiënte adblocker. Gebruikt weinig processorkracht en geheugen.","creator":"Raymond Hill & contributors","developers":null,"translators":null,"contributors":null,"locales":["nl"]}],"targetApplications":[{"id":"toolkit@mozilla.org","minVersion":"55.0","maxVersion":"*"}],"targetPlatforms":[],"signedState":2,"signedDate":1590639779000,"seen":true,"dependencies":[],"incognito":"spanning","userPermissions":{"permissions":["dns","menus","privacy","storage","tabs","unlimitedStorage","webNavigation","webRequest","webRequestBlocking"],"origins":["<all_urls>","http://*/*","https://*/*","file://*/*"]},"optionalPermissions":{"permissions":[],"origins":[]},"icons":{"16":"img/ublock.svg","32":"img/ublock.svg","48":"img/ublock.svg","64":"img/ublock.svg","96":"img/ublock.svg"},"iconURL":null,"blocklistState":0,"blocklistURL":null,"startupData":null,"hidden":false,"installTelemetryInfo":{"source":"amo","sourceURL":"https://addons.mozilla.org/en-US/firefox/addon/ublock-origin/","method":"amWebAPI"},"recommendationState":{"validNotAfter":1748427778000,"validNotBefore":1590639778000,"states":["recommended"]},"rootURI":"jar:file:///%appdata%/Mozilla/Firefox/Profiles/z4tftgad.default-release/extensions/uBlock0@raymondhill.net.xpi!/","location":"app-profile"},{"id":"{1cbcb826-509e-4073-afbc-0d0fedb54d7b}","syncGUID":"{48b998f0-4fab-43c7-b7c8-09f96be854d9}","version":"1.0.3","type":"extension","loader":null,"optionsURL":null,"optionsType":null,"optionsBrowserStyle":true,"aboutURL":null,"defaultLocale":{"name":"Close unused blank tabs Plus","description":"Closes unused blank tabs","creator":"crssi","developers":null,"translators":null,"contributors":null},"visible":true,"active":true,"userDisabled":false,"appDisabled":false,"embedderDisabled":false,"installDate":1592335244135,"updateDate":1592335244000,"applyBackgroundUpdates":1,"path":"%appdata%\\Mozilla\\Firefox\\Profiles\\z4tftgad.default-release\\extensions\\{1cbcb826-509e-4073-afbc-0d0fedb54d7b}.xpi","skinnable":false,"sourceURI":null,"releaseNotesURI":null,"softDisabled":false,"foreignInstall":false,"strictCompatibility":true,"locales":[],"targetApplications":[{"id":"toolkit@mozilla.org","minVersion":"48.0","maxVersion":"*"}],"targetPlatforms":[],"signedState":2,"signedDate":1556300000000,"seen":true,"dependencies":[],"incognito":"spanning","userPermissions":{"permissions":["tabs","sessions"],"origins":[]},"optionalPermissions":{"permissions":[],"origins":[]},"icons":{"24":"icons/icon.svg","32":"icons/icon.svg","48":"icons/icon.svg","64":"icons/icon.svg","96":"icons/icon.svg","128":"icons/icon.svg"},"iconURL":null,"blocklistState":0,"blocklistURL":null,"startupData":null,"hidden":false,"installTelemetryInfo":{"source":"amo","sourceURL":"https://addons.mozilla.org/en-US/firefox/addon/close-unused-blank-tabs-plus/","method":"amWebAPI"},"recommendationState":null,"rootURI":"jar:file:///%appdata%/Mozilla/Firefox/Profiles/z4tftgad.default-release/extensions/%7B1cbcb826-509e-4073-afbc-0d0fedb54d7b%7D.xpi!/","location":"app-profile"},{"id":"jid1-KKzOGWgsW3Ao4Q@jetpack","syncGUID":"{00e8613b-f564-4f3c-beb7-481bd194dbf1}","version":"3.1.8","type":"extension","loader":null,"updateURL":null,"optionsURL":"data/options.html","optionsType":5,"optionsBrowserStyle":true,"aboutURL":null,"defaultLocale":{"name":"I don't care about cookies","creator":"Daniel Kladnik @ kiboke studio","developers":null,"translators":null,"contributors":null},"visible":true,"active":true,"userDisabled":false,"appDisabled":false,"embedderDisabled":false,"installDate":1592335251313,"updateDate":1592335250000,"applyBackgroundUpdates":1,"path":"%appdata%\\Mozilla\\Firefox\\Profiles\\z4tftgad.default-release\\extensions\\jid1-KKzOGWgsW3Ao4Q@jetpack.xpi","skinnable":false,"sourceURI":null,"releaseNotesURI":null,"softDisabled":false,"foreignInstall":false,"strictCompatibility":true,"locales":[{"name":"I don't care about cookies","creator":"Daniel Kladnik @ kiboke studio","developers":null,"translators":null,"contributors":null,"locales":["en"]},{"name":"I don't care about cookies","creator":"Daniel Kladnik @ kiboke studio","developers":null,"translators":null,"contributors":null,"locales":["ja"]},{"name":"I don't care about cookies","creator":"Daniel Kladnik @ kiboke studio","developers":null,"translators":null,"contributors":null,"locales":["fr"]},{"name":"I don't care about cookies","creator":"Daniel Kladnik @ kiboke studio","developers":null,"translators":null,"contributors":null,"locales":["bg"]},{"name":"I don't care about cookies","creator":"Daniel Kladnik @ kiboke studio","developers":null,"translators":null,"contributors":null,"locales":["sv"]},{"name":"I don't care about cookies","creator":"Daniel Kladnik @ kiboke studio","developers":null,"translators":null,"contributors":null,"locales":["nn"]},{"name":"I don't care about cookies","creator":"Daniel Kladnik @ kiboke studio","developers":null,"translators":null,"contributors":null,"locales":["cs"]},{"name":"I don't care about cookies","creator":"Daniel Kladnik @ kiboke studio","developers":null,"translators":null,"contributors":null,"locales":["no"]},{"name":"I don't care about cookies","creator":"Daniel Kladnik @ kiboke studio","developers":null,"translators":null,"contributors":null,"locales":["it"]},{"name":"I don't care about cookies","creator":"Daniel Kladnik @ kiboke studio","developers":null,"translators":null,"contributors":null,"locales":["uk"]},{"name":"I don't care about cookies","creator":"Daniel Kladnik @ kiboke studio","developers":null,"translators":null,"contributors":null,"locales":["lt"]},{"name":"I don't care about cookies","creator":"Daniel Kladnik @ kiboke studio","developers":null,"translators":null,"contributors":null,"locales":["de"]},{"name":"I don't care about cookies","creator":"Daniel Kladnik @ kiboke studio","developers":null,"translators":null,"contributors":null,"locales":["ru"]},{"name":"I don't care about cookies","creator":"Daniel Kladnik @ kiboke studio","developers":null,"translators":null,"contributors":null,"locales":["sk"]},{"name":"I don't care about cookies","creator":"Daniel Kladnik @ kiboke studio","developers":null,"translators":null,"contributors":null,"locales":["pl"]},{"name":"I don't care about cookies","creator":"Daniel Kladnik @ kiboke studio","developers":null,"translators":null,"contributors":null,"locales":["hr"]},{"name":"I don't care about cookies","creator":"Daniel Kladnik @ kiboke studio","developers":null,"translators":null,"contributors":null,"locales":["es"]},{"name":"I don't care about cookies","creator":"Daniel Kladnik @ kiboke studio","developers":null,"translators":null,"contributors":null,"locales":["ro"]},{"name":"I don't care about cookies","creator":"Daniel Kladnik @ kiboke studio","developers":null,"translators":null,"contributors":null,"locales":["da"]},{"name":"I don’t care about cookies","creator":"Daniel Kladnik @ kiboke studio","developers":null,"translators":null,"contributors":null,"locales":["nl"]}],"targetApplications":[{"id":"toolkit@mozilla.org","minVersion":"56.0","maxVersion":"*"}],"targetPlatforms":[],"signedState":2,"signedDate":1591773312000,"seen":true,"dependencies":[],"incognito":"spanning","userPermissions":{"permissions":["tabs","storage","notifications","webRequest","webRequestBlocking","webNavigation"],"origins":["http://*/*","https://*/*"]},"optionalPermissions":{"permissions":[],"origins":[]},"icons":{"16":"icons/16.png","48":"icons/48.png","128":"icons/128.png"},"iconURL":null,"blocklistState":0,"blocklistURL":null,"startupData":null,"hidden":false,"installTelemetryInfo":{"source":"amo","sourceURL":"https://addons.mozilla.org/en-US/firefox/addon/i-dont-care-about-cookies/","method":"amWebAPI"},"recommendationState":null,"rootURI":"jar:file:///%appdata%/Mozilla/Firefox/Profiles/z4tftgad.default-release/extensions/jid1-KKzOGWgsW3Ao4Q@jetpack.xpi!/","location":"app-profile"},{"id":"{25c707e5-8daf-4703-8cd5-7059121396d9}","syncGUID":"{7f32ecc4-4bd5-4f63-aaac-21a4405aafa5}","version":"0.1","type":"extension","loader":null,"updateURL":null,"optionsURL":null,"optionsType":null,"optionsBrowserStyle":true,"aboutURL":null,"defaultLocale":{"name":"Maximize All Windows (Minimalist Version)","creator":null,"developers":null,"translators":null,"contributors":null},"visible":true,"active":true,"userDisabled":false,"appDisabled":false,"embedderDisabled":false,"installDate":1592335258766,"updateDate":1592335258000,"applyBackgroundUpdates":1,"path":"%appdata%\\Mozilla\\Firefox\\Profiles\\z4tftgad.default-release\\extensions\\{25c707e5-8daf-4703-8cd5-7059121396d9}.xpi","skinnable":false,"sourceURI":null,"releaseNotesURI":null,"softDisabled":false,"foreignInstall":false,"strictCompatibility":true,"locales":[],"targetApplications":[{"id":"toolkit@mozilla.org","minVersion":"48.0","maxVersion":"*"}],"targetPlatforms":[],"signedState":2,"signedDate":1556803808000,"seen":true,"dependencies":[],"incognito":"spanning","userPermissions":{"permissions":[],"origins":[]},"optionalPermissions":{"permissions":[],"origins":[]},"icons":{},"iconURL":null,"blocklistState":0,"blocklistURL":null,"startupData":null,"hidden":false,"installTelemetryInfo":{"source":"amo","sourceURL":"https://addons.mozilla.org/en-US/firefox/addon/maximize-all-windows-minimal/","method":"amWebAPI"},"recommendationState":null,"rootURI":"jar:file:///%appdata%/Mozilla/Firefox/Profiles/z4tftgad.default-release/extensions/%7B25c707e5-8daf-4703-8cd5-7059121396d9%7D.xpi!/","location":"app-profile"},{"id":"{88664789-f91e-40e1-adb9-e4e9a8c48867}","syncGUID":"{980197a9-35d7-4338-8f22-fb17b8a4b94c}","version":"0.5.0","type":"extension","loader":null,"updateURL":null,"optionsURL":"options.html","optionsType":5,"optionsBrowserStyle":true,"aboutURL":null,"defaultLocale":{"name":"URLs List","description":"List the URLs of all tabs from the current window as copyable plaintext.","creator":null,"homepageURL":"https://github.com/moritz-h/urls-list","developers":null,"translators":null,"contributors":null},"visible":true,"active":true,"userDisabled":false,"appDisabled":false,"embedderDisabled":false,"installDate":1592335265313,"updateDate":1592335264000,"applyBackgroundUpdates":1,"path":"%appdata%\\Mozilla\\Firefox\\Profiles\\z4tftgad.default-release\\extensions\\{88664789-f91e-40e1-adb9-e4e9a8c48867}.xpi","skinnable":false,"sourceURI":null,"releaseNotesURI":null,"softDisabled":false,"foreignInstall":false,"strictCompatibility":true,"locales":[],"targetApplications":[{"id":"toolkit@mozilla.org","minVersion":"63.0","maxVersion":"*"}],"targetPlatforms":[],"signedState":2,"signedDate":1546429807000,"seen":true,"dependencies":[],"incognito":"spanning","userPermissions":{"permissions":["activeTab","clipboardWrite","contextMenus","notifications","storage","tabs"],"origins":[]},"optionalPermissions":{"permissions":[],"origins":[]},"icons":{"48":"icons/icon.svg","96":"icons/icon.svg"},"iconURL":null,"blocklistState":0,"blocklistURL":null,"startupData":null,"hidden":false,"installTelemetryInfo":{"source":"amo","sourceURL":"https://addons.mozilla.org/en-US/firefox/addon/urls-list/","method":"amWebAPI"},"recommendationState":null,"rootURI":"jar:file:///%appdata%/Mozilla/Firefox/Profiles/z4tftgad.default-release/extensions/%7B88664789-f91e-40e1-adb9-e4e9a8c48867%7D.xpi!/","location":"app-profile"},{"id":"containerise@kinte.sh","syncGUID":"{cbe7ea22-48cd-49da-92fd-f24e1c00e5c7}","version":"3.7.0","type":"extension","loader":null,"updateURL":null,"optionsURL":"ui-preferences/index.html","optionsType":5,"optionsBrowserStyle":true,"aboutURL":null,"defaultLocale":{"name":"Containerise","description":"Firefox extension to automatically open websites in a container","creator":null,"developers":null,"translators":null,"contributors":null},"visible":true,"active":true,"userDisabled":false,"appDisabled":false,"embedderDisabled":false,"installDate":1592335339800,"updateDate":1592335338000,"applyBackgroundUpdates":1,"path":"%appdata%\\Mozilla\\Firefox\\Profiles\\z4tftgad.default-release\\extensions\\containerise@kinte.sh.xpi","skinnable":false,"sourceURI":null,"releaseNotesURI":null,"softDisabled":false,"foreignInstall":false,"strictCompatibility":true,"locales":[],"targetApplications":[{"id":"toolkit@mozilla.org","minVersion":"53.0","maxVersion":"*"}],"targetPlatforms":[],"signedState":2,"signedDate":1572108310000,"seen":true,"dependencies":[],"incognito":"spanning","userPermissions":{"permissions":["contextualIdentities","cookies","tabs","webRequest","webRequestBlocking","storage"],"origins":["<all_urls>"]},"optionalPermissions":{"permissions":[],"origins":[]},"icons":{"48":"icons/icon.png","96":"icons/icon.png"},"iconURL":null,"blocklistState":0,"blocklistURL":null,"startupData":null,"hidden":false,"installTelemetryInfo":{"source":"amo","sourceURL":"https://addons.mozilla.org/en-US/firefox/addon/containerise/","method":"amWebAPI"},"recommendationState":null,"rootURI":"jar:file:///%appdata%/Mozilla/Firefox/Profiles/z4tftgad.default-release/extensions/containerise@kinte.sh.xpi!/","location":"app-profile"},{"id":"{b86e4813-687a-43e6-ab65-0bde4ab75758}","syncGUID":"{c2d4a9d9-1278-423f-b53f-39101f5b07ae}","version":"2.2.9","type":"extension","loader":null,"updateURL":null,"optionsURL":"pages/options/options.html","optionsType":5,"optionsBrowserStyle":true,"aboutURL":null,"defaultLocale":{"name":"LocalCDN","description":"Protects you against tracking through \"free\", centralized, content delivery.","creator":"nobody","developers":null,"translators":null,"contributors":null},"visible":true,"active":true,"userDisabled":false,"appDisabled":false,"embedderDisabled":false,"installDate":1592334778423,"updateDate":1592801858000,"applyBackgroundUpdates":1,"path":"%appdata%\\Mozilla\\Firefox\\Profiles\\z4tftgad.default-release\\extensions\\{b86e4813-687a-43e6-ab65-0bde4ab75758}.xpi","skinnable":false,"sourceURI":null,"releaseNotesURI":null,"softDisabled":false,"foreignInstall":false,"strictCompatibility":true,"locales":[{"name":"LocalCDN","description":"Protects you against tracking through \"free\", centralized, content delivery.","creator":"nobody","developers":null,"translators":null,"contributors":null,"locales":["en-US"]},{"name":"LocalCDN","description":"Protege contra monitorização através de entrega de conteúdo centralizado.","creator":"nobody","developers":null,"translators":null,"contributors":null,"locales":["pt-PT"]},{"name":"LocalCDN","description":"Para protektahan ka laban sa pagsubaybay sa pamamagitan ng \"libre\", sentralisadong, paghahatid ng nilalaman.","creator":"nobody","developers":null,"translators":null,"contributors":null,"locales":["tl"]},{"name":"LocalCDN","description":"「無料」と称してあなたを追跡する大規模なCDNを迂回して、プライバシーを守ります。","creator":"nobody","developers":null,"translators":null,"contributors":null,"locales":["ja"]},{"name":"LocalCDN","description":"Kaitseb sind \"tasuta\", tsentraliseeritud sisu edastamisest tuleneva jälitamise vastu.","creator":"nobody","developers":null,"translators":null,"contributors":null,"locales":["et"]},{"name":"LocalCDN","description":"Protège du pistage lié aux diffuseurs de contenus « gratuits », centralisés.","creator":"nobody","developers":null,"translators":null,"contributors":null,"locales":["fr"]},{"name":"LocalCDN","description":"Melindungi Anda dari pelacakan distribusi konten \"gratis\" dan terpusat.","creator":"nobody","developers":null,"translators":null,"contributors":null,"locales":["id"]},{"name":"LocalCDN","description":"Véd attól, hogy az „ingyenes”, centralizált tartalomszolgáltatók kövessenek.","creator":"nobody","developers":null,"translators":null,"contributors":null,"locales":["hu"]},{"name":"LocalCDN","description":"Защитава ви от следене чрез свободна, централизирана доставка на съдържание.","creator":"nobody","developers":null,"translators":null,"contributors":null,"locales":["bg"]},{"name":"LocalCDN","description":"Skyddar dig mot att spåras av \"gratis\" centraliserad innehållsleverans.","creator":"nobody","developers":null,"translators":null,"contributors":null,"locales":["sv"]},{"name":"LocalCDN","description":"Verndar þig gegn eftirliti frá \"ókeypis\" miðlægum efnisveitum.","creator":"nobody","developers":null,"translators":null,"contributors":null,"locales":["is"]},{"name":"LocalCDN","description":"Chrání před sledováním skrze centrálně doručovaný obsah.","creator":"nobody","developers":null,"translators":null,"contributors":null,"locales":["cs"]},{"name":"LocalCDN","description":"\"무료\"라는 미끼로 당신을 추적하는 대규모 CDN을 사용하지 않음으로써 프라이버시를 지킵니다.","creator":"nobody","developers":null,"translators":null,"contributors":null,"locales":["ko"]},{"name":"LocalCDN","description":"Protegge dal tracciamento tramite CDN centralizzati \"liberi\".","creator":"nobody","developers":null,"translators":null,"contributors":null,"locales":["it"]},{"name":"LocalCDN","description":"Protects you against tracking through \"free\", centralised, content delivery.","creator":"nobody","developers":null,"translators":null,"contributors":null,"locales":["en-GB"]},{"name":"LocalCDN","description":"Decentraleyes protektas vin kontraŭ sekvado per senkostaj, centraj enhav-proviz-retoj.","creator":"nobody","developers":null,"translators":null,"contributors":null,"locales":["eo"]},{"name":"LocalCDN","description":"Schützt vor Tracking durch \"gratis\", zentralisiertes Abliefern von Content.","creator":"nobody","developers":null,"translators":null,"contributors":null,"locales":["de"]},{"name":"LocalCDN","description":"يحميك من التتبع المرتبط بالوصول للمحتوى \"مجاني\"، مركزية.","creator":"nobody","developers":null,"translators":null,"contributors":null,"locales":["ar"]},{"name":"LocalCDN","description":"Beskytter mot sporing gjennom \"gratis\", sentralisert innholdslevering (CDN).","creator":"nobody","developers":null,"translators":null,"contributors":null,"locales":["nb"]},{"name":"LocalCDN","description":"Штити вас од праћења преко „бесплатних“, централизованих достава садржаја.","creator":"nobody","developers":null,"translators":null,"contributors":null,"locales":["sr"]},{"name":"LocalCDN","description":"Chroni przed śledzeniem przez ośrodki CDN.","creator":"nobody","developers":null,"translators":null,"contributors":null,"locales":["pl"]},{"name":"LocalCDN","description":"Защищает Вас от отслеживания через «бесплатные», централизованные CDN.","creator":"nobody","developers":null,"translators":null,"contributors":null,"locales":["ru"]},{"name":"LocalCDN","description":"保护你免受中心化的内容分发网络（CDN）的跟踪。","creator":"nobody","developers":null,"translators":null,"contributors":null,"locales":["zh-CN"]},{"name":"LocalCDN","description":"Προστατεύει από παρακολούθηση μέσω \"δωρεάν\" διανομής περιεχόμενου.","creator":"nobody","developers":null,"translators":null,"contributors":null,"locales":["el"]},{"name":"LocalCDN","description":"Schützt virun Tracking duerch \"gratis\" Content Delivery Networks.","creator":"nobody","developers":null,"translators":null,"contributors":null,"locales":["lb"]},{"name":"LocalCDN","description":"Protejează împotriva urmăririi prin livrare de conținut gratuit, centralizat.","creator":"nobody","developers":null,"translators":null,"contributors":null,"locales":["ro"]},{"name":"LocalCDN","description":"Suojaa sinua \"ilmaisten\" keskitettyjen sisällön jakeluverkkojen jäljitykseltä.","creator":"nobody","developers":null,"translators":null,"contributors":null,"locales":["fi"]},{"name":"LocalCDN","description":"Lhe protege de rastreamento feito usando centrais de disponibilização de conteúdo \"gratuitas\".","creator":"nobody","developers":null,"translators":null,"contributors":null,"locales":["pt-BR"]},{"name":"LocalCDN","description":"Protege contra el rastreo con la entrega centralizada y «gratuita» de contenido.","creator":"nobody","developers":null,"translators":null,"contributors":null,"locales":["es"]},{"name":"LocalCDN","description":"保護您不受「免費」、中心化的內容傳遞網路（CDN）的追蹤。","creator":"nobody","developers":null,"translators":null,"contributors":null,"locales":["zh-TW"]},{"name":"LocalCDN","description":"Beschermt tegen tracking via het \"gratis\", gecentraliseerd, verzorgen van content.","creator":"nobody","developers":null,"translators":null,"contributors":null,"locales":["nl"]},{"name":"LocalCDN","description":"מגן עליך מפני מעקב המבוצע דרך רשתות אספקת תוכן ריכוזיות ו\"חינמיות\".","creator":"nobody","developers":null,"translators":null,"contributors":null,"locales":["he"]},{"name":"LocalCDN","description":"Beskytter dig imod sporing af \"gratis\", centraliserede indholdsleverandører.","creator":"nobody","developers":null,"translators":null,"contributors":null,"locales":["da"]},{"name":"LocalCDN","description":"Sizi içerik dağıtımıyla yapılan merkezi ve \"ücretsiz\" takipten korur.","creator":"nobody","developers":null,"translators":null,"contributors":null,"locales":["tr"]}],"targetApplications":[{"id":"toolkit@mozilla.org","minVersion":"63.0","maxVersion":null}],"targetPlatforms":[],"signedState":2,"signedDate":1592721322000,"seen":true,"dependencies":[],"incognito":"spanning","userPermissions":{"permissions":["privacy","storage","unlimitedStorage","tabs","webNavigation","webRequest","webRequestBlocking"],"origins":["*://*/*"]},"optionalPermissions":{"permissions":[],"origins":[]},"icons":{"16":"icons/icon16.png","48":"icons/icon48.png","96":"icons/icon96.png","128":"icons/icon128.png"},"iconURL":null,"blocklistState":0,"blocklistURL":null,"startupData":null,"hidden":false,"installTelemetryInfo":{"source":"amo","sourceURL":"https://addons.mozilla.org/en-US/firefox/addon/localcdn-fork-of-decentraleyes/","method":"amWebAPI"},"recommendationState":null,"rootURI":"jar:file:///%appdata%/Mozilla/Firefox/Profiles/z4tftgad.default-release/extensions/%7Bb86e4813-687a-43e6-ab65-0bde4ab75758%7D.xpi!/","location":"app-profile"}]}
