{"schemaVersion":33,"addons":[{"id":"doh-rollout@mozilla.org","syncGUID":"{e3616425-b7ca-4985-b38e-9cfbecbfdc08}","version":"2.0.0","type":"extension","loader":null,"updateURL":null,"optionsURL":null,"optionsType":null,"optionsBrowserStyle":true,"aboutURL":null,"defaultLocale":{"name":"DoH Roll-Out","description":"This used to be a Mozilla add-on that supported the roll-out of DoH, but now only exists as a stub to enable migrations.","creator":null,"developers":null,"translators":null,"contributors":null},"visible":true,"active":true,"userDisabled":false,"appDisabled":false,"embedderDisabled":false,"installDate":1616068579000,"updateDate":1616068579000,"applyBackgroundUpdates":1,"path":"%programfiles%\\Mozilla Firefox\\browser\\features\\doh-rollout@mozilla.org.xpi","skinnable":false,"sourceURI":null,"releaseNotesURI":null,"softDisabled":false,"foreignInstall":false,"strictCompatibility":true,"locales":[],"targetApplications":[{"id":"toolkit@mozilla.org","minVersion":"72.0a1","maxVersion":null}],"targetPlatforms":[],"signedDate":null,"seen":true,"dependencies":[],"incognito":"spanning","userPermissions":{"permissions":[],"origins":[]},"optionalPermissions":{"permissions":[],"origins":[]},"icons":{},"iconURL":null,"blocklistState":0,"blocklistURL":null,"startupData":null,"hidden":true,"installTelemetryInfo":null,"recommendationState":null,"rootURI":"jar:file:///%programfiles%/Mozilla%20Firefox/browser/features/doh-rollout@mozilla.org.xpi!/","location":"app-system-defaults"},{"id":"formautofill@mozilla.org","syncGUID":"{e7739b9c-403a-4e44-a176-682439bf5144}","version":"1.0","type":"extension","loader":null,"updateURL":null,"optionsURL":null,"optionsType":null,"optionsBrowserStyle":true,"aboutURL":null,"defaultLocale":{"name":"Form Autofill","creator":null,"developers":null,"translators":null,"contributors":null},"visible":true,"active":true,"userDisabled":false,"appDisabled":false,"embedderDisabled":false,"installDate":1616068579000,"updateDate":1616068579000,"applyBackgroundUpdates":1,"path":"%programfiles%\\Mozilla Firefox\\browser\\features\\formautofill@mozilla.org.xpi","skinnable":false,"sourceURI":null,"releaseNotesURI":null,"softDisabled":false,"foreignInstall":false,"strictCompatibility":true,"locales":[],"targetApplications":[{"id":"toolkit@mozilla.org","minVersion":null,"maxVersion":null}],"targetPlatforms":[],"signedDate":null,"seen":true,"dependencies":[],"incognito":"spanning","userPermissions":{"permissions":[],"origins":[]},"optionalPermissions":{"permissions":[],"origins":[]},"icons":{},"iconURL":null,"blocklistState":0,"blocklistURL":null,"startupData":null,"hidden":true,"installTelemetryInfo":null,"recommendationState":null,"rootURI":"jar:file:///%programfiles%/Mozilla%20Firefox/browser/features/formautofill@mozilla.org.xpi!/","location":"app-system-defaults"},{"id":"screenshots@mozilla.org","syncGUID":"{a5df3f65-fe94-41c6-a9fe-39d47d961dd5}","version":"39.0.0","type":"extension","loader":null,"updateURL":null,"optionsURL":null,"optionsType":null,"optionsBrowserStyle":true,"aboutURL":null,"defaultLocale":{"name":"Firefox Screenshots","description":"Take clips and screenshots from the Web and save them temporarily or permanently.","creator":"Mozilla <screenshots-feedback@mozilla.com>","homepageURL":"https://github.com/mozilla-services/screenshots","developers":null,"translators":null,"contributors":null},"visible":true,"active":true,"userDisabled":false,"appDisabled":false,"embedderDisabled":false,"installDate":1616068579000,"updateDate":1616068579000,"applyBackgroundUpdates":1,"path":"%programfiles%\\Mozilla Firefox\\browser\\features\\screenshots@mozilla.org.xpi","skinnable":false,"sourceURI":null,"releaseNotesURI":null,"softDisabled":false,"foreignInstall":false,"strictCompatibility":true,"locales":[],"targetApplications":[{"id":"toolkit@mozilla.org","minVersion":"57.0a1","maxVersion":null}],"targetPlatforms":[],"signedDate":null,"seen":true,"dependencies":[],"incognito":"spanning","userPermissions":{"permissions":["activeTab","downloads","tabs","storage","notifications","clipboardWrite","contextMenus"],"origins":["<all_urls>","https://screenshots.firefox.com/","https://screenshots.firefox.com/*"]},"optionalPermissions":{"permissions":[],"origins":[]},"icons":{"32":"icons/icon-v2.svg"},"iconURL":null,"blocklistState":0,"blocklistURL":null,"startupData":null,"hidden":true,"installTelemetryInfo":null,"recommendationState":null,"rootURI":"jar:file:///%programfiles%/Mozilla%20Firefox/browser/features/screenshots@mozilla.org.xpi!/","location":"app-system-defaults"},{"id":"webcompat-reporter@mozilla.org","syncGUID":"{3e8b59ba-34fa-4319-bde8-97d1121a2617}","version":"1.4.0","type":"extension","loader":null,"updateURL":null,"optionsURL":null,"optionsType":null,"optionsBrowserStyle":true,"aboutURL":null,"defaultLocale":{"name":"WebCompat Reporter","description":"Report site compatibility issues on webcompat.com","creator":"Thomas Wisniewski <twisniewski@mozilla.com>","homepageURL":"https://github.com/mozilla/webcompat-reporter","developers":null,"translators":null,"contributors":null},"visible":true,"active":false,"userDisabled":true,"appDisabled":false,"embedderDisabled":false,"installDate":1616068579000,"updateDate":1616068579000,"applyBackgroundUpdates":1,"path":"%programfiles%\\Mozilla Firefox\\browser\\features\\webcompat-reporter@mozilla.org.xpi","skinnable":false,"sourceURI":null,"releaseNotesURI":null,"softDisabled":false,"foreignInstall":false,"strictCompatibility":true,"locales":[],"targetApplications":[{"id":"toolkit@mozilla.org","minVersion":null,"maxVersion":null}],"targetPlatforms":[],"signedDate":null,"seen":true,"dependencies":[],"incognito":"spanning","userPermissions":{"permissions":["tabs"],"origins":["<all_urls>"]},"optionalPermissions":{"permissions":[],"origins":[]},"icons":{"16":"icons/lightbulb.svg","32":"icons/lightbulb.svg","48":"icons/lightbulb.svg","96":"icons/lightbulb.svg","128":"icons/lightbulb.svg"},"iconURL":null,"blocklistState":0,"blocklistURL":null,"startupData":null,"hidden":true,"installTelemetryInfo":null,"recommendationState":null,"rootURI":"jar:file:///%programfiles%/Mozilla%20Firefox/browser/features/webcompat-reporter@mozilla.org.xpi!/","location":"app-system-defaults"},{"id":"webcompat@mozilla.org","syncGUID":"{435811f1-5702-4ddd-af26-7c1996a88270}","version":"20.1.0","type":"extension","loader":null,"updateURL":null,"optionsURL":null,"optionsType":null,"optionsBrowserStyle":true,"aboutURL":null,"defaultLocale":{"name":"Web Compatibility Interventions","description":"Urgent post-release fixes for web compatibility.","creator":null,"developers":null,"translators":null,"contributors":null},"visible":true,"active":true,"userDisabled":false,"appDisabled":false,"embedderDisabled":false,"installDate":1616068579000,"updateDate":1616068579000,"applyBackgroundUpdates":1,"path":"%programfiles%\\Mozilla Firefox\\browser\\features\\webcompat@mozilla.org.xpi","skinnable":false,"sourceURI":null,"releaseNotesURI":null,"softDisabled":false,"foreignInstall":false,"strictCompatibility":true,"locales":[],"targetApplications":[{"id":"toolkit@mozilla.org","minVersion":"59.0b5","maxVersion":null}],"targetPlatforms":[],"signedDate":null,"seen":true,"dependencies":[],"incognito":"spanning","userPermissions":{"permissions":["tabs","webNavigation","webRequest","webRequestBlocking"],"origins":["<all_urls>"]},"optionalPermissions":{"permissions":[],"origins":[]},"icons":{},"iconURL":null,"blocklistState":0,"blocklistURL":null,"startupData":null,"hidden":true,"installTelemetryInfo":null,"recommendationState":null,"rootURI":"jar:file:///%programfiles%/Mozilla%20Firefox/browser/features/webcompat@mozilla.org.xpi!/","location":"app-system-defaults"},{"id":"default-theme@mozilla.org","syncGUID":"{3ad43650-39ec-4704-a9a2-a0c78601985a}","version":"1.1","type":"theme","loader":null,"updateURL":null,"optionsURL":null,"optionsType":null,"optionsBrowserStyle":true,"aboutURL":null,"defaultLocale":{"name":"Default","description":"A theme with the operating system color scheme.","creator":"Mozilla","developers":null,"translators":null,"contributors":null},"visible":true,"active":true,"userDisabled":false,"appDisabled":false,"embedderDisabled":false,"installDate":1618065875899,"applyBackgroundUpdates":1,"path":null,"skinnable":false,"sourceURI":null,"releaseNotesURI":null,"softDisabled":false,"foreignInstall":false,"strictCompatibility":true,"locales":[],"targetApplications":[{"id":"toolkit@mozilla.org","minVersion":null,"maxVersion":null}],"targetPlatforms":[],"signedDate":null,"seen":true,"dependencies":[],"userPermissions":null,"optionalPermissions":null,"icons":{"32":"icon.svg"},"iconURL":null,"blocklistState":0,"blocklistURL":null,"startupData":null,"hidden":false,"installTelemetryInfo":null,"recommendationState":null,"rootURI":"resource://default-theme/","location":"app-builtin"},{"id":"firefox-compact-light@mozilla.org","syncGUID":"{bb6dd0c1-952b-4bc2-a1f6-55d80988cd3c}","version":"1.1","type":"theme","loader":null,"updateURL":null,"optionsURL":null,"optionsType":null,"optionsBrowserStyle":true,"aboutURL":null,"defaultLocale":{"name":"Light","description":"A theme with a light color scheme.","creator":"Mozilla","developers":null,"translators":null,"contributors":null},"visible":true,"active":false,"userDisabled":true,"appDisabled":false,"embedderDisabled":false,"installDate":1618065875915,"applyBackgroundUpdates":1,"path":null,"skinnable":false,"sourceURI":null,"releaseNotesURI":null,"softDisabled":false,"foreignInstall":false,"strictCompatibility":true,"locales":[],"targetApplications":[{"id":"toolkit@mozilla.org","minVersion":null,"maxVersion":null}],"targetPlatforms":[],"signedDate":null,"seen":true,"dependencies":[],"userPermissions":null,"optionalPermissions":null,"icons":{"32":"icon.svg"},"iconURL":null,"blocklistState":0,"blocklistURL":null,"startupData":null,"hidden":false,"installTelemetryInfo":null,"recommendationState":null,"rootURI":"resource://builtin-themes/light/","location":"app-builtin"},{"id":"firefox-compact-dark@mozilla.org","syncGUID":"{42b795e6-54a8-422a-84d6-6e1ced428ed5}","version":"1.1","type":"theme","loader":null,"updateURL":null,"optionsURL":null,"optionsType":null,"optionsBrowserStyle":true,"aboutURL":null,"defaultLocale":{"name":"Dark","description":"A theme with a dark color scheme.","creator":"Mozilla","developers":null,"translators":null,"contributors":null},"visible":true,"active":false,"userDisabled":true,"appDisabled":false,"embedderDisabled":false,"installDate":1618065875916,"applyBackgroundUpdates":1,"path":null,"skinnable":false,"sourceURI":null,"releaseNotesURI":null,"softDisabled":false,"foreignInstall":false,"strictCompatibility":true,"locales":[],"targetApplications":[{"id":"toolkit@mozilla.org","minVersion":null,"maxVersion":null}],"targetPlatforms":[],"signedDate":null,"seen":true,"dependencies":[],"userPermissions":null,"optionalPermissions":null,"icons":{"32":"icon.svg"},"iconURL":null,"blocklistState":0,"blocklistURL":null,"startupData":null,"hidden":false,"installTelemetryInfo":null,"recommendationState":null,"rootURI":"resource://builtin-themes/dark/","location":"app-builtin"},{"id":"firefox-alpenglow@mozilla.org","syncGUID":"{49600db3-b8c5-4fde-a7f8-3c7a364ede33}","version":"1.2","type":"theme","loader":null,"updateURL":null,"optionsURL":null,"optionsType":null,"optionsBrowserStyle":true,"aboutURL":null,"defaultLocale":{"name":"Firefox Alpenglow","description":"Use a colorful appearance for buttons, menus, and windows.","creator":null,"developers":null,"translators":null,"contributors":null},"visible":true,"active":false,"userDisabled":true,"appDisabled":false,"embedderDisabled":false,"installDate":1618065875916,"applyBackgroundUpdates":1,"path":null,"skinnable":false,"sourceURI":null,"releaseNotesURI":null,"softDisabled":false,"foreignInstall":false,"strictCompatibility":true,"locales":[],"targetApplications":[{"id":"toolkit@mozilla.org","minVersion":null,"maxVersion":null}],"targetPlatforms":[],"signedDate":null,"seen":true,"dependencies":[],"userPermissions":null,"optionalPermissions":null,"icons":{"32":"icon.svg"},"iconURL":null,"blocklistState":0,"blocklistURL":null,"startupData":null,"hidden":false,"installTelemetryInfo":null,"recommendationState":null,"rootURI":"resource://builtin-themes/alpenglow/","location":"app-builtin"},{"id":"google@search.mozilla.org","syncGUID":"{8eeeb943-e5f5-404e-8e08-7cd0e01dcba4}","version":"1.1","type":"extension","loader":null,"updateURL":null,"optionsURL":null,"optionsType":null,"optionsBrowserStyle":true,"aboutURL":null,"defaultLocale":{"name":"Google","description":"Google Search","creator":null,"developers":null,"translators":null,"contributors":null},"visible":true,"active":true,"userDisabled":false,"appDisabled":false,"embedderDisabled":false,"installDate":1618065876758,"applyBackgroundUpdates":1,"path":null,"skinnable":false,"sourceURI":null,"releaseNotesURI":null,"softDisabled":false,"foreignInstall":false,"strictCompatibility":true,"locales":[{"name":"Google","description":"Google Search","creator":null,"developers":null,"translators":null,"contributors":null,"locales":["en"]},{"name":"Google","description":"Google Search","creator":null,"developers":null,"translators":null,"contributors":null,"locales":["b-1-d"]},{"name":"Google","description":"Google Search","creator":null,"developers":null,"translators":null,"contributors":null,"locales":["b-1-e"]},{"name":"Google","description":"Google Search","creator":null,"developers":null,"translators":null,"contributors":null,"locales":["b-d"]},{"name":"Google","description":"Google Search","creator":null,"developers":null,"translators":null,"contributors":null,"locales":["b-e"]}],"targetApplications":[{"id":"toolkit@mozilla.org","minVersion":null,"maxVersion":null}],"targetPlatforms":[],"signedDate":null,"seen":true,"dependencies":[],"incognito":"spanning","userPermissions":{"permissions":[],"origins":[]},"optionalPermissions":{"permissions":[],"origins":[]},"icons":{"16":"favicon.ico"},"iconURL":null,"blocklistState":0,"blocklistURL":null,"startupData":null,"hidden":true,"installTelemetryInfo":null,"recommendationState":null,"rootURI":"resource://search-extensions/google/","location":"app-builtin"},{"id":"amazondotcom@search.mozilla.org","syncGUID":"{f3f4afad-38e0-476b-955f-f0899418731f}","version":"1.3","type":"extension","loader":null,"updateURL":null,"optionsURL":null,"optionsType":null,"optionsBrowserStyle":true,"aboutURL":null,"defaultLocale":{"name":"Amazon.com","description":"Amazon.com Search","creator":null,"developers":null,"translators":null,"contributors":null},"visible":true,"active":true,"userDisabled":false,"appDisabled":false,"embedderDisabled":false,"installDate":1618065876795,"applyBackgroundUpdates":1,"path":null,"skinnable":false,"sourceURI":null,"releaseNotesURI":null,"softDisabled":false,"foreignInstall":false,"strictCompatibility":true,"locales":[{"name":"Amazon.com","description":"Amazon.com Search","creator":null,"developers":null,"translators":null,"contributors":null,"locales":["en"]},{"name":"Amazon.com","description":"Amazon.com Search","creator":null,"developers":null,"translators":null,"contributors":null,"locales":["en-adm"]}],"targetApplications":[{"id":"toolkit@mozilla.org","minVersion":null,"maxVersion":null}],"targetPlatforms":[],"signedDate":null,"seen":true,"dependencies":[],"incognito":"spanning","userPermissions":{"permissions":[],"origins":[]},"optionalPermissions":{"permissions":[],"origins":[]},"icons":{"16":"favicon.ico"},"iconURL":null,"blocklistState":0,"blocklistURL":null,"startupData":null,"hidden":true,"installTelemetryInfo":null,"recommendationState":null,"rootURI":"resource://search-extensions/amazondotcom/","location":"app-builtin"},{"id":"wikipedia@search.mozilla.org","syncGUID":"{b91f7d13-1ddb-41a7-aa00-685da574a512}","version":"1.1","type":"extension","loader":null,"updateURL":null,"optionsURL":null,"optionsType":null,"optionsBrowserStyle":true,"aboutURL":null,"defaultLocale":{"name":"Wikipedia (en)","description":"Wikipedia, the Free Encyclopedia","creator":null,"developers":null,"translators":null,"contributors":null},"visible":true,"active":true,"userDisabled":false,"appDisabled":false,"embedderDisabled":false,"installDate":1618065876831,"applyBackgroundUpdates":1,"path":null,"skinnable":false,"sourceURI":null,"releaseNotesURI":null,"softDisabled":false,"foreignInstall":false,"strictCompatibility":true,"locales":[{"name":"Wikipedia (en)","description":"Wikipedia, the Free Encyclopedia","creator":null,"developers":null,"translators":null,"contributors":null,"locales":["en"]},{"name":"Wikipedija (hr)","description":"Wikipedija, slobodna enciklopedija","creator":null,"developers":null,"translators":null,"contributors":null,"locales":["hr"]},{"name":"Wikipedia (fi)","description":"Wikipedia (fi), vapaa tietosanakirja","creator":null,"developers":null,"translators":null,"contributors":null,"locales":["fi"]},{"name":"Wikipedia (hy)","description":"Վիքիփեդիա՝ ազատ հանրագիտարան","creator":null,"developers":null,"translators":null,"contributors":null,"locales":["hy"]},{"name":"Уикипедия (kk)","description":"Уикипедия (kk)","creator":null,"developers":null,"translators":null,"contributors":null,"locales":["kk"]},{"name":"Вікіпедыя (be)","description":"Вікіпедыя, свабодная энцыклапедыя","creator":null,"developers":null,"translators":null,"contributors":null,"locales":["be"]},{"name":"위키백과 (ko)","description":"Wikipedia, the free encyclopedia","creator":null,"developers":null,"translators":null,"contributors":null,"locales":["kr"]},{"name":"Wikipedia (ro)","description":"Wikipedia, enciclopedia liberă","creator":null,"developers":null,"translators":null,"contributors":null,"locales":["ro"]},{"name":"Wikipedia (bs)","description":"Slobodna enciklopedija","creator":null,"developers":null,"translators":null,"contributors":null,"locales":["bs"]},{"name":"Wikipedia (pt)","description":"Wikipédia, a enciclopédia livre","creator":null,"developers":null,"translators":null,"contributors":null,"locales":["pt"]},{"name":"Vikipetã (gn)","description":"Vikipetã, opaite tembikuaa hekosãsóva renda","creator":null,"developers":null,"translators":null,"contributors":null,"locales":["gn"]},{"name":"વિકિપીડિયા (gu)","description":"વીકીપીડિયા, મુક્ત એનસાયક્લોપીડિયા","creator":null,"developers":null,"translators":null,"contributors":null,"locales":["gu"]},{"name":"Wikipedia (el)","description":"Βικιπαίδεια, η ελεύθερη εγκυκλοπαίδεια","creator":null,"developers":null,"translators":null,"contributors":null,"locales":["el"]},{"name":"Wikipedia (es)","description":"Wikipedia, la enciclopedia libre","creator":null,"developers":null,"translators":null,"contributors":null,"locales":["es"]},{"name":"ויקיפדיה","description":"ויקיפדיה","creator":null,"developers":null,"translators":null,"contributors":null,"locales":["he"]},{"name":"Wikipedia (da)","description":"Wikipedia, den frie encyklopædi","creator":null,"developers":null,"translators":null,"contributors":null,"locales":["da"]},{"name":"Wikipedia (tr)","description":"Vikipedi, özgür ansiklopedi","creator":null,"developers":null,"translators":null,"contributors":null,"locales":["tr"]},{"name":"Wikipedija (hsb)","description":"Wikipedija, swobodna encyklopedija","creator":null,"developers":null,"translators":null,"contributors":null,"locales":["hsb"]},{"name":"Wikipedy (fy)","description":"De fergese ensyklopedy","creator":null,"developers":null,"translators":null,"contributors":null,"locales":["fy-NL"]},{"name":"विकिपीडिया (ne)","description":"विकिपिडिया एक स्वतन्त्र विश्वकोष","creator":null,"developers":null,"translators":null,"contributors":null,"locales":["ne"]},{"name":"Wikipedia (nl)","description":"De vrije encyclopedie","creator":null,"developers":null,"translators":null,"contributors":null,"locales":["nl"]},{"name":"Wikipedia (ja)","description":"Wikipedia - フリー百科事典","creator":null,"developers":null,"translators":null,"contributors":null,"locales":["ja"]},{"name":"Vikipeedia (et)","description":"Vikipeedia, vaba entsüklopeedia","creator":null,"developers":null,"translators":null,"contributors":null,"locales":["et"]},{"name":"Wikipèdia (oc)","description":"Wikipèdia, l'enciclopèdia liura","creator":null,"developers":null,"translators":null,"contributors":null,"locales":["oc"]},{"name":"Wicipedia (cy)","description":"Wicipedia, Y Gwyddioniadur Rhydd","creator":null,"developers":null,"translators":null,"contributors":null,"locales":["cy"]},{"name":"వికీపీడియా (te)","description":"వికీపీడియా (te)","creator":null,"developers":null,"translators":null,"contributors":null,"locales":["te"]},{"name":"Wikipédia (fr)","description":"Wikipédia, l'encyclopédie libre","creator":null,"developers":null,"translators":null,"contributors":null,"locales":["fr"]},{"name":"Wikipedia (tl)","description":"Wikipedia, ang malayang ensiklopedya","creator":null,"developers":null,"translators":null,"contributors":null,"locales":["tl"]},{"name":"维基百科","description":"维基百科，自由的百科全书","creator":null,"developers":null,"translators":null,"contributors":null,"locales":["zh-CN"]},{"name":"Wikipedia (lij)","description":"Wikipedia, l'enciclopedia libera","creator":null,"developers":null,"translators":null,"contributors":null,"locales":["lij"]},{"name":"វីគីភីឌា (km)","description":"វីគីភីឌា សព្វ​វចនា​ធិប្បាយ​សេរី","creator":null,"developers":null,"translators":null,"contributors":null,"locales":["km"]},{"name":"Уикипедия (bg)","description":"Уикипедия, свободната енциклоподия","creator":null,"developers":null,"translators":null,"contributors":null,"locales":["bg"]},{"name":"Wikipedia (id)","description":"Wikipedia, ensiklopedia bebas","creator":null,"developers":null,"translators":null,"contributors":null,"locales":["id"]},{"name":"Wikipedia (pa)","description":"ਵਿਕਿਪੀਡਿਆ, ਮੁਫ਼ਤ/ਮੁਕਤ ਸ਼ਬਦਕੋਸ਼","creator":null,"developers":null,"translators":null,"contributors":null,"locales":["pa"]},{"name":"উইকিপিডিয়া (bn)","description":"উইকিপিডিয়া, মুক্ত বিশ্বকোষ","creator":null,"developers":null,"translators":null,"contributors":null,"locales":["bn"]},{"name":"Wikipedia (eu)","description":"Wikipedia, entziklopedia askea","creator":null,"developers":null,"translators":null,"contributors":null,"locales":["eu"]},{"name":"Wikipedie (cs)","description":"Wikipedia, svobodná encyclopedie","creator":null,"developers":null,"translators":null,"contributors":null,"locales":["cz"]},{"name":"Wikipédia (hu)","description":"Wikipedia, a szabad enciklopédia","creator":null,"developers":null,"translators":null,"contributors":null,"locales":["hu"]},{"name":"Wikipedia (kn)","description":"Wikipedia, the free encyclopedia","creator":null,"developers":null,"translators":null,"contributors":null,"locales":["kn"]},{"name":"Wikipedia (is)","description":"Wikipedia, the free encyclopedia","creator":null,"developers":null,"translators":null,"contributors":null,"locales":["is"]},{"name":"Вікіпедія (uk)","description":"Вікіпедія, вільна енциклопедія","creator":null,"developers":null,"translators":null,"contributors":null,"locales":["uk"]},{"name":"Wikipedia (kab)","description":"Wikipedia, tasanayt tilellit","creator":null,"developers":null,"translators":null,"contributors":null,"locales":["kab"]},{"name":"Wikipedia (zh)","description":"維基百科，自由的百科全書","creator":null,"developers":null,"translators":null,"contributors":null,"locales":["zh-TW"]},{"name":"ویکیپیڈیا (ur)","description":"ویکیپیڈیا آزاد دائرۃ المعارف","creator":null,"developers":null,"translators":null,"contributors":null,"locales":["ur"]},{"name":"Vikipedio (eo)","description":"Vikipedio, la libera enciklopedio","creator":null,"developers":null,"translators":null,"contributors":null,"locales":["eo"]},{"name":"Wikipedia (si)","description":"Wikipedia, the free encyclopedia","creator":null,"developers":null,"translators":null,"contributors":null,"locales":["si"]},{"name":"ويكيبيديا (ar)","description":"ويكيبيديا (ar)","creator":null,"developers":null,"translators":null,"contributors":null,"locales":["ar"]},{"name":"Wikipedia (vi)","description":"Wikipedia, bách khoa toàn thư mở","creator":null,"developers":null,"translators":null,"contributors":null,"locales":["vi"]},{"name":"ვიკიპედია (ka)","description":"ვიკიპედია, თავისუფალი ენციკლოპედია","creator":null,"developers":null,"translators":null,"contributors":null,"locales":["ka"]},{"name":"Uicipeid (gd)","description":"Wikipedia, An leabhar mòr-eòlais","creator":null,"developers":null,"translators":null,"contributors":null,"locales":["gd"]},{"name":"Wikipedia (it)","description":"Wikipedia, l'enciclopedia libera","creator":null,"developers":null,"translators":null,"contributors":null,"locales":["it"]},{"name":"Vikipediya (uz)","description":"Vikipediya, ochiq ensiklopediya","creator":null,"developers":null,"translators":null,"contributors":null,"locales":["uz"]},{"name":"Wikipedia (lt)","description":"Vikipedija, laisvoji enciklopedija","creator":null,"developers":null,"translators":null,"contributors":null,"locales":["lt"]},{"name":"Wikipedia (sq)","description":"Wikipedia, enciklopedia e lirë","creator":null,"developers":null,"translators":null,"contributors":null,"locales":["sq"]},{"name":"Vicipéid (ga)","description":"Vicipéid, an Chiclipéid Shaor","creator":null,"developers":null,"translators":null,"contributors":null,"locales":["ga-IE"]},{"name":"विकिपीडिया (hi)","description":"विकिपीडिया (हिन्दी)","creator":null,"developers":null,"translators":null,"contributors":null,"locales":["hi"]},{"name":"Vikipedeja (ltg)","description":"Vikipēdija, breivuo eņciklopedeja","creator":null,"developers":null,"translators":null,"contributors":null,"locales":["ltg"]},{"name":"விக்கிப்பீடியா (ta)","description":"விக்கிப்பீடியா (ta)","creator":null,"developers":null,"translators":null,"contributors":null,"locales":["ta"]},{"name":"Vikipediya (az)","description":"Vikipediya, açıq ensiklopediya","creator":null,"developers":null,"translators":null,"contributors":null,"locales":["az"]},{"name":"Википедија (mk)","description":"Википедија, слободната енциклопедија","creator":null,"developers":null,"translators":null,"contributors":null,"locales":["mk"]},{"name":"วิกิพีเดีย","description":"วิกิพีเดีย สารานุกรมเสรี","creator":null,"developers":null,"translators":null,"contributors":null,"locales":["th"]},{"name":"Wikipedia (de)","description":"Wikipedia, die freie Enzyklopädie","creator":null,"developers":null,"translators":null,"contributors":null,"locales":["de"]},{"name":"Wikipedija (dsb)","description":"Wikipedija, lichotna encyklopedija","creator":null,"developers":null,"translators":null,"contributors":null,"locales":["dsb"]},{"name":"विकिपीडिया (mr)","description":"विकिपीडिया, मोफत माहितीकोष","creator":null,"developers":null,"translators":null,"contributors":null,"locales":["mr"]},{"name":"Wikipedia (ast)","description":"La enciclopedia llibre","creator":null,"developers":null,"translators":null,"contributors":null,"locales":["ast"]},{"name":"Wikipedia (my)","description":"အခမဲ့လွတ်လပ်စွယ်စုံကျမ်း","creator":null,"developers":null,"translators":null,"contributors":null,"locales":["my"]},{"name":"Wikipedia (rm)","description":"Vichipedia, l'enciclopedia libra","creator":null,"developers":null,"translators":null,"contributors":null,"locales":["rm"]},{"name":"Wikipedia (nn)","description":"Wikipedia, det frie oppslagsverket","creator":null,"developers":null,"translators":null,"contributors":null,"locales":["NN"]},{"name":"Wikipedia (wo)","description":"Wikipedia, Jimbulang bu Ubbeeku bi","creator":null,"developers":null,"translators":null,"contributors":null,"locales":["wo"]},{"name":"Wikipedia (gl)","description":"Wikipedia, a enciclopedia libre","creator":null,"developers":null,"translators":null,"contributors":null,"locales":["gl"]},{"name":"Viquipèdia (ca)","description":"L'enciclopèdia lliure","creator":null,"developers":null,"translators":null,"contributors":null,"locales":["ca"]},{"name":"Wikipédia (sk)","description":"Wikipédia, slobodná a otvorená encyklopédia","creator":null,"developers":null,"translators":null,"contributors":null,"locales":["sk"]},{"name":"Википедија (sr)","description":"Претрага Википедије на српском језику","creator":null,"developers":null,"translators":null,"contributors":null,"locales":["sr"]},{"name":"Wikipedia (af)","description":"Wikipedia, die vrye ensiklopedie","creator":null,"developers":null,"translators":null,"contributors":null,"locales":["af"]},{"name":"ویکی‌پدیا (fa)","description":"ویکی‌پدیا، دانشنامهٔ آزاد","creator":null,"developers":null,"translators":null,"contributors":null,"locales":["fa"]},{"name":"Wikipedia (ms)","description":"Wikipedia, ensiklopedia bebas","creator":null,"developers":null,"translators":null,"contributors":null,"locales":["ms"]},{"name":"Wikipedia (ia)","description":"Wikipedia, le encyclopedia libere","creator":null,"developers":null,"translators":null,"contributors":null,"locales":["ia"]},{"name":"Wikipedia (no)","description":"Wikipedia, den frie encyklopedi","creator":null,"developers":null,"translators":null,"contributors":null,"locales":["NO"]},{"name":"Википедия (ru)","description":"Википедия, свободная энциклопедия","creator":null,"developers":null,"translators":null,"contributors":null,"locales":["ru"]},{"name":"Wikipedia (br)","description":"Wikipedia, an holloueziadur digor","creator":null,"developers":null,"translators":null,"contributors":null,"locales":["br"]},{"name":"Wikipedia (pl)","description":"Wikipedia, wolna encyklopedia","creator":null,"developers":null,"translators":null,"contributors":null,"locales":["pl"]},{"name":"Вікіпэдыя (be-tarask)","description":"Вікіпэдыя, вольная энцыкляпэдыя","creator":null,"developers":null,"translators":null,"contributors":null,"locales":["be-tarask"]},{"name":"Wikipedia (sv)","description":"Wikipedia, den fria encyklopedin","creator":null,"developers":null,"translators":null,"contributors":null,"locales":["sv-SE"]},{"name":"ວິກິພີເດຍ (lo)","description":"ວິກິພີເດຍ, ສາລານຸກົມເສລີ","creator":null,"developers":null,"translators":null,"contributors":null,"locales":["lo"]},{"name":"Wikipedija (sl)","description":"Wikipedija, prosta enciklopedija","creator":null,"developers":null,"translators":null,"contributors":null,"locales":["sl"]},{"name":"Vikipēdija","description":"Vikipēdija, brīvā enciklopēdija","creator":null,"developers":null,"translators":null,"contributors":null,"locales":["lv"]},{"name":"Biquipedia (an)","description":"A enciclopedia Libre","creator":null,"developers":null,"translators":null,"contributors":null,"locales":["an"]}],"targetApplications":[{"id":"toolkit@mozilla.org","minVersion":null,"maxVersion":null}],"targetPlatforms":[],"signedDate":null,"seen":true,"dependencies":[],"incognito":"spanning","userPermissions":{"permissions":[],"origins":[]},"optionalPermissions":{"permissions":[],"origins":[]},"icons":{"16":"favicon.ico"},"iconURL":null,"blocklistState":0,"blocklistURL":null,"startupData":null,"hidden":true,"installTelemetryInfo":null,"recommendationState":null,"rootURI":"resource://search-extensions/wikipedia/","location":"app-builtin"},{"id":"bing@search.mozilla.org","syncGUID":"{95c6a0e4-36df-4fe7-806f-bc96bfb929f4}","version":"1.3","type":"extension","loader":null,"updateURL":null,"optionsURL":null,"optionsType":null,"optionsBrowserStyle":true,"aboutURL":null,"defaultLocale":{"name":"Bing","description":"Microsoft Bing","creator":null,"developers":null,"translators":null,"contributors":null},"visible":true,"active":true,"userDisabled":false,"appDisabled":false,"embedderDisabled":false,"installDate":1618065876855,"applyBackgroundUpdates":1,"path":null,"skinnable":false,"sourceURI":null,"releaseNotesURI":null,"softDisabled":false,"foreignInstall":false,"strictCompatibility":true,"locales":[],"targetApplications":[{"id":"toolkit@mozilla.org","minVersion":null,"maxVersion":null}],"targetPlatforms":[],"signedDate":null,"seen":true,"dependencies":[],"incognito":"spanning","userPermissions":{"permissions":[],"origins":[]},"optionalPermissions":{"permissions":[],"origins":[]},"icons":{"16":"favicon.ico"},"iconURL":null,"blocklistState":0,"blocklistURL":null,"startupData":null,"hidden":true,"installTelemetryInfo":null,"recommendationState":null,"rootURI":"resource://search-extensions/bing/","location":"app-builtin"},{"id":"ddg@search.mozilla.org","syncGUID":"{162aa88b-f052-4bc5-ba3e-3442575ab89f}","version":"1.1","type":"extension","loader":null,"updateURL":null,"optionsURL":null,"optionsType":null,"optionsBrowserStyle":true,"aboutURL":null,"defaultLocale":{"name":"DuckDuckGo","description":"Search DuckDuckGo","creator":null,"developers":null,"translators":null,"contributors":null},"visible":true,"active":true,"userDisabled":false,"appDisabled":false,"embedderDisabled":false,"installDate":1618065876876,"applyBackgroundUpdates":1,"path":null,"skinnable":false,"sourceURI":null,"releaseNotesURI":null,"softDisabled":false,"foreignInstall":false,"strictCompatibility":true,"locales":[],"targetApplications":[{"id":"toolkit@mozilla.org","minVersion":null,"maxVersion":null}],"targetPlatforms":[],"signedDate":null,"seen":true,"dependencies":[],"incognito":"spanning","userPermissions":{"permissions":[],"origins":[]},"optionalPermissions":{"permissions":[],"origins":[]},"icons":{"16":"favicon.ico"},"iconURL":null,"blocklistState":0,"blocklistURL":null,"startupData":null,"hidden":true,"installTelemetryInfo":null,"recommendationState":null,"rootURI":"resource://search-extensions/ddg/","location":"app-builtin"},{"id":"{74145f27-f039-47ce-a470-a662b129930a}","syncGUID":"{a12092b0-7eca-48c7-8052-63d8ac61380c}","version":"1.21.0","type":"extension","loader":null,"optionsURL":"html/settings.html","optionsType":5,"optionsBrowserStyle":true,"aboutURL":null,"defaultLocale":{"name":"ClearURLs","description":"Remove tracking elements from URLs.","creator":"Kevin Röbert","homepageURL":"https://gitlab.com/KevinRoebert/ClearUrls","developers":null,"translators":null,"contributors":null},"visible":true,"active":true,"userDisabled":false,"appDisabled":false,"embedderDisabled":false,"installDate":1618066166063,"updateDate":1618066166063,"applyBackgroundUpdates":1,"path":"%appdata%\\Mozilla\\Firefox\\Profiles\\4qi99v7v.default-release\\extensions\\{74145f27-f039-47ce-a470-a662b129930a}.xpi","skinnable":false,"sourceURI":"https://addons.mozilla.org/firefox/downloads/file/3748919/clearurls-1.21.0-an+fx.xpi","releaseNotesURI":null,"softDisabled":false,"foreignInstall":false,"strictCompatibility":true,"locales":[{"name":"ClearURLs","description":"Remove tracking elements from URLs.","creator":"Kevin Röbert","homepageURL":"https://gitlab.com/KevinRoebert/ClearUrls","developers":null,"translators":null,"contributors":null,"locales":["en"]},{"name":"ClearURLs","description":"URL からトラッキング要素を削除します。","creator":"Kevin Röbert","homepageURL":"https://gitlab.com/KevinRoebert/ClearUrls","developers":null,"translators":null,"contributors":null,"locales":["ja"]},{"name":"ClearURLs","description":"Remover elementos de rastreamento de URLs.","creator":"Kevin Röbert","homepageURL":"https://gitlab.com/KevinRoebert/ClearUrls","developers":null,"translators":null,"contributors":null,"locales":["pt-PT"]},{"name":"ClearURLs","description":"Retirer les espions dans les adresses Internet.","creator":"Kevin Röbert","homepageURL":"https://gitlab.com/KevinRoebert/ClearUrls","developers":null,"translators":null,"contributors":null,"locales":["fr"]},{"name":"ClearURLs","description":"Remove tracking elements from URLs.","creator":"Kevin Röbert","homepageURL":"https://gitlab.com/KevinRoebert/ClearUrls","developers":null,"translators":null,"contributors":null,"locales":["hu"]},{"name":"ClearURLs","description":"Видалити елементи трекінгу з посилань","creator":"Kevin Röbert","homepageURL":"https://gitlab.com/KevinRoebert/ClearUrls","developers":null,"translators":null,"contributors":null,"locales":["uk"]},{"name":"ClearURLs","description":"Remove tracking elements from URLs.","creator":"Kevin Röbert","homepageURL":"https://gitlab.com/KevinRoebert/ClearUrls","developers":null,"translators":null,"contributors":null,"locales":["it"]},{"name":"ClearURLs","description":"Ta bort spårningselement från webbadresser.","creator":"Kevin Röbert","homepageURL":"https://gitlab.com/KevinRoebert/ClearUrls","developers":null,"translators":null,"contributors":null,"locales":["sv-SE"]},{"name":"ClearURLs","description":"Entfernt Tracking-Elemente von URLs.","creator":"Kevin Röbert","homepageURL":"https://gitlab.com/KevinRoebert/ClearUrls","developers":null,"translators":null,"contributors":null,"locales":["de"]},{"name":"ClearURLs","description":"从 URL 中移除跟踪元素。","creator":"Kevin Röbert","homepageURL":"https://gitlab.com/KevinRoebert/ClearUrls","developers":null,"translators":null,"contributors":null,"locales":["zh-CN"]},{"name":"ClearURLs","description":"Удаление элементов слежения из URL-адресов.","creator":"Kevin Röbert","homepageURL":"https://gitlab.com/KevinRoebert/ClearUrls","developers":null,"translators":null,"contributors":null,"locales":["ru"]},{"name":"ClearURLs","description":"Usuwaj elementy śledzące z adresów URL.","creator":"Kevin Röbert","homepageURL":"https://gitlab.com/KevinRoebert/ClearUrls","developers":null,"translators":null,"contributors":null,"locales":["pl"]},{"name":"ClearURLs","description":"Remove tracking elements from URLs.","creator":"Kevin Röbert","homepageURL":"https://gitlab.com/KevinRoebert/ClearUrls","developers":null,"translators":null,"contributors":null,"locales":["es"]},{"name":"ClearURLs","description":"Remove tracking elements from URLs.","creator":"Kevin Röbert","homepageURL":"https://gitlab.com/KevinRoebert/ClearUrls","developers":null,"translators":null,"contributors":null,"locales":["pt-BR"]},{"name":"ClearURLs","description":"將網址中的追蹤元素一掃而空","creator":"Kevin Röbert","homepageURL":"https://gitlab.com/KevinRoebert/ClearUrls","developers":null,"translators":null,"contributors":null,"locales":["zh-TW"]},{"name":"ClearURLs","description":"İzleme öğelerini URL'lerden kaldırın.","creator":"Kevin Röbert","homepageURL":"https://gitlab.com/KevinRoebert/ClearUrls","developers":null,"translators":null,"contributors":null,"locales":["tr"]},{"name":"ClearURLs","description":"Verwijder tracking-elementen uit URLs.","creator":"Kevin Röbert","homepageURL":"https://gitlab.com/KevinRoebert/ClearUrls","developers":null,"translators":null,"contributors":null,"locales":["nl"]}],"targetApplications":[{"id":"toolkit@mozilla.org","minVersion":"55.0","maxVersion":"*"}],"targetPlatforms":[],"signedState":2,"signedDate":1616589930000,"seen":true,"dependencies":[],"incognito":"spanning","userPermissions":{"permissions":["webRequest","webRequestBlocking","storage","unlimitedStorage","contextMenus","webNavigation","tabs","downloads"],"origins":["<all_urls>","*://*.google.com/*","*://*.google.ad/*","*://*.google.ae/*","*://*.google.com.af/*","*://*.google.com.ag/*","*://*.google.com.ai/*","*://*.google.al/*","*://*.google.am/*","*://*.google.co.ao/*","*://*.google.com.ar/*","*://*.google.as/*","*://*.google.at/*","*://*.google.com.au/*","*://*.google.az/*","*://*.google.ba/*","*://*.google.com.bd/*","*://*.google.be/*","*://*.google.bf/*","*://*.google.bg/*","*://*.google.com.bh/*","*://*.google.bi/*","*://*.google.bj/*","*://*.google.com.bn/*","*://*.google.com.bo/*","*://*.google.com.br/*","*://*.google.bs/*","*://*.google.bt/*","*://*.google.co.bw/*","*://*.google.by/*","*://*.google.com.bz/*","*://*.google.ca/*","*://*.google.cd/*","*://*.google.cf/*","*://*.google.cg/*","*://*.google.ch/*","*://*.google.ci/*","*://*.google.co.ck/*","*://*.google.cl/*","*://*.google.cm/*","*://*.google.cn/*","*://*.google.com.co/*","*://*.google.co.cr/*","*://*.google.com.cu/*","*://*.google.cv/*","*://*.google.com.cy/*","*://*.google.cz/*","*://*.google.de/*","*://*.google.dj/*","*://*.google.dk/*","*://*.google.dm/*","*://*.google.com.do/*","*://*.google.dz/*","*://*.google.com.ec/*","*://*.google.ee/*","*://*.google.com.eg/*","*://*.google.es/*","*://*.google.com.et/*","*://*.google.fi/*","*://*.google.com.fj/*","*://*.google.fm/*","*://*.google.fr/*","*://*.google.ga/*","*://*.google.ge/*","*://*.google.gg/*","*://*.google.com.gh/*","*://*.google.com.gi/*","*://*.google.gl/*","*://*.google.gm/*","*://*.google.gp/*","*://*.google.gr/*","*://*.google.com.gt/*","*://*.google.gy/*","*://*.google.com.hk/*","*://*.google.hn/*","*://*.google.hr/*","*://*.google.ht/*","*://*.google.hu/*","*://*.google.co.id/*","*://*.google.ie/*","*://*.google.co.il/*","*://*.google.im/*","*://*.google.co.in/*","*://*.google.iq/*","*://*.google.is/*","*://*.google.it/*","*://*.google.je/*","*://*.google.com.jm/*","*://*.google.jo/*","*://*.google.co.jp/*","*://*.google.co.ke/*","*://*.google.com.kh/*","*://*.google.ki/*","*://*.google.kg/*","*://*.google.co.kr/*","*://*.google.com.kw/*","*://*.google.kz/*","*://*.google.la/*","*://*.google.com.lb/*","*://*.google.li/*","*://*.google.lk/*","*://*.google.co.ls/*","*://*.google.lt/*","*://*.google.lu/*","*://*.google.lv/*","*://*.google.com.ly/*","*://*.google.co.ma/*","*://*.google.md/*","*://*.google.me/*","*://*.google.mg/*","*://*.google.mk/*","*://*.google.ml/*","*://*.google.com.mm/*","*://*.google.mn/*","*://*.google.ms/*","*://*.google.com.mt/*","*://*.google.mu/*","*://*.google.mv/*","*://*.google.mw/*","*://*.google.com.mx/*","*://*.google.com.my/*","*://*.google.co.mz/*","*://*.google.com.na/*","*://*.google.com.nf/*","*://*.google.com.ng/*","*://*.google.com.ni/*","*://*.google.ne/*","*://*.google.nl/*","*://*.google.no/*","*://*.google.com.np/*","*://*.google.nr/*","*://*.google.nu/*","*://*.google.co.nz/*","*://*.google.com.om/*","*://*.google.com.pa/*","*://*.google.com.pe/*","*://*.google.com.pg/*","*://*.google.com.ph/*","*://*.google.com.pk/*","*://*.google.pl/*","*://*.google.pn/*","*://*.google.com.pr/*","*://*.google.ps/*","*://*.google.pt/*","*://*.google.com.py/*","*://*.google.com.qa/*","*://*.google.ro/*","*://*.google.ru/*","*://*.google.rw/*","*://*.google.com.sa/*","*://*.google.com.sb/*","*://*.google.sc/*","*://*.google.se/*","*://*.google.com.sg/*","*://*.google.sh/*","*://*.google.si/*","*://*.google.sk/*","*://*.google.com.sl/*","*://*.google.sn/*","*://*.google.so/*","*://*.google.sm/*","*://*.google.sr/*","*://*.google.st/*","*://*.google.com.sv/*","*://*.google.td/*","*://*.google.tg/*","*://*.google.co.th/*","*://*.google.com.tj/*","*://*.google.tk/*","*://*.google.tl/*","*://*.google.tm/*","*://*.google.tn/*","*://*.google.to/*","*://*.google.com.tr/*","*://*.google.tt/*","*://*.google.com.tw/*","*://*.google.co.tz/*","*://*.google.com.ua/*","*://*.google.co.ug/*","*://*.google.co.uk/*","*://*.google.com.uy/*","*://*.google.co.uz/*","*://*.google.com.vc/*","*://*.google.co.ve/*","*://*.google.vg/*","*://*.google.co.vi/*","*://*.google.com.vn/*","*://*.google.vu/*","*://*.google.ws/*","*://*.google.rs/*","*://*.google.co.za/*","*://*.google.co.zm/*","*://*.google.co.zw/*","*://*.google.cat/*","*://*.yandex.ru/*","*://*.yandex.com/*","*://*.ya.ru/*"]},"optionalPermissions":{"permissions":[],"origins":[]},"icons":{"16":"img/clearurls_16x16.png","19":"img/clearurls_19x19.png","20":"img/clearurls_20x20.png","24":"img/clearurls_24x24.png","30":"img/clearurls_30x30.png","32":"img/clearurls_32x32.png","38":"img/clearurls_38x38.png","48":"img/clearurls_48x48.png","64":"img/clearurls_64x64.png","96":"img/clearurls_96x96.png","128":"img/clearurls_128x128.png"},"iconURL":null,"blocklistState":0,"blocklistURL":null,"startupData":null,"hidden":false,"installTelemetryInfo":{"source":"amo","sourceURL":"https://addons.mozilla.org/en-US/firefox/addon/clearurls/","method":"amWebAPI"},"recommendationState":{"validNotAfter":1774377930000,"validNotBefore":1616589930000,"states":["recommended"]},"rootURI":"jar:file:///%appdata%/Mozilla/Firefox/Profiles/4qi99v7v.default-release/extensions/%7B74145f27-f039-47ce-a470-a662b129930a%7D.xpi!/","location":"app-profile"},{"id":"containerise@kinte.sh","syncGUID":"{5c80dad2-79e9-4d75-84e9-baab2fdb2157}","version":"3.9.0","type":"extension","loader":null,"updateURL":null,"optionsURL":"ui-preferences/index.html","optionsType":5,"optionsBrowserStyle":true,"aboutURL":null,"defaultLocale":{"name":"Containerise","description":"Firefox extension to automatically open websites in a container","creator":null,"developers":null,"translators":null,"contributors":null},"visible":true,"active":true,"userDisabled":false,"appDisabled":false,"embedderDisabled":false,"installDate":1618066212912,"updateDate":1618066212912,"applyBackgroundUpdates":1,"path":"%appdata%\\Mozilla\\Firefox\\Profiles\\4qi99v7v.default-release\\extensions\\containerise@kinte.sh.xpi","skinnable":false,"sourceURI":"https://addons.mozilla.org/firefox/downloads/file/3724805/containerise-3.9.0-fx.xpi","releaseNotesURI":null,"softDisabled":false,"foreignInstall":false,"strictCompatibility":true,"locales":[],"targetApplications":[{"id":"toolkit@mozilla.org","minVersion":"53.0","maxVersion":"*"}],"targetPlatforms":[],"signedState":2,"signedDate":1612991716000,"seen":true,"dependencies":[],"incognito":"spanning","userPermissions":{"permissions":["contextualIdentities","cookies","tabs","webRequest","webRequestBlocking","storage"],"origins":["<all_urls>"]},"optionalPermissions":{"permissions":[],"origins":[]},"icons":{"48":"icons/icon.png","96":"icons/icon.png"},"iconURL":null,"blocklistState":0,"blocklistURL":null,"startupData":null,"hidden":false,"installTelemetryInfo":{"source":"amo","sourceURL":"https://addons.mozilla.org/en-US/firefox/addon/containerise/","method":"amWebAPI"},"recommendationState":null,"rootURI":"jar:file:///%appdata%/Mozilla/Firefox/Profiles/4qi99v7v.default-release/extensions/containerise@kinte.sh.xpi!/","location":"app-profile"},{"id":"etag-stoppa@cm.org","syncGUID":"{4cd9cdc0-9e48-4362-87fb-c984b531b1d6}","version":"0.4","type":"extension","loader":null,"updateURL":null,"optionsURL":null,"optionsType":null,"optionsBrowserStyle":true,"aboutURL":null,"defaultLocale":{"name":"ETag Stoppa","description":"Prevents Firefox from storing entity tags by removing ETag response headers unconditionally and without exceptions.","creator":"claustromaniac","homepageURL":"https://github.com/claustromaniac/etag-stoppa","developers":null,"translators":null,"contributors":null},"visible":true,"active":true,"userDisabled":false,"appDisabled":false,"embedderDisabled":false,"installDate":1618066237972,"updateDate":1618066237972,"applyBackgroundUpdates":1,"path":"%appdata%\\Mozilla\\Firefox\\Profiles\\4qi99v7v.default-release\\extensions\\etag-stoppa@cm.org.xpi","skinnable":false,"sourceURI":"https://addons.mozilla.org/firefox/downloads/file/1191752/etag_stoppa-0.4-an+fx.xpi","releaseNotesURI":null,"softDisabled":false,"foreignInstall":false,"strictCompatibility":true,"locales":[],"targetApplications":[{"id":"toolkit@mozilla.org","minVersion":"52.0","maxVersion":"*"}],"targetPlatforms":[],"signedState":2,"signedDate":1545768906000,"seen":true,"dependencies":[],"incognito":"spanning","userPermissions":{"permissions":["webRequest","webRequestBlocking"],"origins":["<all_urls>"]},"optionalPermissions":{"permissions":[],"origins":[]},"icons":{"32":"icons/etag32.png","64":"icons/etag64.png"},"iconURL":null,"blocklistState":0,"blocklistURL":null,"startupData":null,"hidden":false,"installTelemetryInfo":{"source":"amo","sourceURL":"https://addons.mozilla.org/en-US/firefox/addon/etag-stoppa/","method":"amWebAPI"},"recommendationState":null,"rootURI":"jar:file:///%appdata%/Mozilla/Firefox/Profiles/4qi99v7v.default-release/extensions/etag-stoppa@cm.org.xpi!/","location":"app-profile"},{"id":"jid1-KKzOGWgsW3Ao4Q@jetpack","syncGUID":"{ef1eaae3-67ae-43ee-9926-08798d8342ef}","version":"3.2.9","type":"extension","loader":null,"updateURL":null,"optionsURL":"data/options.html","optionsType":5,"optionsBrowserStyle":true,"aboutURL":null,"defaultLocale":{"name":"I don't care about cookies","creator":"Daniel Kladnik @ kiboke studio","developers":null,"translators":null,"contributors":null},"visible":true,"active":true,"userDisabled":false,"appDisabled":false,"embedderDisabled":false,"installDate":1618066244773,"updateDate":1618066244773,"applyBackgroundUpdates":1,"path":"%appdata%\\Mozilla\\Firefox\\Profiles\\4qi99v7v.default-release\\extensions\\jid1-KKzOGWgsW3Ao4Q@jetpack.xpi","skinnable":false,"sourceURI":"https://addons.mozilla.org/firefox/downloads/file/3739461/i_dont_care_about_cookies-3.2.9-an+fx.xpi","releaseNotesURI":null,"softDisabled":false,"foreignInstall":false,"strictCompatibility":true,"locales":[{"name":"I don't care about cookies","creator":"Daniel Kladnik @ kiboke studio","developers":null,"translators":null,"contributors":null,"locales":["en"]},{"name":"I don't care about cookies","creator":"Daniel Kladnik @ kiboke studio","developers":null,"translators":null,"contributors":null,"locales":["ja"]},{"name":"I don't care about cookies","creator":"Daniel Kladnik @ kiboke studio","developers":null,"translators":null,"contributors":null,"locales":["fr"]},{"name":"I don't care about cookies","creator":"Daniel Kladnik @ kiboke studio","developers":null,"translators":null,"contributors":null,"locales":["bg"]},{"name":"I don't care about cookies","creator":"Daniel Kladnik @ kiboke studio","developers":null,"translators":null,"contributors":null,"locales":["sv"]},{"name":"I don't care about cookies","creator":"Daniel Kladnik @ kiboke studio","developers":null,"translators":null,"contributors":null,"locales":["cs"]},{"name":"I don't care about cookies","creator":"Daniel Kladnik @ kiboke studio","developers":null,"translators":null,"contributors":null,"locales":["hu"]},{"name":"I don't care about cookies","creator":"Daniel Kladnik @ kiboke studio","developers":null,"translators":null,"contributors":null,"locales":["nn"]},{"name":"I don't care about cookies","creator":"Daniel Kladnik @ kiboke studio","developers":null,"translators":null,"contributors":null,"locales":["uk"]},{"name":"I don't care about cookies","creator":"Daniel Kladnik @ kiboke studio","developers":null,"translators":null,"contributors":null,"locales":["it"]},{"name":"I don't care about cookies","creator":"Daniel Kladnik @ kiboke studio","developers":null,"translators":null,"contributors":null,"locales":["no"]},{"name":"I don't care about cookies","creator":"Daniel Kladnik @ kiboke studio","developers":null,"translators":null,"contributors":null,"locales":["lt"]},{"name":"I don't care about cookies","creator":"Daniel Kladnik @ kiboke studio","developers":null,"translators":null,"contributors":null,"locales":["de"]},{"name":"I don't care about cookies","creator":"Daniel Kladnik @ kiboke studio","developers":null,"translators":null,"contributors":null,"locales":["nb"]},{"name":"I don't care about cookies","creator":"Daniel Kladnik @ kiboke studio","developers":null,"translators":null,"contributors":null,"locales":["sk"]},{"name":"I don't care about cookies","creator":"Daniel Kladnik @ kiboke studio","developers":null,"translators":null,"contributors":null,"locales":["ru"]},{"name":"I don't care about cookies","creator":"Daniel Kladnik @ kiboke studio","developers":null,"translators":null,"contributors":null,"locales":["pl"]},{"name":"I don't care about cookies","creator":"Daniel Kladnik @ kiboke studio","developers":null,"translators":null,"contributors":null,"locales":["hr"]},{"name":"I don't care about cookies","creator":"Daniel Kladnik @ kiboke studio","developers":null,"translators":null,"contributors":null,"locales":["ro"]},{"name":"I don't care about cookies","creator":"Daniel Kladnik @ kiboke studio","developers":null,"translators":null,"contributors":null,"locales":["pt"]},{"name":"I don't care about cookies","creator":"Daniel Kladnik @ kiboke studio","developers":null,"translators":null,"contributors":null,"locales":["es"]},{"name":"I don't care about cookies","creator":"Daniel Kladnik @ kiboke studio","developers":null,"translators":null,"contributors":null,"locales":["da"]},{"name":"I don’t care about cookies","creator":"Daniel Kladnik @ kiboke studio","developers":null,"translators":null,"contributors":null,"locales":["nl"]}],"targetApplications":[{"id":"toolkit@mozilla.org","minVersion":"56.0","maxVersion":"*"}],"targetPlatforms":[],"signedState":2,"signedDate":1615201833000,"seen":true,"dependencies":[],"incognito":"spanning","userPermissions":{"permissions":["tabs","storage","notifications","webRequest","webRequestBlocking","webNavigation"],"origins":["http://*/*","https://*/*"]},"optionalPermissions":{"permissions":[],"origins":[]},"icons":{"16":"icons/16.png","48":"icons/48.png","128":"icons/128.png"},"iconURL":null,"blocklistState":0,"blocklistURL":null,"startupData":null,"hidden":false,"installTelemetryInfo":{"source":"amo","sourceURL":"https://addons.mozilla.org/en-US/firefox/addon/i-dont-care-about-cookies/","method":"amWebAPI"},"recommendationState":{"validNotAfter":1772989833000,"validNotBefore":1615201833000,"states":["recommended"]},"rootURI":"jar:file:///%appdata%/Mozilla/Firefox/Profiles/4qi99v7v.default-release/extensions/jid1-KKzOGWgsW3Ao4Q@jetpack.xpi!/","location":"app-profile"},{"id":"poop@cm.org","syncGUID":"{08a27a48-bba7-41af-a760-39c9d44750f9}","version":"1.4.2","type":"extension","loader":null,"updateURL":null,"optionsURL":"pages/options.htm","optionsType":5,"optionsBrowserStyle":true,"aboutURL":null,"defaultLocale":{"name":"Privacy-Oriented Origin Policy","description":"Prevent Firefox from sending Origin headers when they are least likely to be necessary, to protect your privacy.","creator":"claustromaniac","homepageURL":"https://github.com/claustromaniac/poop","developers":null,"translators":null,"contributors":null},"visible":true,"active":true,"userDisabled":false,"appDisabled":false,"embedderDisabled":false,"installDate":1618066251150,"updateDate":1618066251150,"applyBackgroundUpdates":1,"path":"%appdata%\\Mozilla\\Firefox\\Profiles\\4qi99v7v.default-release\\extensions\\poop@cm.org.xpi","skinnable":false,"sourceURI":"https://addons.mozilla.org/firefox/downloads/file/1396562/privacy_oriented_origin_policy-1.4.2-an+fx.xpi","releaseNotesURI":null,"softDisabled":false,"foreignInstall":false,"strictCompatibility":true,"locales":[],"targetApplications":[{"id":"toolkit@mozilla.org","minVersion":"57.0","maxVersion":"*"}],"targetPlatforms":[],"signedState":2,"signedDate":1548358807000,"seen":true,"dependencies":[],"incognito":"spanning","userPermissions":{"permissions":["storage","webRequest","webRequestBlocking"],"origins":["<all_urls>"]},"optionalPermissions":{"permissions":[],"origins":[]},"icons":{"64":"icons/poop.svg"},"iconURL":null,"blocklistState":0,"blocklistURL":null,"startupData":null,"hidden":false,"installTelemetryInfo":{"source":"amo","sourceURL":"https://addons.mozilla.org/en-US/firefox/addon/privacy-oriented-origin-policy/","method":"amWebAPI"},"recommendationState":null,"rootURI":"jar:file:///%appdata%/Mozilla/Firefox/Profiles/4qi99v7v.default-release/extensions/poop@cm.org.xpi!/","location":"app-profile"},{"id":"skipredirect@sblask","syncGUID":"{73343b8f-2b8c-4961-9670-9cf1df573b07}","version":"2.3.5","type":"extension","loader":null,"updateURL":null,"optionsURL":"options/options.html","optionsType":5,"optionsBrowserStyle":true,"aboutURL":null,"defaultLocale":{"name":"Skip Redirect","description":"Skip intermediary pages that some pages use before redirecting to a final page.","creator":"Sebastian Blask","homepageURL":"https://github.com/sblask/webextension-skip-redirect","developers":null,"translators":null,"contributors":null},"visible":true,"active":true,"userDisabled":false,"appDisabled":false,"embedderDisabled":false,"installDate":1618066345888,"updateDate":1618066345888,"applyBackgroundUpdates":1,"path":"%appdata%\\Mozilla\\Firefox\\Profiles\\4qi99v7v.default-release\\extensions\\skipredirect@sblask.xpi","skinnable":false,"sourceURI":"https://addons.mozilla.org/firefox/downloads/file/3750630/skip_redirect-2.3.5-an+fx.xpi","releaseNotesURI":null,"softDisabled":false,"foreignInstall":false,"strictCompatibility":true,"locales":[{"name":"Skip Redirect","description":"Skip intermediary pages that some pages use before redirecting to a final page.","creator":"Sebastian Blask","homepageURL":"https://github.com/sblask/webextension-skip-redirect","developers":null,"translators":null,"contributors":null,"locales":["en"]},{"name":"Chuyển hướng nhanh","description":"Bỏ qua các trang trung gian mà một số trang sử dụng trước khi chuyển hướng đến trang cuối cùng.","creator":"Sebastian Blask","homepageURL":"https://github.com/sblask/webextension-skip-redirect","developers":null,"translators":null,"contributors":null,"locales":["vn"]},{"name":"Passe-redirection","description":"Certains sites web vous détournent parfois sur une page intermédiaire avant de vous conduire à la page que vous souhaitez réellement consulter. Passe-redirection tente de supprimer cette redirection pour atteindre directement la bonne page.","creator":"Sebastian Blask","homepageURL":"https://github.com/sblask/webextension-skip-redirect","developers":null,"translators":null,"contributors":null,"locales":["fr"]},{"name":"Skip Redirect","description":"Hoppa över mellanliggande sidor som en del sidor använder innan de omdirigeras till målsidan.","creator":"Sebastian Blask","homepageURL":"https://github.com/sblask/webextension-skip-redirect","developers":null,"translators":null,"contributors":null,"locales":["sv-SE"]},{"name":"Skip Redirect","description":"Manche Webseiten leiten Benutzer auf eine extra Seite bevor sie auf die Seite weiterleiten die man eigentlich sehen wollte. Skip Redirect versucht diese Weiterleitung zu überspringen um direkt zur richtigen Seite zu gehen.","creator":"Sebastian Blask","homepageURL":"https://github.com/sblask/webextension-skip-redirect","developers":null,"translators":null,"contributors":null,"locales":["de"]},{"name":"Skip Redirect","description":"Пропускает промежуточные страницы, используемые некоторыми сайтами, до перенаправления на нужную.","creator":"Sebastian Blask","homepageURL":"https://github.com/sblask/webextension-skip-redirect","developers":null,"translators":null,"contributors":null,"locales":["ru"]}],"targetApplications":[{"id":"toolkit@mozilla.org","minVersion":"57.0","maxVersion":"*"}],"targetPlatforms":[],"signedState":2,"signedDate":1616843115000,"seen":true,"dependencies":[],"incognito":"spanning","userPermissions":{"permissions":["clipboardWrite","contextMenus","notifications","storage","webRequest","webRequestBlocking"],"origins":["<all_urls>"]},"optionalPermissions":{"permissions":[],"origins":[]},"icons":{"48":"icon.svg"},"iconURL":null,"blocklistState":0,"blocklistURL":null,"startupData":null,"hidden":false,"installTelemetryInfo":{"source":"amo","sourceURL":"https://addons.mozilla.org/en-US/firefox/addon/skip-redirect/","method":"amWebAPI"},"recommendationState":null,"rootURI":"jar:file:///%appdata%/Mozilla/Firefox/Profiles/4qi99v7v.default-release/extensions/skipredirect@sblask.xpi!/","location":"app-profile"},{"id":"smart-referer@meh.paranoid.pk","syncGUID":"{d2dead6a-dcab-4617-9bb9-d5cb7db8e8d0}","version":"0.2.15","type":"extension","loader":null,"updateURL":null,"optionsURL":"content/options.html","optionsType":5,"optionsBrowserStyle":true,"aboutURL":null,"defaultLocale":{"name":"Smart Referer","description":"Enable smart referers everywhere (send referer only on same domain)","creator":null,"homepageURL":"https://gitlab.com/smart-referer","developers":null,"translators":null,"contributors":null},"visible":true,"active":true,"userDisabled":false,"appDisabled":false,"embedderDisabled":false,"installDate":1618066384056,"updateDate":1618066384056,"applyBackgroundUpdates":1,"path":"%appdata%\\Mozilla\\Firefox\\Profiles\\4qi99v7v.default-release\\extensions\\smart-referer@meh.paranoid.pk.xpi","skinnable":false,"sourceURI":"https://addons.mozilla.org/firefox/downloads/file/3470999/smart_referer-0.2.15-an+fx.xpi","releaseNotesURI":null,"softDisabled":false,"foreignInstall":false,"strictCompatibility":true,"locales":[{"name":"Smart Referer","description":"Enable smart referers everywhere (send referer only on same domain)","creator":null,"homepageURL":"https://gitlab.com/smart-referer","developers":null,"translators":null,"contributors":null,"locales":["en"]},{"name":"Smart Referer","description":"Des référents intelligents partout !","creator":null,"homepageURL":"https://gitlab.com/smart-referer","developers":null,"translators":null,"contributors":null,"locales":["fr"]},{"name":"Smart Referer","description":"Smarte Referer überall!","creator":null,"homepageURL":"https://gitlab.com/smart-referer","developers":null,"translators":null,"contributors":null,"locales":["de"]}],"targetApplications":[{"id":"toolkit@mozilla.org","minVersion":"56.0","maxVersion":"*"}],"targetPlatforms":[],"signedState":2,"signedDate":1576670110000,"seen":true,"dependencies":[],"incognito":"spanning","userPermissions":{"permissions":["menus","storage","theme","webRequest","webRequestBlocking"],"origins":["*://*/*"]},"optionalPermissions":{"permissions":[],"origins":[]},"icons":{"48":"assets/icon.svg","256":"assets/icon.svg"},"iconURL":null,"blocklistState":0,"blocklistURL":null,"startupData":null,"hidden":false,"installTelemetryInfo":{"source":"amo","sourceURL":"https://addons.mozilla.org/en-US/firefox/addon/smart-referer/","method":"amWebAPI"},"recommendationState":null,"rootURI":"jar:file:///%appdata%/Mozilla/Firefox/Profiles/4qi99v7v.default-release/extensions/smart-referer@meh.paranoid.pk.xpi!/","location":"app-profile"},{"id":"{c607c8df-14a7-4f28-894f-29e8722976af}","syncGUID":"{7a4aff3f-e42d-450a-8933-a720f0332533}","version":"1.9.2","type":"extension","loader":null,"updateURL":null,"optionsURL":"options.html","optionsType":3,"optionsBrowserStyle":true,"aboutURL":null,"defaultLocale":{"name":"Temporary Containers","description":"Open tabs, websites, and links in automatically managed disposable containers. Containers isolate the data websites store (cookies, cache, and more) from each other, further enhancing your privacy while you browse.","creator":null,"homepageURL":"https://github.com/stoically/temporary-containers","developers":null,"translators":null,"contributors":null},"visible":true,"active":true,"userDisabled":false,"appDisabled":false,"embedderDisabled":false,"installDate":1618066427578,"updateDate":1618066427578,"applyBackgroundUpdates":1,"path":"%appdata%\\Mozilla\\Firefox\\Profiles\\4qi99v7v.default-release\\extensions\\{c607c8df-14a7-4f28-894f-29e8722976af}.xpi","skinnable":false,"sourceURI":"https://addons.mozilla.org/firefox/downloads/file/3723251/temporary_containers-1.9.2-fx.xpi","releaseNotesURI":null,"softDisabled":false,"foreignInstall":false,"strictCompatibility":true,"locales":[{"name":"Temporary Containers","description":"Open tabs, websites, and links in automatically managed disposable containers. Containers isolate the data websites store (cookies, cache, and more) from each other, further enhancing your privacy while you browse.","creator":null,"homepageURL":"https://github.com/stoically/temporary-containers","developers":null,"translators":null,"contributors":null,"locales":["en"]}],"targetApplications":[{"id":"toolkit@mozilla.org","minVersion":"68.0","maxVersion":"*"}],"targetPlatforms":[],"signedState":2,"signedDate":1612796416000,"seen":true,"dependencies":[],"incognito":"not_allowed","userPermissions":{"permissions":["contextMenus","contextualIdentities","cookies","management","storage","tabs","webRequest","webRequestBlocking"],"origins":["<all_urls>"]},"optionalPermissions":{"permissions":["bookmarks","downloads","history","notifications","webNavigation"],"origins":[]},"icons":{"48":"icons/tmpcontainer-48.png"},"iconURL":null,"blocklistState":0,"blocklistURL":null,"startupData":null,"hidden":false,"installTelemetryInfo":{"source":"amo","sourceURL":"https://addons.mozilla.org/en-US/firefox/addon/temporary-containers/","method":"amWebAPI"},"recommendationState":null,"rootURI":"jar:file:///%appdata%/Mozilla/Firefox/Profiles/4qi99v7v.default-release/extensions/%7Bc607c8df-14a7-4f28-894f-29e8722976af%7D.xpi!/","location":"app-profile"},{"id":"uBlock0@raymondhill.net","syncGUID":"{a2292cb2-0106-4857-8b2d-14fdc76f89dd}","version":"1.34.0","type":"extension","loader":null,"updateURL":null,"optionsURL":"dashboard.html","optionsType":3,"optionsBrowserStyle":true,"aboutURL":null,"defaultLocale":{"name":"uBlock Origin","description":"Finally, an efficient blocker. Easy on CPU and memory.","creator":"Raymond Hill & contributors","developers":null,"translators":null,"contributors":null},"visible":true,"active":true,"userDisabled":false,"appDisabled":false,"embedderDisabled":false,"installDate":1618066542477,"updateDate":1618066542477,"applyBackgroundUpdates":1,"path":"%appdata%\\Mozilla\\Firefox\\Profiles\\4qi99v7v.default-release\\extensions\\uBlock0@raymondhill.net.xpi","skinnable":false,"sourceURI":"https://addons.mozilla.org/firefox/downloads/file/3740966/ublock_origin-1.34.0-an+fx.xpi","releaseNotesURI":null,"softDisabled":false,"foreignInstall":false,"strictCompatibility":true,"locales":[{"name":"uBlock Origin","description":"Finally, an efficient blocker. Easy on CPU and memory.","creator":"Raymond Hill & contributors","developers":null,"translators":null,"contributors":null,"locales":["en"]},{"name":"uBlock Origin","description":"高効率ブロッカーが遂に登場。CPUとメモリーの負担を抑えます。","creator":"Raymond Hill & contributors","developers":null,"translators":null,"contributors":null,"locales":["ja"]},{"name":"uBlock Origin","description":"Lõpuks on valminud tõhus blokeerija. Protsessori- ja mälusõbralik.","creator":"Raymond Hill & contributors","developers":null,"translators":null,"contributors":null,"locales":["et"]},{"name":"uBlock Origin","description":"Finally, an efficient blocker. Easy on CPU and memory.","creator":"Raymond Hill & contributors","developers":null,"translators":null,"contributors":null,"locales":["oc"]},{"name":"uBlock Origin","description":"Finalmente, um bloqueador eficiente. Leve na CPU e memória.","creator":"Raymond Hill & contributors","developers":null,"translators":null,"contributors":null,"locales":["pt-PT"]},{"name":"uBlock Origin","description":"మొత్తానికి RAM ఇంకా CPU పై తేలికయిన, ఒక సమర్థవంతమైన నిరోధిని.","creator":"Raymond Hill & contributors","developers":null,"translators":null,"contributors":null,"locales":["te"]},{"name":"uBlock Origin","description":"Un bloqueur de nuisances efficace, qui ménagera votre processeur et votre mémoire vive.","creator":"Raymond Hill & contributors","developers":null,"translators":null,"contributors":null,"locales":["fr"]},{"name":"uBlock Origin","description":"Einlik, in effisjinte adblocker. Brûkt hast gjin prosessorkrêft of ûnthâld.","creator":"Raymond Hill & contributors","developers":null,"translators":null,"contributors":null,"locales":["fy"]},{"name":"uBlock Origin","description":"Най-накрая, ефективен блокер. Щадящ процесора и паметта.","creator":"Raymond Hill & contributors","developers":null,"translators":null,"contributors":null,"locales":["bg"]},{"name":"uBlock Origin","description":"Akhirnya, pemblokir iklan yang efisien. Ringan penggunaan CPU dan memori.","creator":"Raymond Hill & contributors","developers":null,"translators":null,"contributors":null,"locales":["id"]},{"name":"uBlock Origin","description":"অবশেষে, একটি দক্ষ বিজ্ঞাপন রোধক। সিপিইউ এবং মেমরি সহায়ক।","creator":"Raymond Hill & contributors","developers":null,"translators":null,"contributors":null,"locales":["bn"]},{"name":"uBlock Origin","description":"Äntligen en effektiv blockerare. Snäll mot både processor och minne.","creator":"Raymond Hill & contributors","developers":null,"translators":null,"contributors":null,"locales":["sv"]},{"name":"uBlock Origin","description":"Behingoz, blokeatzaile eraginkor bat. PUZ eta memorian arina.","creator":"Raymond Hill & contributors","developers":null,"translators":null,"contributors":null,"locales":["eu"]},{"name":"uBlock Origin","description":"Konečně efektivní blokovač. Nezatěžuje CPU a paměť.","creator":"Raymond Hill & contributors","developers":null,"translators":null,"contributors":null,"locales":["cs"]},{"name":"uBlock Origin","description":"Végre egy hatékony reklám- és követésblokkoló böngészőkhöz, amely kíméletes a processzorral és a memóriával.","creator":"Raymond Hill & contributors","developers":null,"translators":null,"contributors":null,"locales":["hu"]},{"name":"uBlock Origin","description":"ಕೊನೆಗೂ, ಒಂದು ದಕ್ಷ ನಿರ್ಬಂಧಕ. ಮಿತವಾದ ಸಿಪಿಯೂ ಹಾಗು ಮೆಮೊರಿ ಬಳಕೆ.","creator":"Raymond Hill & contributors","developers":null,"translators":null,"contributors":null,"locales":["kn"]},{"name":"uBlock Origin","description":"Ефективний блокувальник реклами таки з’явився. Не навантажує процесор та пам'ять.","creator":"Raymond Hill & contributors","developers":null,"translators":null,"contributors":null,"locales":["uk"]},{"name":"uBlock Origin","description":"آخر کار، ایک مؤثر اشتہار کو روکنے والا، یہ کم cpu اور میموری لیتا ہے.","creator":"Raymond Hill & contributors","developers":null,"translators":null,"contributors":null,"locales":["ur"]},{"name":"uBlock Origin","description":"Finfine rendimenta reklamoblokilo. Afabla por ĉefprocesoro kaj memoro.","creator":"Raymond Hill & contributors","developers":null,"translators":null,"contributors":null,"locales":["eo"]},{"name":"uBlock Origin","description":"Cuối cùng, đã có một công cụ chặn quảng cáo hiệu quả, tiêu tốn ít CPU và bộ nhớ.","creator":"Raymond Hill & contributors","developers":null,"translators":null,"contributors":null,"locales":["vi"]},{"name":"uBlock Origin","description":"وأخيراً, مانع اعلانات كفوء. خفيف على المعالج و الذاكرة.","creator":"Raymond Hill & contributors","developers":null,"translators":null,"contributors":null,"locales":["ar"]},{"name":"uBlock Origin","description":"როგორც იქნა, მძლავრი და შედეგიანი რეკლამების შემზღუდავი. ზოგავს CPU-ს და მეხსიერებას.","creator":"Raymond Hill & contributors","developers":null,"translators":null,"contributors":null,"locales":["ka"]},{"name":"uBlock Origin","description":"இறுதியாக, ஒரு திறமையான விளம்பரத் தடுப்பான். கணினியின் மையச் செயற்பகுதியின் மேலும் நினைவகத்தின் மேலும் இலகுவானது.","creator":"Raymond Hill & contributors","developers":null,"translators":null,"contributors":null,"locales":["ta"]},{"name":"uBlock Origin","description":"이 부가 기능은 효율적인 차단기입니다. CPU와 메모리에 주는 부담이 적습니다.","creator":"Raymond Hill & contributors","developers":null,"translators":null,"contributors":null,"locales":["ko"]},{"name":"uBlock Origin","description":"Endelig en effektiv blokkeringsutvidelse. Lavt CPU- og minnebruk.","creator":"Raymond Hill & contributors","developers":null,"translators":null,"contributors":null,"locales":["no"]},{"name":"uBlock Origin","description":"Pagaliau, efektyvus blokatorius, neapkraunantis nei procesoriaus, nei darbinės atminties.","creator":"Raymond Hill & contributors","developers":null,"translators":null,"contributors":null,"locales":["lt"]},{"name":"uBlock Origin","description":"Më në fund, një bllokues efikas që nuk e rëndon procesorin dhe memorien.","creator":"Raymond Hill & contributors","developers":null,"translators":null,"contributors":null,"locales":["sq"]},{"name":"uBlock Origin","description":"Finalmente, un blocker efficiente. Leggero sulla CPU e sulla memoria.","creator":"Raymond Hill & contributors","developers":null,"translators":null,"contributors":null,"locales":["it"]},{"name":"uBlock Origin","description":"आख़िरकार, क्रोमियम-बेस्ड ब्राउज़रों के लिए एक कुशल अवरोधक। CPU और स्मृति पर आसान।","creator":"Raymond Hill & contributors","developers":null,"translators":null,"contributors":null,"locales":["hi"]},{"name":"uBlock Origin","description":"Axır ki, prosessor və yaddaş yükünü azaldan səmərəli bir əngəlləyici var.","creator":"Raymond Hill & contributors","developers":null,"translators":null,"contributors":null,"locales":["az"]},{"name":"uBlock Origin","description":"มาแล้ว! โปรแกรมบล็อกโฆษณาเบาเบา ไม่กิน ซีพียู หรือ แรม","creator":"Raymond Hill & contributors","developers":null,"translators":null,"contributors":null,"locales":["th"]},{"name":"uBlock Origin","description":"Endlich ein effizienter Blocker. Prozessor-freundlich und bescheiden beim Speicherbedarf.","creator":"Raymond Hill & contributors","developers":null,"translators":null,"contributors":null,"locales":["de"]},{"name":"uBlock Origin","description":"Finally, an efficient blocker. Easy on CPU and memory.","creator":"Raymond Hill & contributors","developers":null,"translators":null,"contributors":null,"locales":["en-GB"]},{"name":"uBlock Origin","description":"Endelig en effektiv blokkeringsutvidelse. Lavt CPU- og minnebruk.","creator":"Raymond Hill & contributors","developers":null,"translators":null,"contributors":null,"locales":["nb"]},{"name":"uBlock Origin","description":"शेवटी, एक कार्यक्षम ब्लॉकर क्रोमियम आधारित ब्राउझरांसाठी. सीपीयू आणि मेमरी वर सोपे जातो.","creator":"Raymond Hill & contributors","developers":null,"translators":null,"contributors":null,"locales":["mr"]},{"name":"uBlock Origin","description":"Ó fin, un bloqueador eficiente que non chupa toda a memoria e o procesador.","creator":"Raymond Hill & contributors","developers":null,"translators":null,"contributors":null,"locales":["gl"]},{"name":"uBlock Origin","description":"Finalment, un blocador eficient que utilitza pocs recursos de memòria i processador.","creator":"Raymond Hill & contributors","developers":null,"translators":null,"contributors":null,"locales":["ca"]},{"name":"uBlock Origin","description":"Konečne efektívny blokovač. Nezaťažuje CPU ani pamäť.","creator":"Raymond Hill & contributors","developers":null,"translators":null,"contributors":null,"locales":["sk"]},{"name":"uBlock Origin","description":"അവസാനം, ഒരു കാര്യക്ഷമമായ ബ്ലോക്കര്‍. ലഘുവായ CPU, memory ഉപയോഗം.","creator":"Raymond Hill & contributors","developers":null,"translators":null,"contributors":null,"locales":["ml"]},{"name":"uBlock Origin","description":"Тинех Интернет тишкерӳҫӗ валли хӑвӑрт та витӗмлӗ чаркӑч пур.","creator":"Raymond Hill & contributors","developers":null,"translators":null,"contributors":null,"locales":["cv"]},{"name":"uBlock Origin","description":"بالاخره، یک بلاکر کارآمد. کم حجم بر روی پردازنده و حافظه.","creator":"Raymond Hill & contributors","developers":null,"translators":null,"contributors":null,"locales":["fa"]},{"name":"uBlock Origin","description":"Коначно, ефикасан блокатор. Ниски процесорски и меморијски захтеви.","creator":"Raymond Hill & contributors","developers":null,"translators":null,"contributors":null,"locales":["sr"]},{"name":"uBlock Origin","description":"Akhirnya, penyekat yang cekap. Tidak membebankan CPU dan memori.","creator":"Raymond Hill & contributors","developers":null,"translators":null,"contributors":null,"locales":["ms"]},{"name":"uBlock Origin","description":"一款高效的网络请求过滤工具，占用极低的内存和 CPU。","creator":"Raymond Hill & contributors","developers":null,"translators":null,"contributors":null,"locales":["zh-CN"]},{"name":"uBlock Origin","description":"Наконец-то, быстрый и эффективный блокировщик для браузеров.","creator":"Raymond Hill & contributors","developers":null,"translators":null,"contributors":null,"locales":["ru"]},{"name":"uBlock Origin","description":"Nareszcie skuteczny bloker charakteryzujący się niskim użyciem procesora i pamięci.","creator":"Raymond Hill & contributors","developers":null,"translators":null,"contributors":null,"locales":["pl"]},{"name":"uBlock Origin","description":"Končno, učinkovita, procesorju in pomnilniku prijazna razširitev za blokiranje oglasov.","creator":"Raymond Hill & contributors","developers":null,"translators":null,"contributors":null,"locales":["sl"]},{"name":"uBlock Origin","description":"Beidzot, efektīvs bloķētājs. Nepārslogo procesoru un atmiņu.","creator":"Raymond Hill & contributors","developers":null,"translators":null,"contributors":null,"locales":["lv"]},{"name":"uBlock Origin","description":"Sa wakas! Isang magaling na blocker para sa Chromium-based browsers. Magaan sa CPU at memory.","creator":"Raymond Hill & contributors","developers":null,"translators":null,"contributors":null,"locales":["fil"]},{"name":"uBlock Origin","description":"Konačno, efikasan blokator. Lak na CPU i memoriji.","creator":"Raymond Hill & contributors","developers":null,"translators":null,"contributors":null,"locales":["hr"]},{"name":"uBlock Origin","description":"Viimeinkin tehokas ja kevyt mainosten estäjä.","creator":"Raymond Hill & contributors","developers":null,"translators":null,"contributors":null,"locales":["fi"]},{"name":"uBlock Origin","description":"Վերջապե՛ս, արդյունավետ արգելափակիչ։ Խնայում է մշակիչը և հիշողությունը։","creator":"Raymond Hill & contributors","developers":null,"translators":null,"contributors":null,"locales":["hy"]},{"name":"uBlock Origin","description":"Жарнамаларды жақсы өшіретін Addon'дардың бірі. Компьютердің қуатың аз алады.","creator":"Raymond Hill & contributors","developers":null,"translators":null,"contributors":null,"locales":["kk"]},{"name":"uBlock Origin","description":"În sfârșit, un blocant eficient. Are un impact mic asupra procesorului și memoriei.","creator":"Raymond Hill & contributors","developers":null,"translators":null,"contributors":null,"locales":["ro"]},{"name":"uBlock Origin","description":"Konačno, efikasan bloker. Štedljiv na procesoru i memoriji.","creator":"Raymond Hill & contributors","developers":null,"translators":null,"contributors":null,"locales":["bs"]},{"name":"uBlock Origin","description":"Επιτέλους, ένας αποτελεσματικός blocker. Ελαφρύς για τον επεξεργαστή και τη μνήμη.","creator":"Raymond Hill & contributors","developers":null,"translators":null,"contributors":null,"locales":["el"]},{"name":"uBlock Origin","description":"Finalmente, um bloqueador eficiente. Com baixo uso de memória e CPU.","creator":"Raymond Hill & contributors","developers":null,"translators":null,"contributors":null,"locales":["pt-BR"]},{"name":"uBlock Origin","description":"Por fin, un bloqueador eficiente con uso mínimo de procesador y memoria.","creator":"Raymond Hill & contributors","developers":null,"translators":null,"contributors":null,"locales":["es"]},{"name":"uBlock Origin","description":"終於有套使用不多的 CPU 及記憶體資源的高效率阻擋器。","creator":"Raymond Hill & contributors","developers":null,"translators":null,"contributors":null,"locales":["zh-TW"]},{"name":"uBlock Origin","description":"סוף סוף, חוסם יעיל. קל על המעבד והזיכרון.","creator":"Raymond Hill & contributors","developers":null,"translators":null,"contributors":null,"locales":["he"]},{"name":"uBlock Origin","description":"Endelig en effektiv blocker. Lavt CPU- og hukommelsesforbrug.","creator":"Raymond Hill & contributors","developers":null,"translators":null,"contributors":null,"locales":["da"]},{"name":"uBlock Origin","description":"Sonunda, etkili bir engelleyici. İşlemciyi ve belleği yormaz.","creator":"Raymond Hill & contributors","developers":null,"translators":null,"contributors":null,"locales":["tr"]},{"name":"uBlock Origin","description":"Eindelijk, een efficiënte adblocker. Gebruikt weinig processorkracht en geheugen.","creator":"Raymond Hill & contributors","developers":null,"translators":null,"contributors":null,"locales":["nl"]}],"targetApplications":[{"id":"toolkit@mozilla.org","minVersion":"57.0","maxVersion":null}],"targetPlatforms":[],"signedState":2,"signedDate":1615465842000,"seen":true,"dependencies":[],"incognito":"spanning","userPermissions":{"permissions":["dns","menus","privacy","storage","tabs","unlimitedStorage","webNavigation","webRequest","webRequestBlocking"],"origins":["<all_urls>","http://*/*","https://*/*","file://*/*","https://easylist.to/*","https://*.fanboy.co.nz/*","https://filterlists.com/*","https://forums.lanik.us/*","https://github.com/*","https://*.github.io/*"]},"optionalPermissions":{"permissions":[],"origins":[]},"icons":{"16":"img/ublock.svg","32":"img/ublock.svg","48":"img/ublock.svg","64":"img/ublock.svg","96":"img/ublock.svg"},"iconURL":null,"blocklistState":0,"blocklistURL":null,"startupData":null,"hidden":false,"installTelemetryInfo":{"source":"amo","sourceURL":"https://addons.mozilla.org/en-US/firefox/addon/ublock-origin/","method":"amWebAPI"},"recommendationState":{"validNotAfter":1773253841000,"validNotBefore":1615465841000,"states":["recommended-android","recommended"]},"rootURI":"jar:file:///%appdata%/Mozilla/Firefox/Profiles/4qi99v7v.default-release/extensions/uBlock0@raymondhill.net.xpi!/","location":"app-profile"},{"id":"{25c707e5-8daf-4703-8cd5-7059121396d9}","syncGUID":"{fe2beb11-efa5-4d4d-b604-74ebd6769e33}","version":"0.1","type":"extension","loader":null,"updateURL":null,"optionsURL":null,"optionsType":null,"optionsBrowserStyle":true,"aboutURL":null,"defaultLocale":{"name":"Maximize All Windows (Minimalist Version)","creator":null,"developers":null,"translators":null,"contributors":null},"visible":true,"active":true,"userDisabled":false,"appDisabled":false,"embedderDisabled":false,"installDate":1618067302689,"updateDate":1618067302689,"applyBackgroundUpdates":1,"path":"%appdata%\\Mozilla\\Firefox\\Profiles\\4qi99v7v.default-release\\extensions\\{25c707e5-8daf-4703-8cd5-7059121396d9}.xpi","skinnable":false,"sourceURI":"https://addons.mozilla.org/firefox/downloads/file/2179566/maximize_all_windows_minimalist_version-0.1-fx.xpi","releaseNotesURI":null,"softDisabled":false,"foreignInstall":false,"strictCompatibility":true,"locales":[],"targetApplications":[{"id":"toolkit@mozilla.org","minVersion":null,"maxVersion":null}],"targetPlatforms":[],"signedState":2,"signedDate":1556803808000,"seen":true,"dependencies":[],"incognito":"spanning","userPermissions":{"permissions":[],"origins":[]},"optionalPermissions":{"permissions":[],"origins":[]},"icons":{},"iconURL":null,"blocklistState":0,"blocklistURL":null,"startupData":null,"hidden":false,"installTelemetryInfo":{"source":"amo","sourceURL":"https://addons.mozilla.org/en-US/firefox/addon/maximize-all-windows-minimal/","method":"amWebAPI"},"recommendationState":null,"rootURI":"jar:file:///%appdata%/Mozilla/Firefox/Profiles/4qi99v7v.default-release/extensions/%7B25c707e5-8daf-4703-8cd5-7059121396d9%7D.xpi!/","location":"app-profile"},{"id":"{569456be-2850-4f7e-b669-71e55140ee0a}","syncGUID":"{2e164fdc-110a-4846-af01-3bbccccee2f3}","version":"2.1.0","type":"extension","loader":null,"updateURL":null,"optionsURL":null,"optionsType":null,"optionsBrowserStyle":true,"aboutURL":null,"defaultLocale":{"name":"Redirect AMP to HTML","description":"Automatically redirects AMP pages to their canonical HTML equivalent.","creator":"Daniel Aleksandersen","homepageURL":"https://www.daniel.priv.no/web-extensions/amp2html.html","developers":null,"translators":null,"contributors":null},"visible":true,"active":true,"userDisabled":false,"appDisabled":false,"embedderDisabled":false,"installDate":1618067310472,"updateDate":1618067310472,"applyBackgroundUpdates":1,"path":"%appdata%\\Mozilla\\Firefox\\Profiles\\4qi99v7v.default-release\\extensions\\{569456be-2850-4f7e-b669-71e55140ee0a}.xpi","skinnable":false,"sourceURI":"https://addons.mozilla.org/firefox/downloads/file/3546077/redirect_amp_to_html-2.1.0-an+fx.xpi","releaseNotesURI":null,"softDisabled":false,"foreignInstall":false,"strictCompatibility":true,"locales":[],"targetApplications":[{"id":"toolkit@mozilla.org","minVersion":"60.0","maxVersion":null}],"targetPlatforms":[],"signedState":2,"signedDate":1586471411000,"seen":true,"dependencies":[],"incognito":"spanning","userPermissions":{"permissions":["webRequest","webRequestBlocking"],"origins":["*://t.co/*","https://bing-amp.com/c/*","https://*.bing-amp.com/c/*","https://cdn.ampproject.org/c/*","https://*.cdn.ampproject.org/c/*","https://www.bing.com/amp/*","https://www.google.com/amp/*","http://*/*","https://*/*"]},"optionalPermissions":{"permissions":[],"origins":[]},"icons":{"48":"assets/icon_48.png","256":"assets/icon_256.png"},"iconURL":null,"blocklistState":0,"blocklistURL":null,"startupData":null,"hidden":false,"installTelemetryInfo":{"source":"amo","sourceURL":"https://addons.mozilla.org/en-US/firefox/addon/amp2html/","method":"amWebAPI"},"recommendationState":null,"rootURI":"jar:file:///%appdata%/Mozilla/Firefox/Profiles/4qi99v7v.default-release/extensions/%7B569456be-2850-4f7e-b669-71e55140ee0a%7D.xpi!/","location":"app-profile"},{"id":"{88664789-f91e-40e1-adb9-e4e9a8c48867}","syncGUID":"{6ce58032-92e7-439a-b621-b536086d4054}","version":"0.5.0","type":"extension","loader":null,"updateURL":null,"optionsURL":"options.html","optionsType":5,"optionsBrowserStyle":true,"aboutURL":null,"defaultLocale":{"name":"URLs List","description":"List the URLs of all tabs from the current window as copyable plaintext.","creator":null,"homepageURL":"https://github.com/moritz-h/urls-list","developers":null,"translators":null,"contributors":null},"visible":true,"active":true,"userDisabled":false,"appDisabled":false,"embedderDisabled":false,"installDate":1618067318071,"updateDate":1618067318071,"applyBackgroundUpdates":1,"path":"%appdata%\\Mozilla\\Firefox\\Profiles\\4qi99v7v.default-release\\extensions\\{88664789-f91e-40e1-adb9-e4e9a8c48867}.xpi","skinnable":false,"sourceURI":"https://addons.mozilla.org/firefox/downloads/file/1197511/urls_list-0.5.0-an+fx.xpi","releaseNotesURI":null,"softDisabled":false,"foreignInstall":false,"strictCompatibility":true,"locales":[],"targetApplications":[{"id":"toolkit@mozilla.org","minVersion":null,"maxVersion":null}],"targetPlatforms":[],"signedState":2,"signedDate":1546429807000,"seen":true,"dependencies":[],"incognito":"spanning","userPermissions":{"permissions":["activeTab","clipboardWrite","contextMenus","notifications","storage","tabs"],"origins":[]},"optionalPermissions":{"permissions":[],"origins":[]},"icons":{"48":"icons/icon.svg","96":"icons/icon.svg"},"iconURL":null,"blocklistState":0,"blocklistURL":null,"startupData":null,"hidden":false,"installTelemetryInfo":{"source":"amo","sourceURL":"https://addons.mozilla.org/en-US/firefox/addon/urls-list/","method":"amWebAPI"},"recommendationState":null,"rootURI":"jar:file:///%appdata%/Mozilla/Firefox/Profiles/4qi99v7v.default-release/extensions/%7B88664789-f91e-40e1-adb9-e4e9a8c48867%7D.xpi!/","location":"app-profile"}]}
