{"version":2,"commands":{},"prefs":{"privacy.containers":{"initialValue":{"privacy.userContext.enabled":true,"privacy.userContext.ui.enabled":true},"precedenceList":[{"id":"{c607c8df-14a7-4f28-894f-29e8722976af}","installDate":1611916242013,"value":"{c607c8df-14a7-4f28-894f-29e8722976af}","enabled":true},{"id":"CanvasBlocker@kkapsner.de","installDate":1611915950486,"value":"CanvasBlocker@kkapsner.de","enabled":true}]},"websites.hyperlinkAuditingEnabled":{"initialValue":{},"precedenceList":[{"id":"uBlock0@raymondhill.net","installDate":1611916283886,"value":false,"enabled":true}]},"network.networkPredictionEnabled":{"initialValue":{"network.predictor.enabled":false,"network.prefetch-next":false,"network.http.speculative-parallel-limit":0,"network.dns.disablePrefetch":true},"precedenceList":[{"id":"uBlock0@raymondhill.net","installDate":1611916283886,"value":false,"enabled":true}]},"network.webRTCIPHandlingPolicy":{"initialValue":{"media.peerconnection.ice.default_address_only":true,"media.peerconnection.ice.no_host":true,"media.peerconnection.ice.proxy_only_if_behind_proxy":true},"precedenceList":[{"id":"uBlock0@raymondhill.net","installDate":1611916283886,"value":"disable_non_proxied_udp","enabled":true}]}},"url_overrides":{},"default_search":{"engineAdded":{"precedenceList":[{"id":"google@search.mozilla.org","installDate":1611915720182,"value":"Google","enabled":true}]}},"homepageNotification":{},"tabHideNotification":{},"newTabNotification":{}}