{"version":4,"lastUserContextId":9,"identities":[{"userContextId":5,"public":false,"icon":"","color":"","name":"userContextIdInternal.thumbnail","accessKey":""},{"userContextId":4294967295,"public":false,"icon":"","color":"","name":"userContextIdInternal.webextStorageLocal","accessKey":""},{"userContextId":6,"public":true,"icon":"circle","color":"orange","name":"GOOGLE"},{"userContextId":7,"public":true,"icon":"circle","color":"orange","name":"EBAY"},{"userContextId":8,"public":true,"icon":"circle","color":"yellow","name":"FACEBOOK"},{"userContextId":9,"public":true,"icon":"circle","color":"red","name":"TWITTER"}]}