{"schema":6,"addons":[{"id":"jid1-KKzOGWgsW3Ao4Q@jetpack","icons":{"32":"https://addons.cdn.mozilla.net/user-media/addon_icons/481/481438-32.png?modified=1597559215","64":"https://addons.cdn.mozilla.net/user-media/addon_icons/481/481438-64.png?modified=1597559215","128":"https://addons.cdn.mozilla.net/user-media/addon_icons/481/481438-128.png?modified=1597559215"},"type":"extension","name":"I don't care about cookies","version":"3.2.9","creator":{"name":"Kiko","url":"https://addons.mozilla.org/en-US/firefox/user/10289989/"},"developers":[],"description":"Get rid of cookie warnings from almost all websites!","fullDescription":"The EU regulations require that any website using tracking cookies must get user's permission before installing them. These warnings appear on most websites until the visitor agrees with the website's terms and conditions. Imagine how irritating that becomes when you surf anonymously or if you delete cookies automatically every time you close the browser.\n\nThis add-on will remove these cookie warnings from almost all websites! You can report any website which still warns you about cookies: just click 'Report a cookie warning' from the extension menu (the brown cookie image next to your address bar).\n\nOther browsers are supported too. Check https://www.i-dont-care-about-cookies.eu/ for info, support and donations.\n\n\nPrivacy policy related stuff:\n\nIf the user chooses \"Report a cookie warning\" from the menu, this add-on collects the URL of the current page and redirects user to the reporting page.\n\nThis addon periodicaly (usually once a year) notifies users about what has been and needs to be done.","screenshots":[{"url":"https://addons.cdn.mozilla.net/user-media/previews/full/207/207405.png?modified=1616526018","width":1280,"height":800,"thumbnailURL":"https://addons.cdn.mozilla.net/user-media/previews/thumbs/207/207405.jpg?modified=1616526018","thumbnailWidth":533,"thumbnailHeight":333,"caption":"\"I don't care about cookies\" browser extension."},{"url":"https://addons.cdn.mozilla.net/user-media/previews/full/207/207406.png?modified=1616526019","width":823,"height":380,"thumbnailURL":"https://addons.cdn.mozilla.net/user-media/previews/thumbs/207/207406.jpg?modified=1616526019","thumbnailWidth":533,"thumbnailHeight":246,"caption":"Get rid of these with \"I don't care about cookies\" browser extension."}],"homepageURL":"https://www.i-dont-care-about-cookies.eu/","supportURL":"https://www.i-dont-care-about-cookies.eu/","contributionURL":"https://www.paypal.me/kiboke/?utm_content=product-page-contribute&utm_medium=referral&utm_source=addons.mozilla.org","averageRating":4.6228,"reviewCount":258,"reviewURL":"https://addons.mozilla.org/en-US/firefox/addon/i-dont-care-about-cookies/reviews/","weeklyDownloads":7065,"sourceURI":"https://addons.mozilla.org/firefox/downloads/file/3739461/i_dont_care_about_cookies-3.2.9-an+fx.xpi","updateDate":1615201833000},{"id":"{74145f27-f039-47ce-a470-a662b129930a}","icons":{"32":"https://addons.cdn.mozilla.net/user-media/addon_icons/839/839767-32.png?modified=b06fa7ed","64":"https://addons.cdn.mozilla.net/user-media/addon_icons/839/839767-64.png?modified=b06fa7ed","128":"https://addons.cdn.mozilla.net/user-media/addon_icons/839/839767-128.png?modified=b06fa7ed"},"type":"extension","name":"ClearURLs","version":"1.21.0","creator":{"name":"Kevin R.","url":"https://addons.mozilla.org/en-US/firefox/user/13196993/"},"developers":[],"description":"Removes tracking elements from URLs","fullDescription":"This extension will automatically remove tracking elements from URLs to help protect your privacy when browsing through the Internet.\n\nMany websites use tracking elements in the URL (e.g. https://example.com?utm_source=newsletter1&utm_medium=email&utm_campaign=sale) to mark your online activity. All that tracking code is not necessary for a website to be displayed or work correctly and can therefore be removed—that is exactly what ClearURLs does.\n\nAnother common example are Amazon URLs. If you search for a product on Amazon you will see a very long URL, such as: https://www.amazon.com/dp/exampleProduct/ref=sxin_0_pb?__mk_de_DE=ÅMÅŽÕÑ&keywords=tea&pd_rd_i=exampleProduct&pd_rd_r=8d39e4cd-1e4f-43db-b6e7-72e969a84aa5&pd_rd_w=1pcKM&pd_rd_wg=hYrNl&pf_rd_p=50bbfd25-5ef7-41a2-68d6-74d854b30e30&pf_rd_r=0GMWD0YYKA7XFGX55ADP&qid=1517757263&rnid=2914120011\n\nIndeed most of the above URL is tracking code. Once ClearURLs has cleaned the address, it will look like this:\nhttps://www.amazon.com/dp/exampleProduct\n\nWhy use this extension as opposed to similar ones?\nMost other “link cleaners” employ about a dozen rules when looking for tracking parameters to remove. ClearURLs utilizes over 250 rules, so its capabilities are more comprehensive.\nAnd ClearURLs is open source, so everyone can join in to the project and/or can check the source code to error or malicious code.\n\nAll functions in a nutshell\n\n    Removes tracking from URLs automatically in the background\n    Blocks some common ad domains (optional)\n    Has a built-in tool to clean up multiple URLs at once\n    Supports redirection to the destination, without tracking services as middleman\n    Adds an entry to the context menu so that links can be copied quickly and cleanly\n    Blocks hyperlink auditing, also known as ping tracking\n    Prevents ETag tracking\n    Prevents tracking injection over history API\n    Prevents Google from rewriting the search results (to include tracking elements)\n    Prevents Yandex from rewriting the search results (to include tracking elements)\n\n\nWhat do we collect?\nThis extension protects and respects your privacy. We do not—and will never—collect any of your usage data.\n\nWhat do I do if I have trouble?\nVisit our GitLab page or check out our wiki.\n\nWrite us...\nIf have any suggestions or complaints, please contact us on GitLab.\n\nPermissions\nReasoning for needed permissions can be found under here.\n\nContributors\n\n    Kevin Röbert (creator/developer)\n    Yi-Ping Huang (translator)\n    rayman89 (translator)\n    Ramon Santilli (translator)\n    Lucifer (translator)\n    Shitennouji (translator)\n    perdolka (contributor)\n    Nameless (contributor)\n    a-polivanchuk (translator)\n    hydrargyrum (translator)\n    alekksander (translator)\n    Zoltan Toldy (translator)\n    tartpvule (contributor)\n    Giovanni (translator)\n    U. Çakmak (translator)\n    Sopor (translator)\n    elfriob (translator)\n    Nicolas (translator - website)\n    Teodor Atroshenko (contributor)\n\n\nRecommended by...\n\n    ghacks-user.js\n    Awesome Humane Tech List\n    PrivacyTools\n    New York Times Wirecutter\n\n\nChangelog can be found here\n\nSupported languages\nEnglish, Chinese (Mandarin), Chinese (Taiwan), German, French, Japanese, Portuguese, Russian, Spanish, Ukrainian, Italian, Turkish, Swedish","screenshots":[{"url":"https://addons.cdn.mozilla.net/user-media/previews/full/187/187624.png?modified=1616526430","width":700,"height":394,"thumbnailURL":"https://addons.cdn.mozilla.net/user-media/previews/thumbs/187/187624.jpg?modified=1616526430","thumbnailWidth":533,"thumbnailHeight":300},{"url":"https://addons.cdn.mozilla.net/user-media/previews/full/231/231733.png?modified=1616526431","width":198,"height":599,"thumbnailURL":"https://addons.cdn.mozilla.net/user-media/previews/thumbs/231/231733.jpg?modified=1616526431","thumbnailWidth":132,"thumbnailHeight":400,"caption":"Popup interface"},{"url":"https://addons.cdn.mozilla.net/user-media/previews/full/231/231732.png?modified=1616526434","width":1195,"height":1272,"thumbnailURL":"https://addons.cdn.mozilla.net/user-media/previews/thumbs/231/231732.jpg?modified=1616526434","thumbnailWidth":376,"thumbnailHeight":400,"caption":"Settings"},{"url":"https://addons.cdn.mozilla.net/user-media/previews/full/231/231754.png?modified=1616526436","width":1079,"height":862,"thumbnailURL":"https://addons.cdn.mozilla.net/user-media/previews/thumbs/231/231754.jpg?modified=1616526436","thumbnailWidth":501,"thumbnailHeight":400,"caption":"How ClearURLs has cleans up the dirty Amazon link with the built-in tool to clean up multiple URLs at once"},{"url":"https://addons.cdn.mozilla.net/user-media/previews/full/231/231730.png?modified=1616526462","width":1269,"height":1800,"thumbnailURL":"https://addons.cdn.mozilla.net/user-media/previews/thumbs/231/231730.jpg?modified=1616526462","thumbnailWidth":282,"thumbnailHeight":400,"caption":"Over 70k downloads"}],"homepageURL":"https://clearurls.xyz/","supportURL":"http://wiki.clearurls.xyz","contributionURL":"https://paypal.me/KevinRoebert?utm_content=product-page-contribute&utm_medium=referral&utm_source=addons.mozilla.org","averageRating":4.5549,"reviewCount":129,"reviewURL":"https://addons.mozilla.org/en-US/firefox/addon/clearurls/reviews/","weeklyDownloads":3525,"sourceURI":"https://addons.mozilla.org/firefox/downloads/file/3748919/clearurls-1.21.0-an+fx.xpi","updateDate":1616589930000},{"id":"{c607c8df-14a7-4f28-894f-29e8722976af}","icons":{"32":"https://addons.cdn.mozilla.net/user-media/addon_icons/888/888648-32.png?modified=mcrushed","64":"https://addons.cdn.mozilla.net/user-media/addon_icons/888/888648-64.png?modified=mcrushed","128":"https://addons.cdn.mozilla.net/user-media/addon_icons/888/888648-128.png?modified=mcrushed"},"type":"extension","name":"Temporary Containers","version":"1.9.2","creator":{"name":"stoically","url":"https://addons.mozilla.org/en-US/firefox/user/13470938/"},"developers":[],"description":"Open tabs, websites, and links in automatically managed disposable containers. Containers isolate data websites store (cookies, storage, and more) from each other, enhancing your privacy and security while you browse.","fullDescription":"Easily open disposable containers that isolate attached data and are deleted after usage: Fully automatic, based on navigation-target, for certain websites, with configured mouse clicks on links or just by using the toolbar icon.\n\n    Privacy Policy and Permissions\n    How does it enhance my privacy?\n    Matrix room: #tmp:mozilla.org\n\n\nUsage\n\n    How to open Temporary Containers?\n    Want to make the most out of Temporary Containers? Enable Automatic Mode!\n    How to stay logged in on some websites in Automatic Mode?\n    Troubleshooting\n\n\nAdvanced Usage\n\n    More Keyboard Shortcuts\n    Automatically Delete History\n    Cookies\n    Scripts\n\n\nMiscellaneous\n\n    Free Software / Open Source\n    Comparison with other privacy configurations and Add-ons\n    Compatibility with other Add-ons\n    Complementing Add-ons\n    Recommended privacy enhancing Add-ons","screenshots":[{"url":"https://addons.cdn.mozilla.net/user-media/previews/full/222/222022.png?modified=1616526528","width":282,"height":122,"thumbnailURL":"https://addons.cdn.mozilla.net/user-media/previews/thumbs/222/222022.jpg?modified=1616526528","thumbnailWidth":282,"thumbnailHeight":122},{"url":"https://addons.cdn.mozilla.net/user-media/previews/full/222/222021.png?modified=1616526530","width":792,"height":785,"thumbnailURL":"https://addons.cdn.mozilla.net/user-media/previews/thumbs/222/222021.jpg?modified=1616526530","thumbnailWidth":404,"thumbnailHeight":400},{"url":"https://addons.cdn.mozilla.net/user-media/previews/full/222/222020.png?modified=1616526531","width":729,"height":574,"thumbnailURL":"https://addons.cdn.mozilla.net/user-media/previews/thumbs/222/222020.jpg?modified=1616526531","thumbnailWidth":508,"thumbnailHeight":400},{"url":"https://addons.cdn.mozilla.net/user-media/previews/full/222/222019.png?modified=1616526533","width":746,"height":617,"thumbnailURL":"https://addons.cdn.mozilla.net/user-media/previews/thumbs/222/222019.jpg?modified=1616526533","thumbnailWidth":484,"thumbnailHeight":400},{"url":"https://addons.cdn.mozilla.net/user-media/previews/full/200/200204.png?modified=1616526534","width":496,"height":475,"thumbnailURL":"https://addons.cdn.mozilla.net/user-media/previews/thumbs/200/200204.jpg?modified=1616526534","thumbnailWidth":418,"thumbnailHeight":400},{"url":"https://addons.cdn.mozilla.net/user-media/previews/full/222/222018.png?modified=1616526536","width":976,"height":485,"thumbnailURL":"https://addons.cdn.mozilla.net/user-media/previews/thumbs/222/222018.jpg?modified=1616526536","thumbnailWidth":533,"thumbnailHeight":265}],"homepageURL":"https://github.com/stoically/temporary-containers","supportURL":"https://github.com/stoically/temporary-containers/issues","contributionURL":"","averageRating":4.7571,"reviewCount":91,"reviewURL":"https://addons.mozilla.org/en-US/firefox/addon/temporary-containers/reviews/","weeklyDownloads":508,"sourceURI":"https://addons.mozilla.org/firefox/downloads/file/3723251/temporary_containers-1.9.2-fx.xpi","updateDate":1612796416000},{"id":"skipredirect@sblask","icons":{"32":"https://addons.cdn.mozilla.net/user-media/addon_icons/642/642100-32.png?modified=1597226821","64":"https://addons.cdn.mozilla.net/user-media/addon_icons/642/642100-64.png?modified=1597226821","128":"https://addons.cdn.mozilla.net/user-media/addon_icons/642/642100-128.png?modified=1597226821"},"type":"extension","name":"Skip Redirect","version":"2.3.5","creator":{"name":"Sebastian Blask","url":"https://addons.mozilla.org/en-US/firefox/user/10503078/"},"developers":[],"description":"Some web pages use intermediary pages before redirecting to a final page. This add-on tries to extract the final url from the intermediary url and goes there straight away if successful.","fullDescription":"Skip Redirect\n=====================\nSome web pages use intermediary pages before redirecting to a final page. This webextension tries to extract the final url from the intermediary url and goes there straight away if successful. As an example, try this url:\n\n- www.google.com/chrome/?or-maybe-rather-firefox=http%3A%2F%2Fwww.mozilla.org/\n\nPlease give feedback(see below) if you find websites where this fails or where you get redirected in a weird way when this add-on is enabled but not when it's disabled.\n\nSee the add-on's preferences (also available by clicking the toolbar icon) for options.\n\nBy default all URLs but the ones matching a no-skip-urls-list are checked for embedded URLs and redirects are skipped. Depending on the pages visited, this can cause problems. For example a dysfunctional login. The no-skip-urls-list can be edited to avoid these problems. There is also a skip-urls-list mode to avoid this kind of problem altogether. In skip-urls-list mode, all URLs for which redirects should be skipped need to be added to the skip-urls-list manually.\n\nSome websites use multiple url parameters like this:\n\n`www.example.com/page-we-want-to-skip?first=www.want-to-go-here.com&second=www.do-not-care-about-this-url.com`\n\nSkip Redirect does not know which is the right parameter, but you can edit the no-skip-parameter-list. Adding `first` would skip to the URL of `second` and vice versa. Adding both, `first` and `second` would cause no skipping.\n\nPrivacy Policy\n--------------\n\nThis extension does not collect or send data of any kind to third parties.\n\nFeedback\n--------\n\nYou can report bugs or make feature requests on https://github.com/sblask/webextension-skip-redirect\n\nPatches are welcome.","screenshots":[{"url":"https://addons.cdn.mozilla.net/user-media/previews/full/162/162862.png?modified=1616526248","width":550,"height":175,"thumbnailURL":"https://addons.cdn.mozilla.net/user-media/previews/thumbs/162/162862.jpg?modified=1616526248","thumbnailWidth":533,"thumbnailHeight":170,"caption":"The red \"skip\" above the addons' toolbar icon indicates that a skip of a redirect has happened during the last 3 seconds(the delay is configurable in the addons' preferences)."},{"url":"https://addons.cdn.mozilla.net/user-media/previews/full/162/162858.png?modified=1616526248","width":550,"height":175,"thumbnailURL":"https://addons.cdn.mozilla.net/user-media/previews/thumbs/162/162858.jpg?modified=1616526248","thumbnailWidth":533,"thumbnailHeight":170,"caption":"If you hold the mouse pointer above the toolbar icon, details about the original url(the one that got skipped) and the final url are shown."},{"url":"https://addons.cdn.mozilla.net/user-media/previews/full/162/162864.png?modified=1616526248","width":550,"height":175,"thumbnailURL":"https://addons.cdn.mozilla.net/user-media/previews/thumbs/162/162864.jpg?modified=1616526248","thumbnailWidth":533,"thumbnailHeight":170,"caption":"Use the toolbar icon to disable(the icon will light grey as in this picture) and enable the skipping."}],"homepageURL":null,"supportURL":"https://github.com/sblask/webextension-skip-redirect","contributionURL":"","averageRating":4.616,"reviewCount":68,"reviewURL":"https://addons.mozilla.org/en-US/firefox/addon/skip-redirect/reviews/","weeklyDownloads":405,"sourceURI":"https://addons.mozilla.org/firefox/downloads/file/3750630/skip_redirect-2.3.5-an+fx.xpi","updateDate":1616843115000},{"id":"smart-referer@meh.paranoid.pk","icons":{"32":"https://addons.cdn.mozilla.net/user-media/addon_icons/327/327417-32.png?modified=f7d194b9","64":"https://addons.cdn.mozilla.net/user-media/addon_icons/327/327417-64.png?modified=f7d194b9","128":"https://addons.cdn.mozilla.net/user-media/addon_icons/327/327417-128.png?modified=f7d194b9"},"type":"extension","name":"Smart Referer","version":"0.2.15","creator":{"name":"meh.","url":"https://addons.mozilla.org/en-US/firefox/user/5453183/"},"developers":[{"name":"Alexander Schlarb","url":"https://addons.mozilla.org/en-US/firefox/user/5622055/"}],"description":"Improve your privacy by limiting Referer information leak!","fullDescription":"Automatically hide HTTP Referer and JavaScript document.referrer for cross-domain requests!\n\nTo workaround (rare) breakage, a whitelist of related domains is regularily downloaded (24h) and applied in the background. You may view and update the current version of this whitelist here.\n\nFurther information on advanced configuration options, writing your own whitelist entries and contributing is available in the repositiory README file.\n\nThis extension supports Waterfox Classic!","screenshots":[{"url":"https://addons.cdn.mozilla.net/user-media/previews/full/202/202127.png?modified=1616525830","width":1476,"height":1030,"thumbnailURL":"https://addons.cdn.mozilla.net/user-media/previews/thumbs/202/202127.jpg?modified=1616525830","thumbnailWidth":533,"thumbnailHeight":372,"caption":"Preference page"},{"url":"https://addons.cdn.mozilla.net/user-media/previews/full/202/202128.png?modified=1616525831","width":428,"height":127,"thumbnailURL":"https://addons.cdn.mozilla.net/user-media/previews/thumbs/202/202128.jpg?modified=1616525831","thumbnailWidth":428,"thumbnailHeight":127,"caption":"Toolbar icons: Enabled dark/light on top; disabled on bottom"}],"homepageURL":"https://gitlab.com/smart-referer/smart-referer","supportURL":"https://gitlab.com/smart-referer/smart-referer/issues","contributionURL":"","averageRating":4.2453,"reviewCount":67,"reviewURL":"https://addons.mozilla.org/en-US/firefox/addon/smart-referer/reviews/","weeklyDownloads":151,"sourceURI":"https://addons.mozilla.org/firefox/downloads/file/3470999/smart_referer-0.2.15-an+fx.xpi","updateDate":1576670110000},{"id":"containerise@kinte.sh","icons":{"32":"https://addons.cdn.mozilla.net/user-media/addon_icons/859/859380-32.png?modified=1553034276","64":"https://addons.cdn.mozilla.net/user-media/addon_icons/859/859380-64.png?modified=1553034276","128":"https://addons.cdn.mozilla.net/user-media/addon_icons/859/859380-128.png?modified=1553034276"},"type":"extension","name":"Containerise","version":"3.9.0","creator":{"name":"kintesh","url":"https://addons.mozilla.org/en-US/firefox/user/12977780/"},"developers":[],"description":"Automatically open websites in a dedicated container. Simply add rules to map domain or subdomain to your container.","fullDescription":"Firefox extension to automatically open websites in a container. Map multiple domains and subdomain to a container with simple csv based config. Once mapped, this extension will always open the site in a container. This behaviour is disabled in private mode.\n\nUsage\n\nBasic mapping:\namazon.co.uk, Shopping will open all amazon.co.uk (not subdomains) links in Shopping container.\n\nGlob:\n!*.amazon.co.uk, Shopping will be treated as *.amazon.co.uk glob pattern. (suitable to subdomains)\n\nRegex:\n@.+\\.amazon\\.co\\.uk$, Shopping will be treat as .+\\.amazon\\.co\\.uk$ regex. (suitable to subdomains and complex paths)\n","screenshots":[{"url":"https://addons.cdn.mozilla.net/user-media/previews/full/189/189440.png?modified=1616526519","width":441,"height":525,"thumbnailURL":"https://addons.cdn.mozilla.net/user-media/previews/thumbs/189/189440.jpg?modified=1616526519","thumbnailWidth":336,"thumbnailHeight":400,"caption":"Select your container and add a domain to always open all visits in the chosen container."},{"url":"https://addons.cdn.mozilla.net/user-media/previews/full/189/189441.png?modified=1616526519","width":441,"height":525,"thumbnailURL":"https://addons.cdn.mozilla.net/user-media/previews/thumbs/189/189441.jpg?modified=1616526519","thumbnailWidth":336,"thumbnailHeight":400,"caption":"Add many domains as you wish."},{"url":"https://addons.cdn.mozilla.net/user-media/previews/full/189/189442.png?modified=1616526519","width":441,"height":525,"thumbnailURL":"https://addons.cdn.mozilla.net/user-media/previews/thumbs/189/189442.jpg?modified=1616526519","thumbnailWidth":336,"thumbnailHeight":400,"caption":"Special `No Container` option to break out of a container."},{"url":"https://addons.cdn.mozilla.net/user-media/previews/full/189/189443.png?modified=1616526519","width":441,"height":525,"thumbnailURL":"https://addons.cdn.mozilla.net/user-media/previews/thumbs/189/189443.jpg?modified=1616526519","thumbnailWidth":336,"thumbnailHeight":400,"caption":"Simple CSV based mapping of a domain to a container by name for easy backup and bulk editing."}],"homepageURL":"https://github.com/kintesh/containerise","supportURL":"https://github.com/kintesh/containerise/issues","contributionURL":"","averageRating":4.4316,"reviewCount":56,"reviewURL":"https://addons.mozilla.org/en-US/firefox/addon/containerise/reviews/","weeklyDownloads":47,"sourceURI":"https://addons.mozilla.org/firefox/downloads/file/3724805/containerise-3.9.0-fx.xpi","updateDate":1612991716000},{"id":"etag-stoppa@cm.org","icons":{"32":"https://addons.cdn.mozilla.net/user-media/addon_icons/994/994801-32.png?modified=4786d4ff","64":"https://addons.cdn.mozilla.net/user-media/addon_icons/994/994801-64.png?modified=4786d4ff","128":"https://addons.cdn.mozilla.net/user-media/addon_icons/994/994801-128.png?modified=4786d4ff"},"type":"extension","name":"ETag Stoppa","version":"0.4","creator":{"name":"claustromaniac","url":"https://addons.mozilla.org/en-US/firefox/user/13341776/"},"developers":[],"description":"Prevents Firefox from storing entity tags by removing ETag response headers unconditionally and without exceptions.\n\nMinimalism at its fullest.","fullDescription":"WARNING: ETags for resources that were cached prior to installing this will remain intact. You will have to manually clear the cache once to remove existing ETags after installing this extension.\n\nI was using a more general-purpose extension for editing headers, but most of the rules I made were only experimental. The only constant across all my profiles was a rule to remove ETag headers. I decided that I didn't need the extra bells and whistles, and so this diminutive extension was born.\n\nThis site has a functional proof of concept that you can use to confirm the extension is working as intended. Note that you may need to whitelist the site in uBlock Origin, because that extension can prevent the HTML document from being cached (depending on your personal settings), and the test relies on that.\n\nKeep in mind that ETags are only *one* of the known tracking/de-anonimizing vectors related to the cache. I am aware of at least three other less straightforward methods to exploit the cache for those purposes. If you are absolutely serious about your privacy, do not rely on this extension. Instead, disable the cache and/or use another extension like Temporary Containers in automatic mode.\n\nMight as well recommend you to take a good look at this project if you haven't already. Even if you already use a user.js file to manage your Firefox settings, I recommend you to at least take a good look at the wiki, which is full of valuable up-to-date information for all Firefox users seeking to tighten our security and privacy.","screenshots":[],"homepageURL":null,"supportURL":"https://github.com/claustromaniac/etag-stoppa/issues","contributionURL":"","averageRating":4.7,"reviewCount":2,"reviewURL":"https://addons.mozilla.org/en-US/firefox/addon/etag-stoppa/reviews/","weeklyDownloads":28,"sourceURI":"https://addons.mozilla.org/firefox/downloads/file/1191752/etag_stoppa-0.4-an+fx.xpi","updateDate":1545768907000},{"id":"poop@cm.org","icons":{"32":"https://addons.cdn.mozilla.net/user-media/addon_icons/1012/1012731-32.png?modified=e97aa3af","64":"https://addons.cdn.mozilla.net/user-media/addon_icons/1012/1012731-64.png?modified=e97aa3af","128":"https://addons.cdn.mozilla.net/user-media/addon_icons/1012/1012731-128.png?modified=e97aa3af"},"type":"extension","name":"Privacy-Oriented Origin Policy","version":"1.4.2","creator":{"name":"claustromaniac","url":"https://addons.mozilla.org/en-US/firefox/user/13341776/"},"developers":[],"description":"Prevent Firefox from sending Origin headers when they are least likely to be necessary, to protect your privacy.","fullDescription":"Please, see the home page for more information. Don't worry, there are no trackers, ads, miners, or analytics in there. It's just a static page.","screenshots":[],"homepageURL":"https://claustromaniac.github.io/poop/","supportURL":"https://github.com/claustromaniac/poop/issues","contributionURL":"","averageRating":4.8125,"reviewCount":8,"reviewURL":"https://addons.mozilla.org/en-US/firefox/addon/privacy-oriented-origin-policy/reviews/","weeklyDownloads":12,"sourceURI":"https://addons.mozilla.org/firefox/downloads/file/1396562/privacy_oriented_origin_policy-1.4.2-an+fx.xpi","updateDate":1548358808000},{"id":"uBlock0@raymondhill.net","icons":{"32":"https://addons.cdn.mozilla.net/user-media/addon_icons/607/607454-32.png?modified=mcrushed","64":"https://addons.cdn.mozilla.net/user-media/addon_icons/607/607454-64.png?modified=mcrushed","128":"https://addons.cdn.mozilla.net/user-media/addon_icons/607/607454-128.png?modified=mcrushed"},"type":"extension","name":"uBlock Origin","version":"1.34.0","creator":{"name":"Raymond Hill","url":"https://addons.mozilla.org/en-US/firefox/user/11423598/"},"developers":[],"description":"Finally, an efficient wide-spectrum content blocker. Easy on CPU and memory.","fullDescription":"uBlock Origin is not an \"ad blocker\", it's a wide-spectrum content blocker with CPU and memory efficiency as a primary feature.\n\n***\n\nOut of the box, these lists of filters are loaded and enforced:\n\n- EasyList (ads)\n- Peter Lowe’s Ad server list (ads and tracking)\n- EasyPrivacy (tracking)\n- Malware domains\n\nMore lists are available for you to select if you wish:\n\n- Fanboy’s Enhanced Tracking List\n- Dan Pollock’s hosts file\n- MVPS HOSTS\n- Spam404\n- And many others\n\nAdditionally, you can point-and-click to block JavaScript locally or globally, create your own global or local rules to override entries from filter lists, and many more advanced features.\n\n***\n\nFree.\nOpen source with public license (GPLv3)\nFor users by users.\n\nIf ever you really do want to contribute something, think about the people working hard to maintain the filter lists you are using, which were made available to use by all for free.\n\n***\n\n    Documentation\n    Release notes\n    Community support @ Reddit\n    Contributors @ GitHub\n    Contributors @ Crowdin","screenshots":[{"url":"https://addons.cdn.mozilla.net/user-media/previews/full/238/238546.png?modified=1616526158","width":1011,"height":758,"thumbnailURL":"https://addons.cdn.mozilla.net/user-media/previews/thumbs/238/238546.jpg?modified=1616526158","thumbnailWidth":533,"thumbnailHeight":400,"caption":"The popup panel: default mode"},{"url":"https://addons.cdn.mozilla.net/user-media/previews/full/238/238548.png?modified=1616526159","width":1011,"height":758,"thumbnailURL":"https://addons.cdn.mozilla.net/user-media/previews/thumbs/238/238548.jpg?modified=1616526159","thumbnailWidth":533,"thumbnailHeight":400,"caption":"The dashboard: stock filter lists"},{"url":"https://addons.cdn.mozilla.net/user-media/previews/full/238/238547.png?modified=1616526160","width":1011,"height":758,"thumbnailURL":"https://addons.cdn.mozilla.net/user-media/previews/thumbs/238/238547.jpg?modified=1616526160","thumbnailWidth":533,"thumbnailHeight":400,"caption":"The popup panel: default-deny mode"},{"url":"https://addons.cdn.mozilla.net/user-media/previews/full/238/238549.png?modified=1616526162","width":1011,"height":758,"thumbnailURL":"https://addons.cdn.mozilla.net/user-media/previews/thumbs/238/238549.jpg?modified=1616526162","thumbnailWidth":533,"thumbnailHeight":400,"caption":"The dashboard: settings"},{"url":"https://addons.cdn.mozilla.net/user-media/previews/full/238/238552.png?modified=1616526165","width":970,"height":1800,"thumbnailURL":"https://addons.cdn.mozilla.net/user-media/previews/thumbs/238/238552.jpg?modified=1616526165","thumbnailWidth":216,"thumbnailHeight":400,"caption":"The popup panel in Firefox Preview: default mode with more blocking options revealed"},{"url":"https://addons.cdn.mozilla.net/user-media/previews/full/230/230370.png?modified=1616526166","width":800,"height":600,"thumbnailURL":"https://addons.cdn.mozilla.net/user-media/previews/thumbs/230/230370.jpg?modified=1616526166","thumbnailWidth":533,"thumbnailHeight":400,"caption":"The unified logger tells you all that uBO is seeing and doing"}],"homepageURL":"https://github.com/gorhill/uBlock#ublock-origin","supportURL":"https://old.reddit.com/r/uBlockOrigin/","contributionURL":"","averageRating":4.7664,"reviewCount":3191,"reviewURL":"https://addons.mozilla.org/en-US/firefox/addon/ublock-origin/reviews/","weeklyDownloads":119451,"sourceURI":"https://addons.mozilla.org/firefox/downloads/file/3740966/ublock_origin-1.34.0-an+fx.xpi","updateDate":1617719116000},{"id":"{25c707e5-8daf-4703-8cd5-7059121396d9}","icons":{"32":"https://addons.cdn.mozilla.net/static/img/addon-icons/default-32.png","64":"https://addons.cdn.mozilla.net/static/img/addon-icons/default-64.png","128":"https://addons.cdn.mozilla.net/static/img/addon-icons/default-128.png"},"type":"extension","name":"Maximize All Windows (Minimalist Version)","version":"0.1","creator":{"name":"ericchase","url":"https://addons.mozilla.org/en-US/firefox/user/14676290/"},"developers":[],"description":"A minimalist version of the \"Maximize All Windows\" addon.","fullDescription":"Maximizes all browser windows on startup only.\n\nNo other features.\nNo options.\nNo icons.","screenshots":[],"homepageURL":null,"supportURL":"https://github.com/ericchase/maximize-all-windows/tree/master-minimal","contributionURL":"","averageRating":5,"reviewCount":2,"reviewURL":"https://addons.mozilla.org/en-US/firefox/addon/maximize-all-windows-minimal/reviews/","weeklyDownloads":1,"sourceURI":"https://addons.mozilla.org/firefox/downloads/file/2179566/maximize_all_windows_minimalist_version-0.1-fx.xpi","updateDate":1556803809000},{"id":"{569456be-2850-4f7e-b669-71e55140ee0a}","icons":{"32":"https://addons.cdn.mozilla.net/user-media/addon_icons/858/858450-32.png?modified=2bcc5213","64":"https://addons.cdn.mozilla.net/user-media/addon_icons/858/858450-64.png?modified=2bcc5213","128":"https://addons.cdn.mozilla.net/user-media/addon_icons/858/858450-128.png?modified=2bcc5213"},"type":"extension","name":"Redirect AMP to HTML","version":"2.1.0","creator":{"name":"Aleksandersen","url":"https://addons.mozilla.org/en-US/firefox/user/14225318/"},"developers":[],"description":"Automatically redirects AMP pages to the regular web page variant.","fullDescription":"Automatically redirects any Accelerated Mobile Page (AMP) pages to their regular HTML equivalent.\n\nWhen you see an AMP page, you’re likely seeing a page served directly by Bing or Google who can suck in information about what you do on that page. Keep the web decentralized and say “No!” to search engines that want to take control over the web.\n\nAMP pages are designed for small-screen devices and often don’t translate well to larger screens. The extension can be especially useful if you receive links from people who’re on their mobile devices while you’re on your desktop computer.","screenshots":[],"homepageURL":"https://www.daniel.priv.no/web-extensions/amp2html.html","supportURL":"https://www.daniel.priv.no/web-extensions/amp2html.html","contributionURL":"https://flattr.com/@Aleksandersen/domain/daniel.priv.no?utm_content=product-page-contribute&utm_medium=referral&utm_source=addons.mozilla.org","averageRating":4.7692,"reviewCount":31,"reviewURL":"https://addons.mozilla.org/en-US/firefox/addon/amp2html/reviews/","weeklyDownloads":59,"sourceURI":"https://addons.mozilla.org/firefox/downloads/file/3546077/redirect_amp_to_html-2.1.0-an+fx.xpi","updateDate":1586471411000},{"id":"{88664789-f91e-40e1-adb9-e4e9a8c48867}","icons":{"32":"https://addons.cdn.mozilla.net/static/img/addon-icons/default-32.png","64":"https://addons.cdn.mozilla.net/static/img/addon-icons/default-64.png","128":"https://addons.cdn.mozilla.net/static/img/addon-icons/default-128.png"},"type":"extension","name":"URLs List","version":"0.5.0","creator":{"name":"moritz-h","url":"https://addons.mozilla.org/en-US/firefox/user/13133736/"},"developers":[],"description":"List the URLs of all tabs from the current window as copyable plaintext. Also this extension can load a plaintext list of urls to individual tabs.","fullDescription":"This Add-on allows to copy all open URLs of the current window or to open a list of URLs to individual tabs.\n\nFeatures\n\n    Tab context menu entry for quick copy (see screenshot)\n    Menu button with textfield popup to copy all URLs\n    Paste list of URLs to open all of them in individual tabs at the same time\n\n\nThis Add-on is Open Source: https://github.com/moritz-h/urls-list","screenshots":[{"url":"https://addons.cdn.mozilla.net/user-media/previews/full/185/185801.png?modified=1616526418","width":700,"height":455,"thumbnailURL":"https://addons.cdn.mozilla.net/user-media/previews/thumbs/185/185801.jpg?modified=1616526418","thumbnailWidth":533,"thumbnailHeight":346},{"url":"https://addons.cdn.mozilla.net/user-media/previews/full/185/185802.png?modified=1616526418","width":700,"height":455,"thumbnailURL":"https://addons.cdn.mozilla.net/user-media/previews/thumbs/185/185802.jpg?modified=1616526418","thumbnailWidth":533,"thumbnailHeight":346}],"homepageURL":"https://github.com/moritz-h/urls-list","supportURL":null,"contributionURL":"","averageRating":4.4231,"reviewCount":19,"reviewURL":"https://addons.mozilla.org/en-US/firefox/addon/urls-list/reviews/","weeklyDownloads":35,"sourceURI":"https://addons.mozilla.org/firefox/downloads/file/1197511/urls_list-0.5.0-an+fx.xpi","updateDate":1546429808000},{"id":"CanvasBlocker@kkapsner.de","icons":{"32":"https://addons.cdn.mozilla.net/user-media/addon_icons/534/534930-32.png?modified=1581849561","64":"https://addons.cdn.mozilla.net/user-media/addon_icons/534/534930-64.png?modified=1581849561","128":"https://addons.cdn.mozilla.net/user-media/addon_icons/534/534930-128.png?modified=1581849561"},"name":"CanvasBlocker","version":"1.5","sourceURI":"https://addons.mozilla.org/firefox/downloads/file/3711139/canvasblocker-1.5-an+fx.xpi","homepageURL":"https://github.com/kkapsner/CanvasBlocker/","supportURL":null,"description":"Alters some JS APIs to prevent fingerprinting.","fullDescription":"This add-on allows users to prevent websites from using some Javascript APIs to fingerprint them. Users can choose to block the APIs entirely on some or all websites (which may break some websites) or fake its fingerprinting-friendly readout API.\n\nIf you encounter any problems please check the FAQ first. Please report issues and feature requests at https://github.com/kkapsner/CanvasBlocker/issues\n\nIMPORTANT: you should only have ONE addon/setting set that protects an API. Otherwise you could face massive performance issues. (E.g. EclipsedMoon for Palemoon has 'canvas.poison' which is known to cause issues: https://github.com/kkapsner/CanvasBlocker/issues/253#issuecomment-459499290)\nBut setting privacy.resistFingerprinting to true and/or using the new fingerprinting protection introduced with Firefox 67 is fine.\n\nProtected \"fingerprinting\" APIs:\n\n    canvas 2d\n    webGL\n    audio\n    history\n    window (disabled by default)\n    DOMRect\n    navigator (disabled by default)\n    screen\n\n\nMore information on fingerprinting can be found at:\n\n    <canvas>: http://www.browserleaks.com/canvas\n    audio:\n        https://audiofingerprint.openwpm.com/ (very poorly written = slow)\n        https://webtransparency.cs.princeton.edu/webcensus/#audio-fp\n    DOMRect:\n        http://jcarlosnorte.com/security/2016/03/06/advanced-tor-browser-fingerprinting.html\n        https://browserleaks.com/rects\n\n\nThe different block modes are:\n\n    fake: Canvas Blocker's default setting, and my favorite! All websites not on the white list or black list can use the protected APIs. But values obtained by the APIs are altered so that a consistent fingerprinting is not possible\n    ask for permission: If a website is not listed on the white list or black list, the user will be asked if the website should be allowed to use the protected APIs each time they are called.\n    block everything: Ignore all lists and block the protected APIs on all websites.\n    allow only white list: Only websites in the white list are allowed to use the protected APIs.\n    block only black list: Block the protected APIs only for websites on the black list.\n    allow everything: Ignore all lists and allow the protected APIs on all websites.\n","weeklyDownloads":3480,"type":"extension","creator":{"name":"kkapsner","url":"https://addons.mozilla.org/en-US/firefox/user/11033762/"},"developers":[],"screenshots":[{"url":"https://addons.cdn.mozilla.net/user-media/previews/full/194/194239.png?modified=1616526008","width":700,"height":279,"thumbnailURL":"https://addons.cdn.mozilla.net/user-media/previews/thumbs/194/194239.jpg?modified=1616526008","thumbnailWidth":533,"thumbnailHeight":212},{"url":"https://addons.cdn.mozilla.net/user-media/previews/full/191/191763.png?modified=1616526008","width":278,"height":283,"thumbnailURL":"https://addons.cdn.mozilla.net/user-media/previews/thumbs/191/191763.jpg?modified=1616526008","thumbnailWidth":278,"thumbnailHeight":283}],"contributionURL":"","averageRating":4.6314,"reviewCount":122,"reviewURL":"https://addons.mozilla.org/en-US/firefox/addon/canvasblocker/reviews/","updateDate":1611000920000}]}