{"doh-rollout@mozilla.org":{"permissions":["internal:privateBrowsingAllowed"],"origins":[]},"formautofill@mozilla.org":{"permissions":["internal:privateBrowsingAllowed"],"origins":[]},"screenshots@mozilla.org":{"permissions":["internal:privateBrowsingAllowed"],"origins":[]},"webcompat@mozilla.org":{"permissions":["internal:privateBrowsingAllowed"],"origins":[]},"default-theme@mozilla.org":{"permissions":["internal:privateBrowsingAllowed"],"origins":[]},"google@search.mozilla.org":{"permissions":["internal:privateBrowsingAllowed"],"origins":[]},"amazondotcom@search.mozilla.org":{"permissions":["internal:privateBrowsingAllowed"],"origins":[]},"wikipedia@search.mozilla.org":{"permissions":["internal:privateBrowsingAllowed"],"origins":[]},"bing@search.mozilla.org":{"permissions":["internal:privateBrowsingAllowed"],"origins":[]},"ddg@search.mozilla.org":{"permissions":["internal:privateBrowsingAllowed"],"origins":[]},"{c607c8df-14a7-4f28-894f-29e8722976af}":{"permissions":["webNavigation","history"],"origins":[]}}