{"app-profile":{"addons":{"{74145f27-f039-47ce-a470-a662b129930a}":{"dependencies":[],"enabled":true,"lastModifiedTime":1618066166000,"loader":null,"path":"{74145f27-f039-47ce-a470-a662b129930a}.xpi","rootURI":"jar:file:///%appdata%/Mozilla/Firefox/Profiles/4qi99v7v.default-release/extensions/%7B74145f27-f039-47ce-a470-a662b129930a%7D.xpi!/","runInSafeMode":false,"signedState":2,"signedDate":1616589930000,"telemetryKey":"%7B74145f27-f039-47ce-a470-a662b129930a%7D:1.21.0","version":"1.21.0","startupData":{"persistentListeners":{"webRequest":{"onHeadersReceived":[[{"incognito":null,"tabId":null,"types":null,"urls":["<all_urls>"],"windowId":null},["blocking","responseHeaders"]]],"onBeforeRequest":[[{"incognito":null,"tabId":null,"types":["font","image","imageset","main_frame","media","object","object_subrequest","other","script","stylesheet","sub_frame","websocket","xml_dtd","xmlhttprequest","xslt","ping","beacon"],"urls":["<all_urls>"],"windowId":null},["blocking"]]]}}}},"containerise@kinte.sh":{"dependencies":[],"enabled":true,"lastModifiedTime":1618066212000,"loader":null,"path":"containerise@kinte.sh.xpi","rootURI":"jar:file:///%appdata%/Mozilla/Firefox/Profiles/4qi99v7v.default-release/extensions/containerise@kinte.sh.xpi!/","runInSafeMode":false,"signedState":2,"signedDate":1612991716000,"telemetryKey":"containerise%40kinte.sh:3.9.0","version":"3.9.0","startupData":{"persistentListeners":{"webRequest":{"onBeforeRequest":[[{"incognito":null,"tabId":null,"types":["main_frame"],"urls":["<all_urls>"],"windowId":null},["blocking"]]]}}}},"etag-stoppa@cm.org":{"dependencies":[],"enabled":true,"lastModifiedTime":1618066236000,"loader":null,"path":"etag-stoppa@cm.org.xpi","rootURI":"jar:file:///%appdata%/Mozilla/Firefox/Profiles/4qi99v7v.default-release/extensions/etag-stoppa@cm.org.xpi!/","runInSafeMode":false,"signedState":2,"signedDate":1545768906000,"telemetryKey":"etag-stoppa%40cm.org:0.4","version":"0.4","startupData":{"persistentListeners":{"webRequest":{"onHeadersReceived":[[{"incognito":null,"tabId":null,"types":null,"urls":["<all_urls>"],"windowId":null},["blocking","responseHeaders"]]]}}}},"jid1-KKzOGWgsW3Ao4Q@jetpack":{"dependencies":[],"enabled":true,"lastModifiedTime":1618066244000,"loader":null,"path":"jid1-KKzOGWgsW3Ao4Q@jetpack.xpi","rootURI":"jar:file:///%appdata%/Mozilla/Firefox/Profiles/4qi99v7v.default-release/extensions/jid1-KKzOGWgsW3Ao4Q@jetpack.xpi!/","runInSafeMode":false,"signedState":2,"signedDate":1615201833000,"telemetryKey":"jid1-KKzOGWgsW3Ao4Q%40jetpack:3.2.9","version":"3.2.9","startupData":{"persistentListeners":{"webRequest":{"onBeforeRequest":[[{"incognito":null,"tabId":null,"types":["script","stylesheet","xmlhttprequest"],"urls":["http://*/*","https://*/*"],"windowId":null},["blocking"]]],"onHeadersReceived":[[{"incognito":null,"tabId":null,"types":["main_frame"],"urls":["http://*/*","https://*/*"],"windowId":null},["blocking","responseHeaders"]]],"onResponseStarted":[[{"incognito":null,"tabId":null,"types":["sub_frame"],"urls":["<all_urls>"],"windowId":null},null],[{"incognito":null,"tabId":null,"types":["beacon"],"urls":["https://consent.google.com/*","https://consent.youtube.com/*"],"windowId":null},null]]}}}},"poop@cm.org":{"dependencies":[],"enabled":true,"lastModifiedTime":1618066250000,"loader":null,"path":"poop@cm.org.xpi","rootURI":"jar:file:///%appdata%/Mozilla/Firefox/Profiles/4qi99v7v.default-release/extensions/poop@cm.org.xpi!/","runInSafeMode":false,"signedState":2,"signedDate":1548358807000,"telemetryKey":"poop%40cm.org:1.4.2","version":"1.4.2","startupData":{"persistentListeners":{"webRequest":{"onBeforeSendHeaders":[[{"incognito":null,"tabId":null,"types":null,"urls":["<all_urls>"],"windowId":null},["blocking","requestHeaders"]]],"onHeadersReceived":[[{"incognito":null,"tabId":null,"types":null,"urls":["<all_urls>"],"windowId":null},["blocking","responseHeaders"]]],"onCompleted":[[{"incognito":null,"tabId":null,"types":null,"urls":["<all_urls>"],"windowId":null},null]],"onErrorOccurred":[[{"incognito":null,"tabId":null,"types":null,"urls":["<all_urls>"],"windowId":null}]],"onBeforeRedirect":[[{"incognito":null,"tabId":null,"types":null,"urls":["<all_urls>"],"windowId":null},null]]}}}},"skipredirect@sblask":{"dependencies":[],"enabled":true,"lastModifiedTime":1618066344000,"loader":null,"path":"skipredirect@sblask.xpi","rootURI":"jar:file:///%appdata%/Mozilla/Firefox/Profiles/4qi99v7v.default-release/extensions/skipredirect@sblask.xpi!/","runInSafeMode":false,"signedState":2,"signedDate":1616843115000,"telemetryKey":"skipredirect%40sblask:2.3.5","version":"2.3.5","startupData":{"persistentListeners":{"webRequest":{"onBeforeRequest":[[{"incognito":null,"tabId":null,"types":["main_frame"],"urls":["<all_urls>"],"windowId":null},["blocking"]]]}}}},"smart-referer@meh.paranoid.pk":{"dependencies":[],"enabled":true,"lastModifiedTime":1618066384000,"loader":null,"path":"smart-referer@meh.paranoid.pk.xpi","rootURI":"jar:file:///%appdata%/Mozilla/Firefox/Profiles/4qi99v7v.default-release/extensions/smart-referer@meh.paranoid.pk.xpi!/","runInSafeMode":false,"signedState":2,"signedDate":1576670110000,"telemetryKey":"smart-referer%40meh.paranoid.pk:0.2.15","version":"0.2.15","startupData":{"persistentListeners":{"webRequest":{"onBeforeSendHeaders":[[{"incognito":null,"tabId":null,"types":null,"urls":["<all_urls>"],"windowId":null},["blocking","requestHeaders"]]]}}}},"{c607c8df-14a7-4f28-894f-29e8722976af}":{"dependencies":[],"enabled":true,"lastModifiedTime":1618066426000,"loader":null,"path":"{c607c8df-14a7-4f28-894f-29e8722976af}.xpi","rootURI":"jar:file:///%appdata%/Mozilla/Firefox/Profiles/4qi99v7v.default-release/extensions/%7Bc607c8df-14a7-4f28-894f-29e8722976af%7D.xpi!/","runInSafeMode":false,"signedState":2,"signedDate":1612796416000,"telemetryKey":"%7Bc607c8df-14a7-4f28-894f-29e8722976af%7D:1.9.2","version":"1.9.2","startupData":{"persistentListeners":{"webRequest":{"onBeforeRequest":[[{"incognito":null,"tabId":null,"types":["main_frame"],"urls":["<all_urls>"],"windowId":null},["blocking"]]],"onBeforeSendHeaders":[[{"incognito":null,"tabId":null,"types":["main_frame"],"urls":["<all_urls>"],"windowId":null},["blocking","requestHeaders"]]],"onCompleted":[[{"incognito":null,"tabId":null,"types":["script","font","image","imageset","stylesheet"],"urls":["<all_urls>"],"windowId":null},["responseHeaders"]],[{"incognito":null,"tabId":null,"types":["main_frame"],"urls":["<all_urls>"],"windowId":null},null]],"onErrorOccurred":[[{"incognito":null,"tabId":null,"types":["main_frame"],"urls":["<all_urls>"],"windowId":null}]]}}}},"uBlock0@raymondhill.net":{"dependencies":[],"enabled":true,"lastModifiedTime":1618066542000,"loader":null,"path":"uBlock0@raymondhill.net.xpi","rootURI":"jar:file:///%appdata%/Mozilla/Firefox/Profiles/4qi99v7v.default-release/extensions/uBlock0@raymondhill.net.xpi!/","runInSafeMode":false,"signedState":2,"signedDate":1615465842000,"telemetryKey":"uBlock0%40raymondhill.net:1.34.0","version":"1.34.0","startupData":{"persistentListeners":{"webRequest":{"onBeforeRequest":[[{"incognito":null,"tabId":null,"types":null,"urls":["moz-extension://bb4d2b98-ad41-463b-93fa-f298d66f1145/web_accessible_resources/*"],"windowId":null},["blocking"]],[{"incognito":null,"tabId":null,"types":null,"urls":["http://*/*","https://*/*","ws://*/*","wss://*/*"],"windowId":null},["blocking"]]],"onHeadersReceived":[[{"incognito":null,"tabId":null,"types":null,"urls":["http://*/*","https://*/*","ws://*/*","wss://*/*"],"windowId":null},["blocking","responseHeaders"]]]}}}},"{25c707e5-8daf-4703-8cd5-7059121396d9}":{"dependencies":[],"enabled":true,"lastModifiedTime":1618067302000,"loader":null,"path":"{25c707e5-8daf-4703-8cd5-7059121396d9}.xpi","rootURI":"jar:file:///%appdata%/Mozilla/Firefox/Profiles/4qi99v7v.default-release/extensions/%7B25c707e5-8daf-4703-8cd5-7059121396d9%7D.xpi!/","runInSafeMode":false,"signedState":2,"signedDate":1556803808000,"telemetryKey":"%7B25c707e5-8daf-4703-8cd5-7059121396d9%7D:0.1","version":"0.1","startupData":{}},"{569456be-2850-4f7e-b669-71e55140ee0a}":{"dependencies":[],"enabled":true,"lastModifiedTime":1618067310000,"loader":null,"path":"{569456be-2850-4f7e-b669-71e55140ee0a}.xpi","rootURI":"jar:file:///%appdata%/Mozilla/Firefox/Profiles/4qi99v7v.default-release/extensions/%7B569456be-2850-4f7e-b669-71e55140ee0a%7D.xpi!/","runInSafeMode":false,"signedState":2,"signedDate":1586471411000,"telemetryKey":"%7B569456be-2850-4f7e-b669-71e55140ee0a%7D:2.1.0","version":"2.1.0","startupData":{"persistentListeners":{"webRequest":{"onBeforeRequest":[[{"incognito":null,"tabId":null,"types":null,"urls":["https://www.bing.com/amp/*","https://www.google.com/amp/*"],"windowId":null},["blocking"]],[{"incognito":null,"tabId":null,"types":null,"urls":["https://cdn.ampproject.org/c/*","https://*.cdn.ampproject.org/c/*","https://bing-amp.com/c/*","https://*.bing-amp.com/c/*"],"windowId":null},["blocking"]],[{"incognito":null,"tabId":null,"types":null,"urls":["*://t.co/*?amp=1"],"windowId":null},["blocking"]]]}}}},"{88664789-f91e-40e1-adb9-e4e9a8c48867}":{"dependencies":[],"enabled":true,"lastModifiedTime":1618067318000,"loader":null,"path":"{88664789-f91e-40e1-adb9-e4e9a8c48867}.xpi","rootURI":"jar:file:///%appdata%/Mozilla/Firefox/Profiles/4qi99v7v.default-release/extensions/%7B88664789-f91e-40e1-adb9-e4e9a8c48867%7D.xpi!/","runInSafeMode":false,"signedState":2,"signedDate":1546429807000,"telemetryKey":"%7B88664789-f91e-40e1-adb9-e4e9a8c48867%7D:0.5.0","version":"0.5.0","startupData":{}}},"staged":{},"path":"%appdata%\\Mozilla\\Firefox\\Profiles\\4qi99v7v.default-release\\extensions"},"app-system-defaults":{"addons":{"doh-rollout@mozilla.org":{"dependencies":[],"enabled":true,"lastModifiedTime":1616068579000,"loader":null,"path":"doh-rollout@mozilla.org.xpi","rootURI":"jar:file:///%programfiles%/Mozilla%20Firefox/browser/features/doh-rollout@mozilla.org.xpi!/","runInSafeMode":true,"signedDate":null,"telemetryKey":"doh-rollout%40mozilla.org:2.0.0","version":"2.0.0"},"formautofill@mozilla.org":{"dependencies":[],"enabled":true,"lastModifiedTime":1616068579000,"loader":null,"path":"formautofill@mozilla.org.xpi","rootURI":"jar:file:///%programfiles%/Mozilla%20Firefox/browser/features/formautofill@mozilla.org.xpi!/","runInSafeMode":true,"signedDate":null,"telemetryKey":"formautofill%40mozilla.org:1.0","version":"1.0"},"screenshots@mozilla.org":{"dependencies":[],"enabled":true,"lastModifiedTime":1616068579000,"loader":null,"path":"screenshots@mozilla.org.xpi","rootURI":"jar:file:///%programfiles%/Mozilla%20Firefox/browser/features/screenshots@mozilla.org.xpi!/","runInSafeMode":true,"signedDate":null,"telemetryKey":"screenshots%40mozilla.org:39.0.0","version":"39.0.0"},"webcompat-reporter@mozilla.org":{"dependencies":[],"enabled":false,"lastModifiedTime":1616068579000,"loader":null,"path":"webcompat-reporter@mozilla.org.xpi","rootURI":"jar:file:///%programfiles%/Mozilla%20Firefox/browser/features/webcompat-reporter@mozilla.org.xpi!/","runInSafeMode":true,"signedDate":null,"telemetryKey":"webcompat-reporter%40mozilla.org:1.4.0","version":"1.4.0"},"webcompat@mozilla.org":{"dependencies":[],"enabled":true,"lastModifiedTime":1616068579000,"loader":null,"path":"webcompat@mozilla.org.xpi","rootURI":"jar:file:///%programfiles%/Mozilla%20Firefox/browser/features/webcompat@mozilla.org.xpi!/","runInSafeMode":true,"signedDate":null,"telemetryKey":"webcompat%40mozilla.org:20.1.0","version":"20.1.0","startupData":{"persistentListeners":{"webRequest":{"onBeforeRequest":[[{"incognito":null,"tabId":null,"types":["script"],"urls":["*://webcompat-addon-testbed.herokuapp.com/shims_test.js","*://example.com/browser/browser/extensions/webcompat/tests/browser/shims_test.js","*://example.com/browser/browser/extensions/webcompat/tests/browser/shims_test_2.js","*://example.com/browser/browser/extensions/webcompat/tests/browser/shims_test_3.js","*://static.adsafeprotected.com/vans-adapter-google-ima.js","*://pagead2.googlesyndication.com/pagead/js/adsbygoogle.js","*://auth.9c9media.ca/auth/main.js","*://libs.coremetrics.com/eluminate.js","*://connect.facebook.net/*/sdk.js*","*://connect.facebook.net/*/all.js*","*://www.google-analytics.com/analytics.js","*://www.google-analytics.com/plugins/ua/ec.js","*://www.google-analytics.com/gtm/js","*://ssl.google-analytics.com/ga.js","*://www.googletagservices.com/tag/js/gpt.js","*://securepubads.g.doubleclick.net/tag/js/gpt.js","*://securepubads.g.doubleclick.net/gpt/pubads_impl_*.js","*://s0.2mdn.net/instream/html5/ima3.js","*://id.rambler.ru/rambler-id-helper/auth_events.js","*://media.richrelevance.com/rrserver/js/1.2/p13n.js"],"windowId":null},["blocking"]]],"onBeforeSendHeaders":[[{"incognito":null,"tabId":null,"types":null,"urls":["*://webcompat-addon-testbed.herokuapp.com/*"],"windowId":null},["blocking","requestHeaders"]],[{"incognito":null,"tabId":null,"types":null,"urls":["*://*.att.tv/*"],"windowId":null},["blocking","requestHeaders"]],[{"incognito":null,"tabId":null,"types":null,"urls":["*://steamcommunity.com/chat*"],"windowId":null},["blocking","requestHeaders"]],[{"incognito":null,"tabId":null,"types":null,"urls":["https://watch.sling.com/*","https://www.sling.com/*"],"windowId":null},["blocking","requestHeaders"]],[{"incognito":null,"tabId":null,"types":null,"urls":["https://www.mobilesuica.com/*"],"windowId":null},["blocking","requestHeaders"]],[{"incognito":null,"tabId":null,"types":null,"urls":["*://*.bancosantander.es/*","*://*.gruposantander.es/*","*://*.santander.co.uk/*","*://bob.santanderbank.com/*","*://rolb.santanderbank.com/*"],"windowId":null},["blocking","requestHeaders"]]],"onHeadersReceived":[[{"incognito":null,"tabId":null,"types":null,"urls":["https://ads-us.rd.linksynergy.com/as.php*"],"windowId":null},["blocking","responseHeaders"]]]}}}}},"staged":{},"path":"%programfiles%\\Mozilla Firefox\\browser\\features"},"app-builtin":{"addons":{"default-theme@mozilla.org":{"dependencies":[],"enabled":true,"loader":null,"rootURI":"resource://default-theme/","runInSafeMode":true,"signedDate":null,"telemetryKey":"default-theme%40mozilla.org:1.1","version":"1.1","type":"theme","startupData":{"lwtData":{"theme":{"id":"default-theme@mozilla.org","version":"1.1"},"darkTheme":{"accentcolor":"hsl(240, 5%, 5%)","icon_color":"rgb(249, 249, 250, 0.7)","ntp_background":"#2A2A2E","ntp_text":"rgb(249, 249, 250)","popup":"#4a4a4f","popup_border":"#27272b","popup_text":"rgb(249, 249, 250)","sidebar":"#38383D","sidebar_border":"rgba(255, 255, 255, 0.1)","sidebar_text":"rgb(249, 249, 250)","textcolor":"rgb(249, 249, 250)","tab_line":"#0a84ff","toolbarColor":"hsl(240, 1%, 20%)","toolbar_bottom_separator":"hsl(240, 5%, 5%)","toolbar_field":"rgb(71, 71, 73)","toolbar_field_border":"rgba(249, 249, 250, 0.2)","toolbar_field_separator":"#5F6670","toolbar_field_text":"rgb(249, 249, 250)","id":"default-theme@mozilla.org","version":"1.1"}},"lwtStyles":{"id":"default-theme@mozilla.org","version":"1.1"},"lwtDarkStyles":{"accentcolor":"hsl(240, 5%, 5%)","icon_color":"rgb(249, 249, 250, 0.7)","ntp_background":"#2A2A2E","ntp_text":"rgb(249, 249, 250)","popup":"#4a4a4f","popup_border":"#27272b","popup_text":"rgb(249, 249, 250)","sidebar":"#38383D","sidebar_border":"rgba(255, 255, 255, 0.1)","sidebar_text":"rgb(249, 249, 250)","textcolor":"rgb(249, 249, 250)","tab_line":"#0a84ff","toolbarColor":"hsl(240, 1%, 20%)","toolbar_bottom_separator":"hsl(240, 5%, 5%)","toolbar_field":"rgb(71, 71, 73)","toolbar_field_border":"rgba(249, 249, 250, 0.2)","toolbar_field_separator":"#5F6670","toolbar_field_text":"rgb(249, 249, 250)","id":"default-theme@mozilla.org","version":"1.1"}}},"firefox-compact-light@mozilla.org":{"dependencies":[],"enabled":false,"loader":null,"rootURI":"resource://builtin-themes/light/","runInSafeMode":true,"signedDate":null,"telemetryKey":"firefox-compact-light%40mozilla.org:1.1","version":"1.1","type":"theme"},"firefox-compact-dark@mozilla.org":{"dependencies":[],"enabled":false,"loader":null,"rootURI":"resource://builtin-themes/dark/","runInSafeMode":true,"signedDate":null,"telemetryKey":"firefox-compact-dark%40mozilla.org:1.1","version":"1.1","type":"theme"},"firefox-alpenglow@mozilla.org":{"dependencies":[],"enabled":false,"loader":null,"rootURI":"resource://builtin-themes/alpenglow/","runInSafeMode":true,"signedDate":null,"telemetryKey":"firefox-alpenglow%40mozilla.org:1.2","version":"1.2","type":"theme"},"google@search.mozilla.org":{"dependencies":[],"enabled":true,"loader":null,"rootURI":"resource://search-extensions/google/","runInSafeMode":true,"signedDate":null,"telemetryKey":"google%40search.mozilla.org:1.1","version":"1.1"},"amazondotcom@search.mozilla.org":{"dependencies":[],"enabled":true,"loader":null,"rootURI":"resource://search-extensions/amazondotcom/","runInSafeMode":true,"signedDate":null,"telemetryKey":"amazondotcom%40search.mozilla.org:1.3","version":"1.3"},"wikipedia@search.mozilla.org":{"dependencies":[],"enabled":true,"loader":null,"rootURI":"resource://search-extensions/wikipedia/","runInSafeMode":true,"signedDate":null,"telemetryKey":"wikipedia%40search.mozilla.org:1.1","version":"1.1"},"bing@search.mozilla.org":{"dependencies":[],"enabled":true,"loader":null,"rootURI":"resource://search-extensions/bing/","runInSafeMode":true,"signedDate":null,"telemetryKey":"bing%40search.mozilla.org:1.3","version":"1.3"},"ddg@search.mozilla.org":{"dependencies":[],"enabled":true,"loader":null,"rootURI":"resource://search-extensions/ddg/","runInSafeMode":true,"signedDate":null,"telemetryKey":"ddg%40search.mozilla.org:1.1","version":"1.1"}},"staged":{}}}
