{"schemaVersion":32,"addons":[{"id":"doh-rollout@mozilla.org","syncGUID":"{5dbd2ad1-eef9-4103-bceb-37a8a36554d0}","version":"1.3.0","type":"extension","loader":null,"updateURL":null,"optionsURL":null,"optionsType":null,"optionsBrowserStyle":true,"aboutURL":null,"defaultLocale":{"name":"DoH Roll-Out","description":"Mozilla add-on that supports the roll-out of DoH","creator":null,"developers":null,"translators":null,"contributors":null},"visible":true,"active":true,"userDisabled":false,"appDisabled":false,"embedderDisabled":false,"installDate":1595956568758,"updateDate":1595956568758,"applyBackgroundUpdates":1,"path":"%programfiles%\\Mozilla Firefox\\browser\\features\\doh-rollout@mozilla.org.xpi","skinnable":false,"sourceURI":null,"releaseNotesURI":null,"softDisabled":false,"foreignInstall":false,"strictCompatibility":true,"locales":[],"targetApplications":[{"id":"toolkit@mozilla.org","minVersion":"72.0a1","maxVersion":null}],"targetPlatforms":[],"signedDate":null,"seen":true,"dependencies":[],"incognito":"spanning","userPermissions":{"permissions":["captivePortal","dns","storage"],"origins":[]},"optionalPermissions":{"permissions":[],"origins":[]},"icons":{},"iconURL":null,"blocklistState":0,"blocklistURL":null,"startupData":null,"hidden":true,"installTelemetryInfo":null,"recommendationState":null,"rootURI":"jar:file:///%programfiles%/Mozilla%20Firefox/browser/features/doh-rollout@mozilla.org.xpi!/","location":"app-system-defaults"},{"id":"formautofill@mozilla.org","syncGUID":"{f746f8da-75d9-444d-925d-813513d71bf6}","version":"1.0","type":"extension","loader":null,"updateURL":null,"optionsURL":null,"optionsType":null,"optionsBrowserStyle":true,"aboutURL":null,"defaultLocale":{"name":"Form Autofill","creator":null,"developers":null,"translators":null,"contributors":null},"visible":true,"active":true,"userDisabled":false,"appDisabled":false,"embedderDisabled":false,"installDate":1595956568756,"updateDate":1595956568756,"applyBackgroundUpdates":1,"path":"%programfiles%\\Mozilla Firefox\\browser\\features\\formautofill@mozilla.org.xpi","skinnable":false,"sourceURI":null,"releaseNotesURI":null,"softDisabled":false,"foreignInstall":false,"strictCompatibility":true,"locales":[],"targetApplications":[{"id":"toolkit@mozilla.org","minVersion":null,"maxVersion":null}],"targetPlatforms":[],"signedDate":null,"seen":true,"dependencies":[],"incognito":"spanning","userPermissions":{"permissions":[],"origins":[]},"optionalPermissions":{"permissions":[],"origins":[]},"icons":{},"iconURL":null,"blocklistState":0,"blocklistURL":null,"startupData":null,"hidden":true,"installTelemetryInfo":null,"recommendationState":null,"rootURI":"jar:file:///%programfiles%/Mozilla%20Firefox/browser/features/formautofill@mozilla.org.xpi!/","location":"app-system-defaults"},{"id":"screenshots@mozilla.org","syncGUID":"{9cc6c324-46cd-43ac-9fef-ca3dc006a1c8}","version":"39.0.0","type":"extension","loader":null,"updateURL":null,"optionsURL":null,"optionsType":null,"optionsBrowserStyle":true,"aboutURL":null,"defaultLocale":{"name":"Firefox Screenshots","description":"Take clips and screenshots from the Web and save them temporarily or permanently.","creator":"Mozilla <screenshots-feedback@mozilla.com>","homepageURL":"https://github.com/mozilla-services/screenshots","developers":null,"translators":null,"contributors":null},"visible":true,"active":true,"userDisabled":false,"appDisabled":false,"embedderDisabled":false,"installDate":1595956568748,"updateDate":1595956568748,"applyBackgroundUpdates":1,"path":"%programfiles%\\Mozilla Firefox\\browser\\features\\screenshots@mozilla.org.xpi","skinnable":false,"sourceURI":null,"releaseNotesURI":null,"softDisabled":false,"foreignInstall":false,"strictCompatibility":true,"locales":[],"targetApplications":[{"id":"toolkit@mozilla.org","minVersion":"57.0a1","maxVersion":null}],"targetPlatforms":[],"signedDate":null,"seen":true,"dependencies":[],"incognito":"spanning","userPermissions":{"permissions":["activeTab","downloads","tabs","storage","notifications","clipboardWrite","contextMenus"],"origins":["<all_urls>","https://screenshots.firefox.com/","https://screenshots.firefox.com/*"]},"optionalPermissions":{"permissions":[],"origins":[]},"icons":{"32":"icons/icon-v2.svg"},"iconURL":null,"blocklistState":0,"blocklistURL":null,"startupData":null,"hidden":true,"installTelemetryInfo":null,"recommendationState":null,"rootURI":"jar:file:///%programfiles%/Mozilla%20Firefox/browser/features/screenshots@mozilla.org.xpi!/","location":"app-system-defaults"},{"id":"webcompat-reporter@mozilla.org","syncGUID":"{99944ea5-837d-4e43-8a7e-ba466fd90b92}","version":"1.3.0","type":"extension","loader":null,"updateURL":null,"optionsURL":null,"optionsType":null,"optionsBrowserStyle":true,"aboutURL":null,"defaultLocale":{"name":"WebCompat Reporter","description":"Report site compatibility issues on webcompat.com","creator":"Thomas Wisniewski <twisniewski@mozilla.com>","homepageURL":"https://github.com/mozilla/webcompat-reporter","developers":null,"translators":null,"contributors":null},"visible":true,"active":false,"userDisabled":true,"appDisabled":false,"embedderDisabled":false,"installDate":1593617420965,"updateDate":1593617420965,"applyBackgroundUpdates":1,"path":"%programfiles%\\Mozilla Firefox\\browser\\features\\webcompat-reporter@mozilla.org.xpi","skinnable":false,"sourceURI":null,"releaseNotesURI":null,"softDisabled":false,"foreignInstall":false,"strictCompatibility":true,"locales":[],"targetApplications":[{"id":"toolkit@mozilla.org","minVersion":null,"maxVersion":null}],"targetPlatforms":[],"signedDate":null,"seen":true,"dependencies":[],"incognito":"spanning","userPermissions":{"permissions":["tabs"],"origins":["<all_urls>"]},"optionalPermissions":{"permissions":[],"origins":[]},"icons":{"16":"icons/lightbulb.svg","32":"icons/lightbulb.svg","48":"icons/lightbulb.svg","96":"icons/lightbulb.svg","128":"icons/lightbulb.svg"},"iconURL":null,"blocklistState":0,"blocklistURL":null,"startupData":null,"hidden":true,"installTelemetryInfo":null,"recommendationState":null,"rootURI":"jar:file:///%programfiles%/Mozilla%20Firefox/browser/features/webcompat-reporter@mozilla.org.xpi!/","location":"app-system-defaults"},{"id":"webcompat@mozilla.org","syncGUID":"{23b1a759-5ac8-4a72-a238-10a06bb333f8}","version":"12.0.0","type":"extension","loader":null,"updateURL":null,"optionsURL":null,"optionsType":null,"optionsBrowserStyle":true,"aboutURL":null,"defaultLocale":{"name":"Web Compat","description":"Urgent post-release fixes for web compatibility.","creator":null,"developers":null,"translators":null,"contributors":null},"visible":true,"active":true,"userDisabled":false,"appDisabled":false,"embedderDisabled":false,"installDate":1595956568748,"updateDate":1595956568748,"applyBackgroundUpdates":1,"path":"%programfiles%\\Mozilla Firefox\\browser\\features\\webcompat@mozilla.org.xpi","skinnable":false,"sourceURI":null,"releaseNotesURI":null,"softDisabled":false,"foreignInstall":false,"strictCompatibility":true,"locales":[],"targetApplications":[{"id":"toolkit@mozilla.org","minVersion":"59.0b5","maxVersion":null}],"targetPlatforms":[],"signedDate":null,"seen":true,"dependencies":[],"incognito":"spanning","userPermissions":{"permissions":["webRequest","webRequestBlocking"],"origins":["<all_urls>"]},"optionalPermissions":{"permissions":[],"origins":[]},"icons":{},"iconURL":null,"blocklistState":0,"blocklistURL":null,"startupData":null,"hidden":true,"installTelemetryInfo":null,"recommendationState":null,"rootURI":"jar:file:///%programfiles%/Mozilla%20Firefox/browser/features/webcompat@mozilla.org.xpi!/","location":"app-system-defaults"},{"id":"default-theme@mozilla.org","syncGUID":"{d66341f6-ddba-4fc9-b658-2f3a3ef545f6}","version":"1.0","type":"theme","loader":null,"updateURL":null,"optionsURL":null,"optionsType":null,"optionsBrowserStyle":true,"aboutURL":null,"defaultLocale":{"name":"Default","description":"A theme with the operating system color scheme.","creator":"Mozilla","developers":null,"translators":null,"contributors":null},"visible":true,"active":true,"userDisabled":false,"appDisabled":false,"embedderDisabled":false,"installDate":1596303899001,"applyBackgroundUpdates":1,"path":null,"skinnable":false,"sourceURI":null,"releaseNotesURI":null,"softDisabled":false,"foreignInstall":false,"strictCompatibility":true,"locales":[],"targetApplications":[{"id":"toolkit@mozilla.org","minVersion":null,"maxVersion":null}],"targetPlatforms":[],"signedDate":null,"seen":true,"dependencies":[],"userPermissions":null,"optionalPermissions":null,"icons":{"32":"icon.svg"},"iconURL":null,"blocklistState":0,"blocklistURL":null,"startupData":null,"hidden":false,"installTelemetryInfo":null,"recommendationState":null,"rootURI":"resource://gre/modules/themes/default/","location":"app-builtin"},{"id":"firefox-compact-light@mozilla.org","syncGUID":"{9cf9ebea-47b4-4d91-b7f6-259ec8b71cbd}","version":"1.0","type":"theme","loader":null,"updateURL":null,"optionsURL":null,"optionsType":null,"optionsBrowserStyle":true,"aboutURL":null,"defaultLocale":{"name":"Light","description":"A theme with a light color scheme.","creator":"Mozilla","developers":null,"translators":null,"contributors":null},"visible":true,"active":false,"userDisabled":true,"appDisabled":false,"embedderDisabled":false,"installDate":1596303899018,"applyBackgroundUpdates":1,"path":null,"skinnable":false,"sourceURI":null,"releaseNotesURI":null,"softDisabled":false,"foreignInstall":false,"strictCompatibility":true,"locales":[],"targetApplications":[{"id":"toolkit@mozilla.org","minVersion":null,"maxVersion":null}],"targetPlatforms":[],"signedDate":null,"seen":true,"dependencies":[],"userPermissions":null,"optionalPermissions":null,"icons":{"32":"icon.svg"},"iconURL":null,"blocklistState":0,"blocklistURL":null,"startupData":null,"hidden":false,"installTelemetryInfo":null,"recommendationState":null,"rootURI":"resource:///modules/themes/light/","location":"app-builtin"},{"id":"firefox-compact-dark@mozilla.org","syncGUID":"{021d9d85-dd05-4c31-8201-292a6c980ff7}","version":"1.0","type":"theme","loader":null,"updateURL":null,"optionsURL":null,"optionsType":null,"optionsBrowserStyle":true,"aboutURL":null,"defaultLocale":{"name":"Dark","description":"A theme with a dark color scheme.","creator":"Mozilla","developers":null,"translators":null,"contributors":null},"visible":true,"active":false,"userDisabled":true,"appDisabled":false,"embedderDisabled":false,"installDate":1596303899018,"applyBackgroundUpdates":1,"path":null,"skinnable":false,"sourceURI":null,"releaseNotesURI":null,"softDisabled":false,"foreignInstall":false,"strictCompatibility":true,"locales":[],"targetApplications":[{"id":"toolkit@mozilla.org","minVersion":null,"maxVersion":null}],"targetPlatforms":[],"signedDate":null,"seen":true,"dependencies":[],"userPermissions":null,"optionalPermissions":null,"icons":{"32":"icon.svg"},"iconURL":null,"blocklistState":0,"blocklistURL":null,"startupData":null,"hidden":false,"installTelemetryInfo":null,"recommendationState":null,"rootURI":"resource:///modules/themes/dark/","location":"app-builtin"},{"id":"google@search.mozilla.org","syncGUID":"{51481042-0eb9-4e0d-a1f1-0c57a695c53d}","version":"1.0","type":"extension","loader":null,"updateURL":null,"optionsURL":null,"optionsType":null,"optionsBrowserStyle":true,"aboutURL":null,"defaultLocale":{"name":"Google","description":"Google Search","creator":null,"developers":null,"translators":null,"contributors":null},"visible":true,"active":true,"userDisabled":false,"appDisabled":false,"embedderDisabled":false,"installDate":1596303899951,"applyBackgroundUpdates":1,"path":null,"skinnable":false,"sourceURI":null,"releaseNotesURI":null,"softDisabled":false,"foreignInstall":false,"strictCompatibility":true,"locales":[{"name":"Google","description":"Google Search","creator":null,"developers":null,"translators":null,"contributors":null,"locales":["en"]},{"name":"Google","description":"Google Search","creator":null,"developers":null,"translators":null,"contributors":null,"locales":["b-1-d"]},{"name":"Google","description":"Google Search","creator":null,"developers":null,"translators":null,"contributors":null,"locales":["b-1-e"]},{"name":"Google","description":"Google Search","creator":null,"developers":null,"translators":null,"contributors":null,"locales":["b-d"]},{"name":"Google","description":"Google Search","creator":null,"developers":null,"translators":null,"contributors":null,"locales":["b-e"]}],"targetApplications":[{"id":"toolkit@mozilla.org","minVersion":null,"maxVersion":null}],"targetPlatforms":[],"signedDate":null,"seen":true,"dependencies":[],"incognito":"spanning","userPermissions":{"permissions":[],"origins":[]},"optionalPermissions":{"permissions":[],"origins":[]},"icons":{"16":"favicon.ico"},"iconURL":null,"blocklistState":0,"blocklistURL":null,"startupData":null,"hidden":true,"installTelemetryInfo":null,"recommendationState":null,"rootURI":"resource://search-extensions/google/","location":"app-builtin"},{"id":"amazondotcom@search.mozilla.org","syncGUID":"{2f1794a2-044b-4ebd-8e0d-220156605fe2}","version":"1.1","type":"extension","loader":null,"updateURL":null,"optionsURL":null,"optionsType":null,"optionsBrowserStyle":true,"aboutURL":null,"defaultLocale":{"name":"Amazon.com","description":"Amazon.com Search","creator":null,"developers":null,"translators":null,"contributors":null},"visible":true,"active":true,"userDisabled":false,"appDisabled":false,"embedderDisabled":false,"installDate":1596303900000,"applyBackgroundUpdates":1,"path":null,"skinnable":false,"sourceURI":null,"releaseNotesURI":null,"softDisabled":false,"foreignInstall":false,"strictCompatibility":true,"locales":[{"name":"Amazon.com","description":"Amazon.com Search","creator":null,"developers":null,"translators":null,"contributors":null,"locales":["en"]}],"targetApplications":[{"id":"toolkit@mozilla.org","minVersion":null,"maxVersion":null}],"targetPlatforms":[],"signedDate":null,"seen":true,"dependencies":[],"incognito":"spanning","userPermissions":{"permissions":[],"origins":[]},"optionalPermissions":{"permissions":[],"origins":[]},"icons":{"16":"favicon.ico"},"iconURL":null,"blocklistState":0,"blocklistURL":null,"startupData":null,"hidden":true,"installTelemetryInfo":null,"recommendationState":null,"rootURI":"resource://search-extensions/amazondotcom/","location":"app-builtin"},{"id":"wikipedia@search.mozilla.org","syncGUID":"{ee7ff3b9-218c-4f4c-9063-f55e2ccc80cb}","version":"1.0","type":"extension","loader":null,"updateURL":null,"optionsURL":null,"optionsType":null,"optionsBrowserStyle":true,"aboutURL":null,"defaultLocale":{"name":"Wikipedia (en)","description":"Wikipedia, the Free Encyclopedia","creator":null,"developers":null,"translators":null,"contributors":null},"visible":true,"active":true,"userDisabled":false,"appDisabled":false,"embedderDisabled":false,"installDate":1596303900057,"applyBackgroundUpdates":1,"path":null,"skinnable":false,"sourceURI":null,"releaseNotesURI":null,"softDisabled":false,"foreignInstall":false,"strictCompatibility":true,"locales":[{"name":"Wikipedia (en)","description":"Wikipedia, the Free Encyclopedia","creator":null,"developers":null,"translators":null,"contributors":null,"locales":["en"]},{"name":"Wikipedija (hr)","description":"Wikipedija, slobodna enciklopedija","creator":null,"developers":null,"translators":null,"contributors":null,"locales":["hr"]},{"name":"Wikipedia (fi)","description":"Wikipedia (fi), vapaa tietosanakirja","creator":null,"developers":null,"translators":null,"contributors":null,"locales":["fi"]},{"name":"Wikipedia (hy)","description":"Վիքիփեդիա՝ ազատ հանրագիտարան","creator":null,"developers":null,"translators":null,"contributors":null,"locales":["hy"]},{"name":"Уикипедия (kk)","description":"Уикипедия (kk)","creator":null,"developers":null,"translators":null,"contributors":null,"locales":["kk"]},{"name":"Вікіпедыя (be)","description":"Вікіпедыя, свабодная энцыклапедыя","creator":null,"developers":null,"translators":null,"contributors":null,"locales":["be"]},{"name":"위키백과 (ko)","description":"Wikipedia, the free encyclopedia","creator":null,"developers":null,"translators":null,"contributors":null,"locales":["kr"]},{"name":"Wikipedia (ro)","description":"Wikipedia, enciclopedia liberă","creator":null,"developers":null,"translators":null,"contributors":null,"locales":["ro"]},{"name":"Wikipedia (bs)","description":"Slobodna enciklopedija","creator":null,"developers":null,"translators":null,"contributors":null,"locales":["bs"]},{"name":"Wikipedia (pt)","description":"Wikipédia, a enciclopédia livre","creator":null,"developers":null,"translators":null,"contributors":null,"locales":["pt"]},{"name":"Vikipetã (gn)","description":"Vikipetã, opaite tembikuaa hekosãsóva renda","creator":null,"developers":null,"translators":null,"contributors":null,"locales":["gn"]},{"name":"વિકિપીડિયા (gu)","description":"વીકીપીડિયા, મુક્ત એનસાયક્લોપીડિયા","creator":null,"developers":null,"translators":null,"contributors":null,"locales":["gu"]},{"name":"Wikipedia (el)","description":"Βικιπαίδεια, η ελεύθερη εγκυκλοπαίδεια","creator":null,"developers":null,"translators":null,"contributors":null,"locales":["el"]},{"name":"Wikipedia (es)","description":"Wikipedia, la enciclopedia libre","creator":null,"developers":null,"translators":null,"contributors":null,"locales":["es"]},{"name":"ויקיפדיה","description":"ויקיפדיה","creator":null,"developers":null,"translators":null,"contributors":null,"locales":["he"]},{"name":"Wikipedia (da)","description":"Wikipedia, den frie encyklopædi","creator":null,"developers":null,"translators":null,"contributors":null,"locales":["da"]},{"name":"Wikipedia (tr)","description":"Vikipedi, özgür ansiklopedi","creator":null,"developers":null,"translators":null,"contributors":null,"locales":["tr"]},{"name":"Wikipedija (hsb)","description":"Wikipedija, swobodna encyklopedija","creator":null,"developers":null,"translators":null,"contributors":null,"locales":["hsb"]},{"name":"Wikipedy (fy)","description":"De fergese ensyklopedy","creator":null,"developers":null,"translators":null,"contributors":null,"locales":["fy-NL"]},{"name":"विकिपीडिया (ne)","description":"विकिपिडिया एक स्वतन्त्र विश्वकोष","creator":null,"developers":null,"translators":null,"contributors":null,"locales":["ne"]},{"name":"Wikipedia (nl)","description":"De vrije encyclopedie","creator":null,"developers":null,"translators":null,"contributors":null,"locales":["nl"]},{"name":"Wikipedia (ja)","description":"Wikipedia - フリー百科事典","creator":null,"developers":null,"translators":null,"contributors":null,"locales":["ja"]},{"name":"Vikipeedia (et)","description":"Vikipeedia, vaba entsüklopeedia","creator":null,"developers":null,"translators":null,"contributors":null,"locales":["et"]},{"name":"Wikipèdia (oc)","description":"Wikipèdia, l'enciclopèdia liura","creator":null,"developers":null,"translators":null,"contributors":null,"locales":["oc"]},{"name":"Wicipedia (cy)","description":"Wicipedia, Y Gwyddioniadur Rhydd","creator":null,"developers":null,"translators":null,"contributors":null,"locales":["cy"]},{"name":"వికీపీడియా (te)","description":"వికీపీడియా (te)","creator":null,"developers":null,"translators":null,"contributors":null,"locales":["te"]},{"name":"Wikipédia (fr)","description":"Wikipédia, l'encyclopédie libre","creator":null,"developers":null,"translators":null,"contributors":null,"locales":["fr"]},{"name":"Wikipedia (tl)","description":"Wikipedia, ang malayang ensiklopedya","creator":null,"developers":null,"translators":null,"contributors":null,"locales":["tl"]},{"name":"维基百科","description":"维基百科，自由的百科全书","creator":null,"developers":null,"translators":null,"contributors":null,"locales":["zh-CN"]},{"name":"Wikipedia (lij)","description":"Wikipedia, l'enciclopedia libera","creator":null,"developers":null,"translators":null,"contributors":null,"locales":["lij"]},{"name":"វីគីភីឌា (km)","description":"វីគីភីឌា សព្វ​វចនា​ធិប្បាយ​សេរី","creator":null,"developers":null,"translators":null,"contributors":null,"locales":["km"]},{"name":"Уикипедия (bg)","description":"Уикипедия, свободната енциклоподия","creator":null,"developers":null,"translators":null,"contributors":null,"locales":["bg"]},{"name":"Wikipedia (id)","description":"Wikipedia, ensiklopedia bebas","creator":null,"developers":null,"translators":null,"contributors":null,"locales":["id"]},{"name":"Wikipedia (pa)","description":"ਵਿਕਿਪੀਡਿਆ, ਮੁਫ਼ਤ/ਮੁਕਤ ਸ਼ਬਦਕੋਸ਼","creator":null,"developers":null,"translators":null,"contributors":null,"locales":["pa"]},{"name":"উইকিপিডিয়া (bn)","description":"উইকিপিডিয়া, মুক্ত বিশ্বকোষ","creator":null,"developers":null,"translators":null,"contributors":null,"locales":["bn"]},{"name":"Wikipedia (eu)","description":"Wikipedia, entziklopedia askea","creator":null,"developers":null,"translators":null,"contributors":null,"locales":["eu"]},{"name":"Wikipedie (cs)","description":"Wikipedia, svobodná encyclopedie","creator":null,"developers":null,"translators":null,"contributors":null,"locales":["cz"]},{"name":"Wikipédia (hu)","description":"Wikipedia, a szabad enciklopédia","creator":null,"developers":null,"translators":null,"contributors":null,"locales":["hu"]},{"name":"Wikipedia (is)","description":"Wikipedia, the free encyclopedia","creator":null,"developers":null,"translators":null,"contributors":null,"locales":["is"]},{"name":"Wikipedia (kn)","description":"Wikipedia, the free encyclopedia","creator":null,"developers":null,"translators":null,"contributors":null,"locales":["kn"]},{"name":"Вікіпедія (uk)","description":"Вікіпедія, вільна енциклопедія","creator":null,"developers":null,"translators":null,"contributors":null,"locales":["uk"]},{"name":"Wikipedia (zh)","description":"維基百科，自由的百科全書","creator":null,"developers":null,"translators":null,"contributors":null,"locales":["zh-TW"]},{"name":"Wikipedia (kab)","description":"Wikipedia, tasanayt tilellit","creator":null,"developers":null,"translators":null,"contributors":null,"locales":["kab"]},{"name":"ویکیپیڈیا (ur)","description":"ویکیپیڈیا آزاد دائرۃ المعارف","creator":null,"developers":null,"translators":null,"contributors":null,"locales":["ur"]},{"name":"Vikipedio (eo)","description":"Vikipedio, la libera enciklopedio","creator":null,"developers":null,"translators":null,"contributors":null,"locales":["eo"]},{"name":"Wikipedia (si)","description":"Wikipedia, the free encyclopedia","creator":null,"developers":null,"translators":null,"contributors":null,"locales":["si"]},{"name":"Wikipedia (vi)","description":"Wikipedia, bách khoa toàn thư mở","creator":null,"developers":null,"translators":null,"contributors":null,"locales":["vi"]},{"name":"ويكيبيديا (ar)","description":"ويكيبيديا (ar)","creator":null,"developers":null,"translators":null,"contributors":null,"locales":["ar"]},{"name":"ვიკიპედია (ka)","description":"ვიკიპედია, თავისუფალი ენციკლოპედია","creator":null,"developers":null,"translators":null,"contributors":null,"locales":["ka"]},{"name":"Uicipeid (gd)","description":"Wikipedia, An leabhar mòr-eòlais","creator":null,"developers":null,"translators":null,"contributors":null,"locales":["gd"]},{"name":"Wikipedia (it)","description":"Wikipedia, l'enciclopedia libera","creator":null,"developers":null,"translators":null,"contributors":null,"locales":["it"]},{"name":"Vikipediya (uz)","description":"Vikipediya, ochiq ensiklopediya","creator":null,"developers":null,"translators":null,"contributors":null,"locales":["uz"]},{"name":"Wikipedia (lt)","description":"Vikipedija, laisvoji enciklopedija","creator":null,"developers":null,"translators":null,"contributors":null,"locales":["lt"]},{"name":"Wikipedia (sq)","description":"Wikipedia, enciklopedia e lirë","creator":null,"developers":null,"translators":null,"contributors":null,"locales":["sq"]},{"name":"Vicipéid (ga)","description":"Vicipéid, an Chiclipéid Shaor","creator":null,"developers":null,"translators":null,"contributors":null,"locales":["ga-IE"]},{"name":"विकिपीडिया (hi)","description":"विकिपीडिया (हिन्दी)","creator":null,"developers":null,"translators":null,"contributors":null,"locales":["hi"]},{"name":"Vikipedeja (ltg)","description":"Vikipēdija, breivuo eņciklopedeja","creator":null,"developers":null,"translators":null,"contributors":null,"locales":["ltg"]},{"name":"விக்கிப்பீடியா (ta)","description":"விக்கிப்பீடியா (ta)","creator":null,"developers":null,"translators":null,"contributors":null,"locales":["ta"]},{"name":"Vikipediya (az)","description":"Vikipediya, açıq ensiklopediya","creator":null,"developers":null,"translators":null,"contributors":null,"locales":["az"]},{"name":"Википедија (mk)","description":"Википедија, слободната енциклопедија","creator":null,"developers":null,"translators":null,"contributors":null,"locales":["mk"]},{"name":"วิกิพีเดีย","description":"วิกิพีเดีย สารานุกรมเสรี","creator":null,"developers":null,"translators":null,"contributors":null,"locales":["th"]},{"name":"Wikipedia (de)","description":"Wikipedia, die freie Enzyklopädie","creator":null,"developers":null,"translators":null,"contributors":null,"locales":["de"]},{"name":"Wikipedija (dsb)","description":"Wikipedija, lichotna encyklopedija","creator":null,"developers":null,"translators":null,"contributors":null,"locales":["dsb"]},{"name":"विकिपीडिया (mr)","description":"विकिपीडिया, मोफत माहितीकोष","creator":null,"developers":null,"translators":null,"contributors":null,"locales":["mr"]},{"name":"Wikipedia (ast)","description":"La enciclopedia llibre","creator":null,"developers":null,"translators":null,"contributors":null,"locales":["ast"]},{"name":"Wikipedia (my)","description":"အခမဲ့လွတ်လပ်စွယ်စုံကျမ်း","creator":null,"developers":null,"translators":null,"contributors":null,"locales":["my"]},{"name":"Wikipedia (rm)","description":"Vichipedia, l'enciclopedia libra","creator":null,"developers":null,"translators":null,"contributors":null,"locales":["rm"]},{"name":"Wikipedia (nn)","description":"Wikipedia, det frie oppslagsverket","creator":null,"developers":null,"translators":null,"contributors":null,"locales":["NN"]},{"name":"Wikipedia (gl)","description":"Wikipedia, a enciclopedia libre","creator":null,"developers":null,"translators":null,"contributors":null,"locales":["gl"]},{"name":"Wikipedia (wo)","description":"Wikipedia, Jimbulang bu Ubbeeku bi","creator":null,"developers":null,"translators":null,"contributors":null,"locales":["wo"]},{"name":"Viquipèdia (ca)","description":"L'enciclopèdia lliure","creator":null,"developers":null,"translators":null,"contributors":null,"locales":["ca"]},{"name":"Википедија (sr)","description":"Претрага Википедије на српском језику","creator":null,"developers":null,"translators":null,"contributors":null,"locales":["sr"]},{"name":"Wikipédia (sk)","description":"Wikipédia, slobodná a otvorená encyklopédia","creator":null,"developers":null,"translators":null,"contributors":null,"locales":["sk"]},{"name":"Wikipedia (af)","description":"Wikipedia, die vrye ensiklopedie","creator":null,"developers":null,"translators":null,"contributors":null,"locales":["af"]},{"name":"ویکی‌پدیا (fa)","description":"ویکی‌پدیا، دانشنامهٔ آزاد","creator":null,"developers":null,"translators":null,"contributors":null,"locales":["fa"]},{"name":"Wikipedia (ms)","description":"Wikipedia, ensiklopedia bebas","creator":null,"developers":null,"translators":null,"contributors":null,"locales":["ms"]},{"name":"Wikipedia (no)","description":"Wikipedia, den frie encyklopedi","creator":null,"developers":null,"translators":null,"contributors":null,"locales":["NO"]},{"name":"Wikipedia (ia)","description":"Wikipedia, le encyclopedia libere","creator":null,"developers":null,"translators":null,"contributors":null,"locales":["ia"]},{"name":"Википедия (ru)","description":"Википедия, свободная энциклопедия","creator":null,"developers":null,"translators":null,"contributors":null,"locales":["ru"]},{"name":"Wikipedia (br)","description":"Wikipedia, an holloueziadur digor","creator":null,"developers":null,"translators":null,"contributors":null,"locales":["br"]},{"name":"Wikipedia (pl)","description":"Wikipedia, wolna encyklopedia","creator":null,"developers":null,"translators":null,"contributors":null,"locales":["pl"]},{"name":"Вікіпэдыя (be-tarask)","description":"Вікіпэдыя, вольная энцыкляпэдыя","creator":null,"developers":null,"translators":null,"contributors":null,"locales":["be-tarask"]},{"name":"Wikipedia (sv)","description":"Wikipedia, den fria encyklopedin","creator":null,"developers":null,"translators":null,"contributors":null,"locales":["sv-SE"]},{"name":"Wikipedija (sl)","description":"Wikipedija, prosta enciklopedija","creator":null,"developers":null,"translators":null,"contributors":null,"locales":["sl"]},{"name":"ວິກິພີເດຍ (lo)","description":"ວິກິພີເດຍ, ສາລານຸກົມເສລີ","creator":null,"developers":null,"translators":null,"contributors":null,"locales":["lo"]},{"name":"Vikipēdija","description":"Vikipēdija, brīvā enciklopēdija","creator":null,"developers":null,"translators":null,"contributors":null,"locales":["lv"]},{"name":"Biquipedia (an)","description":"A enciclopedia Libre","creator":null,"developers":null,"translators":null,"contributors":null,"locales":["an"]}],"targetApplications":[{"id":"toolkit@mozilla.org","minVersion":null,"maxVersion":null}],"targetPlatforms":[],"signedDate":null,"seen":true,"dependencies":[],"incognito":"spanning","userPermissions":{"permissions":[],"origins":[]},"optionalPermissions":{"permissions":[],"origins":[]},"icons":{"16":"favicon.ico"},"iconURL":null,"blocklistState":0,"blocklistURL":null,"startupData":null,"hidden":true,"installTelemetryInfo":null,"recommendationState":null,"rootURI":"resource://search-extensions/wikipedia/","location":"app-builtin"},{"id":"bing@search.mozilla.org","syncGUID":"{b7c31b87-0b67-41f9-b8b9-290072060c0a}","version":"1.1","type":"extension","loader":null,"updateURL":null,"optionsURL":null,"optionsType":null,"optionsBrowserStyle":true,"aboutURL":null,"defaultLocale":{"name":"Bing","description":"Bing. Search by Microsoft.","creator":null,"developers":null,"translators":null,"contributors":null},"visible":true,"active":true,"userDisabled":false,"appDisabled":false,"embedderDisabled":false,"installDate":1596303900089,"applyBackgroundUpdates":1,"path":null,"skinnable":false,"sourceURI":null,"releaseNotesURI":null,"softDisabled":false,"foreignInstall":false,"strictCompatibility":true,"locales":[],"targetApplications":[{"id":"toolkit@mozilla.org","minVersion":null,"maxVersion":null}],"targetPlatforms":[],"signedDate":null,"seen":true,"dependencies":[],"incognito":"spanning","userPermissions":{"permissions":[],"origins":[]},"optionalPermissions":{"permissions":[],"origins":[]},"icons":{"16":"favicon.ico"},"iconURL":null,"blocklistState":0,"blocklistURL":null,"startupData":null,"hidden":true,"installTelemetryInfo":null,"recommendationState":null,"rootURI":"resource://search-extensions/bing/","location":"app-builtin"},{"id":"ddg@search.mozilla.org","syncGUID":"{aac5743b-1ac3-49af-9a0f-7a1c9c83e3e0}","version":"1.0","type":"extension","loader":null,"updateURL":null,"optionsURL":null,"optionsType":null,"optionsBrowserStyle":true,"aboutURL":null,"defaultLocale":{"name":"DuckDuckGo","description":"Search DuckDuckGo","creator":null,"developers":null,"translators":null,"contributors":null},"visible":true,"active":true,"userDisabled":false,"appDisabled":false,"embedderDisabled":false,"installDate":1596303900106,"applyBackgroundUpdates":1,"path":null,"skinnable":false,"sourceURI":null,"releaseNotesURI":null,"softDisabled":false,"foreignInstall":false,"strictCompatibility":true,"locales":[],"targetApplications":[{"id":"toolkit@mozilla.org","minVersion":null,"maxVersion":null}],"targetPlatforms":[],"signedDate":null,"seen":true,"dependencies":[],"incognito":"spanning","userPermissions":{"permissions":[],"origins":[]},"optionalPermissions":{"permissions":[],"origins":[]},"icons":{"16":"favicon.ico"},"iconURL":null,"blocklistState":0,"blocklistURL":null,"startupData":null,"hidden":true,"installTelemetryInfo":null,"recommendationState":null,"rootURI":"resource://search-extensions/ddg/","location":"app-builtin"},{"id":"CanvasBlocker@kkapsner.de","syncGUID":"{4338e265-3e66-46fd-8af4-742d430c5b17}","version":"1.3","type":"extension","loader":null,"updateURL":null,"optionsURL":"options/options.html","optionsType":3,"optionsBrowserStyle":false,"aboutURL":null,"defaultLocale":{"name":"CanvasBlocker","description":"Alters some JS APIs to prevent fingerprinting.","creator":"Korbinian Kapsner","developers":null,"translators":null,"contributors":null},"visible":true,"active":true,"userDisabled":false,"appDisabled":false,"embedderDisabled":false,"installDate":1596304201184,"updateDate":1596304201184,"applyBackgroundUpdates":1,"path":"%appdata%\\Mozilla\\Firefox\\Profiles\\nfwby2o1.default-release\\extensions\\CanvasBlocker@kkapsner.de.xpi","skinnable":false,"sourceURI":"https://addons.mozilla.org/firefox/downloads/file/3586373/canvasblocker-1.3-an+fx.xpi?src=dp-btn-primary","releaseNotesURI":null,"softDisabled":false,"foreignInstall":false,"strictCompatibility":true,"locales":[{"name":"CanvasBlocker","description":"Alters some JS APIs to prevent fingerprinting.","creator":"Korbinian Kapsner","developers":null,"translators":null,"contributors":null,"locales":["en"]},{"name":"CanvasBlocker","description":"Truque les informations échangées entre votre ordinateur et les sites Internet pour empêcher le pistage par leurs intermédiaires","creator":"Korbinian Kapsner","developers":null,"translators":null,"contributors":null,"locales":["fr"]},{"name":"CanvasBlocker","description":"Altera alcune JS API per prevenire il fingerprinting.","creator":"Korbinian Kapsner","developers":null,"translators":null,"contributors":null,"locales":["it"]},{"name":"CanvasBlocker","description":"Verändert einige JS-APIs um Fingerprinting zu verhindern.","creator":"Korbinian Kapsner","developers":null,"translators":null,"contributors":null,"locales":["de"]},{"name":"CanvasBlocker","description":"Endrer noen JS APIer for å forhindre fingeravtrykk.","creator":"Korbinian Kapsner","developers":null,"translators":null,"contributors":null,"locales":["nb"]},{"name":"CanvasBlocker","description":"改变某些 JavaScript API 来阻止跟踪。","creator":"Korbinian Kapsner","developers":null,"translators":null,"contributors":null,"locales":["zh-CN"]},{"name":"CanvasBlocker","description":"Изменяет некоторые API JS для предотвращения снятия цифровых отпечатков.","creator":"Korbinian Kapsner","developers":null,"translators":null,"contributors":null,"locales":["ru"]},{"name":"CanvasBlocker","description":"Altera alguns APIs JS para impedir o fingerprinting.","creator":"Korbinian Kapsner","developers":null,"translators":null,"contributors":null,"locales":["pt-BR"]},{"name":"CanvasBlocker","description":"Altera algunas API de JS para evitar la huella digital.","creator":"Korbinian Kapsner","developers":null,"translators":null,"contributors":null,"locales":["es"]},{"name":"CanvasBlocker","description":"Alters some JS APIs to prevent fingerprinting.","creator":"Korbinian Kapsner","developers":null,"translators":null,"contributors":null,"locales":["pl"]}],"targetApplications":[{"id":"toolkit@mozilla.org","minVersion":"56.0","maxVersion":"*"}],"targetPlatforms":[],"signedState":2,"signedDate":1591523412000,"seen":true,"dependencies":[],"incognito":"spanning","userPermissions":{"permissions":["storage","tabs","webRequest","webRequestBlocking","contextualIdentities","cookies","privacy"],"origins":["<all_urls>"]},"optionalPermissions":{"permissions":[],"origins":[]},"icons":{"48":"icons/icon.svg","96":"icons/icon.svg"},"iconURL":null,"blocklistState":0,"blocklistURL":null,"startupData":null,"hidden":false,"installTelemetryInfo":{"source":"amo","sourceURL":"https://addons.mozilla.org/en-US/firefox/addon/canvasblocker/","method":"amWebAPI"},"recommendationState":null,"rootURI":"jar:file:///%appdata%/Mozilla/Firefox/Profiles/nfwby2o1.default-release/extensions/CanvasBlocker@kkapsner.de.xpi!/","location":"app-profile"},{"id":"{7fc8ef53-24ec-4205-87a4-1e745953bb0d}","syncGUID":"{e323541d-41a2-4eaf-aea5-fbbe62b0bac2}","version":"1.0.17","type":"extension","loader":null,"updateURL":null,"optionsURL":"popup.html","optionsType":5,"optionsBrowserStyle":true,"aboutURL":null,"defaultLocale":{"name":"CSS Exfil Protection","description":"Guard against CSS data exfiltration attacks.","creator":null,"homepageURL":"https://www.mike-gualtieri.com/css-exfil-vulnerability-tester","developers":null,"translators":null,"contributors":null},"visible":true,"active":true,"userDisabled":false,"appDisabled":false,"embedderDisabled":false,"installDate":1596304264687,"updateDate":1596304264687,"applyBackgroundUpdates":1,"path":"%appdata%\\Mozilla\\Firefox\\Profiles\\nfwby2o1.default-release\\extensions\\{7fc8ef53-24ec-4205-87a4-1e745953bb0d}.xpi","skinnable":false,"sourceURI":"https://addons.mozilla.org/firefox/downloads/file/3425076/css_exfil_protection-1.0.17-an+fx.xpi?src=dp-btn-primary","releaseNotesURI":null,"softDisabled":false,"foreignInstall":false,"strictCompatibility":true,"locales":[],"targetApplications":[{"id":"toolkit@mozilla.org","minVersion":"42.0","maxVersion":"*"}],"targetPlatforms":[],"signedState":2,"signedDate":1556300000000,"seen":true,"dependencies":[],"incognito":"spanning","userPermissions":{"permissions":["storage"],"origins":["http://*/","https://*/","<all_urls>"]},"optionalPermissions":{"permissions":[],"origins":[]},"icons":{"16":"icons/icon-16.png","32":"icons/icon-32.png","48":"icons/icon-48.png","64":"icons/icon-64.png","128":"icons/icon-128.png"},"iconURL":null,"blocklistState":0,"blocklistURL":null,"startupData":null,"hidden":false,"installTelemetryInfo":{"source":"amo","sourceURL":"https://addons.mozilla.org/en-US/firefox/addon/css-exfil-protection/","method":"amWebAPI"},"recommendationState":null,"rootURI":"jar:file:///%appdata%/Mozilla/Firefox/Profiles/nfwby2o1.default-release/extensions/%7B7fc8ef53-24ec-4205-87a4-1e745953bb0d%7D.xpi!/","location":"app-profile"},{"id":"etag-stoppa@cm.org","syncGUID":"{cfbba713-0426-4316-a35f-3a279b35359a}","version":"0.4","type":"extension","loader":null,"updateURL":null,"optionsURL":null,"optionsType":null,"optionsBrowserStyle":true,"aboutURL":null,"defaultLocale":{"name":"ETag Stoppa","description":"Prevents Firefox from storing entity tags by removing ETag response headers unconditionally and without exceptions.","creator":"claustromaniac","homepageURL":"https://github.com/claustromaniac/etag-stoppa","developers":null,"translators":null,"contributors":null},"visible":true,"active":true,"userDisabled":false,"appDisabled":false,"embedderDisabled":false,"installDate":1596304270787,"updateDate":1596304270787,"applyBackgroundUpdates":1,"path":"%appdata%\\Mozilla\\Firefox\\Profiles\\nfwby2o1.default-release\\extensions\\etag-stoppa@cm.org.xpi","skinnable":false,"sourceURI":"https://addons.mozilla.org/firefox/downloads/file/1191752/etag_stoppa-0.4-an+fx.xpi?src=dp-btn-primary","releaseNotesURI":null,"softDisabled":false,"foreignInstall":false,"strictCompatibility":true,"locales":[],"targetApplications":[{"id":"toolkit@mozilla.org","minVersion":"52.0","maxVersion":"*"}],"targetPlatforms":[],"signedState":2,"signedDate":1545768906000,"seen":true,"dependencies":[],"incognito":"spanning","userPermissions":{"permissions":["webRequest","webRequestBlocking"],"origins":["<all_urls>"]},"optionalPermissions":{"permissions":[],"origins":[]},"icons":{"32":"icons/etag32.png","64":"icons/etag64.png"},"iconURL":null,"blocklistState":0,"blocklistURL":null,"startupData":null,"hidden":false,"installTelemetryInfo":{"source":"amo","sourceURL":"https://addons.mozilla.org/en-US/firefox/addon/etag-stoppa/","method":"amWebAPI"},"recommendationState":null,"rootURI":"jar:file:///%appdata%/Mozilla/Firefox/Profiles/nfwby2o1.default-release/extensions/etag-stoppa@cm.org.xpi!/","location":"app-profile"},{"id":"httpz@cm.org","syncGUID":"{cd92938c-25ef-4ff0-8e6f-7b126d9ca03d}","version":"0.12.0","type":"extension","loader":null,"updateURL":null,"optionsURL":"pages/options.htm","optionsType":5,"optionsBrowserStyle":true,"aboutURL":null,"defaultLocale":{"name":"HTTPZ","description":"Zapping those inZecure connections into sublime submission since ~2018.","creator":"claustromaniac","homepageURL":"https://github.com/claustromaniac/httpz","developers":null,"translators":null,"contributors":null},"visible":true,"active":true,"userDisabled":false,"appDisabled":false,"embedderDisabled":false,"installDate":1596304279694,"updateDate":1596304279694,"applyBackgroundUpdates":1,"path":"%appdata%\\Mozilla\\Firefox\\Profiles\\nfwby2o1.default-release\\extensions\\httpz@cm.org.xpi","skinnable":false,"sourceURI":"https://addons.mozilla.org/firefox/downloads/file/3466437/httpz-0.12.0-an+fx.xpi?src=dp-btn-primary","releaseNotesURI":null,"softDisabled":false,"foreignInstall":false,"strictCompatibility":true,"locales":[],"targetApplications":[{"id":"toolkit@mozilla.org","minVersion":"56.0","maxVersion":"*"}],"targetPlatforms":[],"signedState":2,"signedDate":1576063224000,"seen":true,"dependencies":[],"incognito":"spanning","userPermissions":{"permissions":["idle","storage","tabs","webRequest","webRequestBlocking"],"origins":["<all_urls>","http://*/*","https://*/*"]},"optionalPermissions":{"permissions":["downloads"],"origins":[]},"icons":{"64":"assets/httpz.svg"},"iconURL":null,"blocklistState":0,"blocklistURL":null,"startupData":null,"hidden":false,"installTelemetryInfo":{"source":"amo","sourceURL":"https://addons.mozilla.org/en-US/firefox/addon/httpz/","method":"amWebAPI"},"recommendationState":null,"rootURI":"jar:file:///%appdata%/Mozilla/Firefox/Profiles/nfwby2o1.default-release/extensions/httpz@cm.org.xpi!/","location":"app-profile"},{"id":"{b86e4813-687a-43e6-ab65-0bde4ab75758}","syncGUID":"{e3c8bc54-897f-4110-a1e2-08583cb080e3}","version":"2.2.16","type":"extension","loader":null,"updateURL":null,"optionsURL":"pages/options/options.html","optionsType":5,"optionsBrowserStyle":true,"aboutURL":null,"defaultLocale":{"name":"LocalCDN","description":"Protects you against tracking through \"free\", centralized, content delivery.","creator":"nobody","developers":null,"translators":null,"contributors":null},"visible":true,"active":true,"userDisabled":false,"appDisabled":false,"embedderDisabled":false,"installDate":1596304288742,"updateDate":1596304288742,"applyBackgroundUpdates":1,"path":"%appdata%\\Mozilla\\Firefox\\Profiles\\nfwby2o1.default-release\\extensions\\{b86e4813-687a-43e6-ab65-0bde4ab75758}.xpi","skinnable":false,"sourceURI":"https://addons.mozilla.org/firefox/downloads/file/3615346/localcdn-2.2.16-an+fx.xpi?src=dp-btn-primary","releaseNotesURI":null,"softDisabled":false,"foreignInstall":false,"strictCompatibility":true,"locales":[{"name":"LocalCDN","description":"Protects you against tracking through \"free\", centralized, content delivery.","creator":"nobody","developers":null,"translators":null,"contributors":null,"locales":["en-US"]},{"name":"LocalCDN","description":"「無料」と称してあなたを追跡する大規模なCDNを迂回して、プライバシーを守ります。","creator":"nobody","developers":null,"translators":null,"contributors":null,"locales":["ja"]},{"name":"LocalCDN","description":"Kaitseb sind \"tasuta\", tsentraliseeritud sisu edastamisest tuleneva jälitamise vastu.","creator":"nobody","developers":null,"translators":null,"contributors":null,"locales":["et"]},{"name":"LocalCDN","description":"Protege contra monitorização através de entrega de conteúdo centralizado.","creator":"nobody","developers":null,"translators":null,"contributors":null,"locales":["pt-PT"]},{"name":"LocalCDN","description":"Para protektahan ka laban sa pagsubaybay sa pamamagitan ng \"libre\", sentralisadong, paghahatid ng nilalaman.","creator":"nobody","developers":null,"translators":null,"contributors":null,"locales":["tl"]},{"name":"LocalCDN","description":"Protège du pistage lié aux diffuseurs de contenus « gratuits », centralisés.","creator":"nobody","developers":null,"translators":null,"contributors":null,"locales":["fr"]},{"name":"LocalCDN","description":"Защитава ви от следене чрез свободна, централизирана доставка на съдържание.","creator":"nobody","developers":null,"translators":null,"contributors":null,"locales":["bg"]},{"name":"LocalCDN","description":"Melindungi Anda dari pelacakan distribusi konten \"gratis\" dan terpusat.","creator":"nobody","developers":null,"translators":null,"contributors":null,"locales":["id"]},{"name":"LocalCDN","description":"Chrání před sledováním skrze centrálně doručovaný obsah.","creator":"nobody","developers":null,"translators":null,"contributors":null,"locales":["cs"]},{"name":"LocalCDN","description":"Véd attól, hogy az „ingyenes”, centralizált tartalomszolgáltatók kövessenek.","creator":"nobody","developers":null,"translators":null,"contributors":null,"locales":["hu"]},{"name":"LocalCDN","description":"Verndar þig gegn eftirliti frá \"ókeypis\" miðlægum efnisveitum.","creator":"nobody","developers":null,"translators":null,"contributors":null,"locales":["is"]},{"name":"LocalCDN","description":"Skyddar dig mot att spåras av \"gratis\" centraliserad innehållsleverans.","creator":"nobody","developers":null,"translators":null,"contributors":null,"locales":["sv"]},{"name":"LocalCDN","description":"Decentraleyes protektas vin kontraŭ sekvado per senkostaj, centraj enhav-proviz-retoj.","creator":"nobody","developers":null,"translators":null,"contributors":null,"locales":["eo"]},{"name":"LocalCDN","description":"يحميك من التتبع المرتبط بالوصول للمحتوى \"مجاني\"، مركزية.","creator":"nobody","developers":null,"translators":null,"contributors":null,"locales":["ar"]},{"name":"LocalCDN","description":"\"무료\"라는 미끼로 당신을 추적하는 대규모 CDN을 사용하지 않음으로써 프라이버시를 지킵니다.","creator":"nobody","developers":null,"translators":null,"contributors":null,"locales":["ko"]},{"name":"LocalCDN","description":"Schützt vor Tracking durch „gratis“, zentralisiertes Abliefern von Content.","creator":"nobody","developers":null,"translators":null,"contributors":null,"locales":["de"]},{"name":"LocalCDN","description":"Protects you against tracking through \"free\", centralised, content delivery.","creator":"nobody","developers":null,"translators":null,"contributors":null,"locales":["en-GB"]},{"name":"LocalCDN","description":"Beskytter mot sporing gjennom \"gratis\", sentralisert innholdslevering (CDN).","creator":"nobody","developers":null,"translators":null,"contributors":null,"locales":["nb"]},{"name":"LocalCDN","description":"Protegge dal tracciamento tramite CDN centralizzati e «gratuiti».","creator":"nobody","developers":null,"translators":null,"contributors":null,"locales":["it"]},{"name":"LocalCDN","description":"Штити вас од праћења преко „бесплатних“, централизованих достава садржаја.","creator":"nobody","developers":null,"translators":null,"contributors":null,"locales":["sr"]},{"name":"LocalCDN","description":"Suojaa sinua \"ilmaisten\" keskitettyjen sisällön jakeluverkkojen jäljitykseltä.","creator":"nobody","developers":null,"translators":null,"contributors":null,"locales":["fi"]},{"name":"LocalCDN","description":"Защищает Вас от отслеживания через «бесплатные», централизованные CDN.","creator":"nobody","developers":null,"translators":null,"contributors":null,"locales":["ru"]},{"name":"LocalCDN","description":"Chroni przed śledzeniem przez ośrodki CDN.","creator":"nobody","developers":null,"translators":null,"contributors":null,"locales":["pl"]},{"name":"LocalCDN","description":"Protejează împotriva urmăririi prin livrare de conținut gratuit, centralizat.","creator":"nobody","developers":null,"translators":null,"contributors":null,"locales":["ro"]},{"name":"LocalCDN","description":"保护你免受“免费”，中心化内容分发的跟踪。","creator":"nobody","developers":null,"translators":null,"contributors":null,"locales":["zh-CN"]},{"name":"LocalCDN","description":"Schützt virun Tracking duerch \"gratis\" Content Delivery Networks.","creator":"nobody","developers":null,"translators":null,"contributors":null,"locales":["lb"]},{"name":"LocalCDN","description":"Προστατεύει από παρακολούθηση μέσω \"δωρεάν\" διανομής περιεχόμενου.","creator":"nobody","developers":null,"translators":null,"contributors":null,"locales":["el"]},{"name":"LocalCDN","description":"Protege contra el rastreo con la entrega centralizada y «gratuita» de contenido.","creator":"nobody","developers":null,"translators":null,"contributors":null,"locales":["es"]},{"name":"LocalCDN","description":"Lhe protege de rastreamento feito usando centrais de disponibilização de conteúdo \"gratuitas\".","creator":"nobody","developers":null,"translators":null,"contributors":null,"locales":["pt-BR"]},{"name":"LocalCDN","description":"保護您不受「免費」、中心化的內容傳遞網路（CDN）的追蹤。","creator":"nobody","developers":null,"translators":null,"contributors":null,"locales":["zh-TW"]},{"name":"LocalCDN","description":"Beskytter dig imod sporing af \"gratis\", centraliserede indholdsleverandører.","creator":"nobody","developers":null,"translators":null,"contributors":null,"locales":["da"]},{"name":"LocalCDN","description":"מגן עליך מפני מעקב המבוצע דרך רשתות אספקת תוכן ריכוזיות ו\"חינמיות\".","creator":"nobody","developers":null,"translators":null,"contributors":null,"locales":["he"]},{"name":"LocalCDN","description":"Sizi içerik dağıtımıyla yapılan merkezi ve \"ücretsiz\" takipten korur.","creator":"nobody","developers":null,"translators":null,"contributors":null,"locales":["tr"]},{"name":"LocalCDN","description":"Protects you against tracking through \"free\", centralized, content delivery.","creator":"nobody","developers":null,"translators":null,"contributors":null,"locales":["en-CA"]},{"name":"LocalCDN","description":"Beschermt tegen tracking via het \"gratis\", gecentraliseerd, verzorgen van content.","creator":"nobody","developers":null,"translators":null,"contributors":null,"locales":["nl"]}],"targetApplications":[{"id":"toolkit@mozilla.org","minVersion":"63.0","maxVersion":"*"}],"targetPlatforms":[],"signedState":2,"signedDate":1595873718000,"seen":true,"dependencies":[],"incognito":"spanning","userPermissions":{"permissions":["privacy","storage","unlimitedStorage","tabs","webNavigation","webRequest","webRequestBlocking"],"origins":["*://*/*"]},"optionalPermissions":{"permissions":[],"origins":[]},"icons":{"16":"icons/icon16.png","48":"icons/icon48.png","96":"icons/icon96.png","128":"icons/icon128.png"},"iconURL":null,"blocklistState":0,"blocklistURL":null,"startupData":null,"hidden":false,"installTelemetryInfo":{"source":"amo","sourceURL":"https://addons.mozilla.org/en-US/firefox/addon/localcdn-fork-of-decentraleyes/","method":"amWebAPI"},"recommendationState":null,"rootURI":"jar:file:///%appdata%/Mozilla/Firefox/Profiles/nfwby2o1.default-release/extensions/%7Bb86e4813-687a-43e6-ab65-0bde4ab75758%7D.xpi!/","location":"app-profile"},{"id":"neaturl@hugsmile.eu","syncGUID":"{56b18b74-ad5d-4b62-ab21-8e3b66a6b6bb}","version":"5.0.0","type":"extension","loader":null,"updateURL":null,"optionsURL":"options.html","optionsType":5,"optionsBrowserStyle":true,"aboutURL":null,"defaultLocale":{"name":"Neat URL","description":"Remove garbage from URLs.","creator":null,"homepageURL":"http://itsafeature.org","developers":null,"translators":null,"contributors":null},"visible":true,"active":true,"userDisabled":false,"appDisabled":false,"embedderDisabled":false,"installDate":1596304296761,"updateDate":1596304296761,"applyBackgroundUpdates":1,"path":"%appdata%\\Mozilla\\Firefox\\Profiles\\nfwby2o1.default-release\\extensions\\neaturl@hugsmile.eu.xpi","skinnable":false,"sourceURI":"https://addons.mozilla.org/firefox/downloads/file/3557562/neat_url-5.0.0-an+fx.xpi?src=dp-btn-primary","releaseNotesURI":null,"softDisabled":false,"foreignInstall":false,"strictCompatibility":true,"locales":[{"name":"Neat URL","description":"Remove garbage from URLs.","creator":null,"homepageURL":"http://itsafeature.org","developers":null,"translators":null,"contributors":null,"locales":["en"]},{"name":"Neat URL","description":"Видаляє сміття з URL-адрес.","creator":null,"homepageURL":"http://itsafeature.org","developers":null,"translators":null,"contributors":null,"locales":["uk"]},{"name":"Neat URL","description":"移除网址中的无用段。","creator":null,"homepageURL":"http://itsafeature.org","developers":null,"translators":null,"contributors":null,"locales":["zh-CN"]},{"name":"Neat URL","description":"Удаляет мусор из URL.","creator":null,"homepageURL":"http://itsafeature.org","developers":null,"translators":null,"contributors":null,"locales":["ru"]},{"name":"Neat URL","description":"Müll von URLs entfernen.","creator":null,"homepageURL":"http://itsafeature.org","developers":null,"translators":null,"contributors":null,"locales":["de"]},{"name":"Neat URL","description":"Verwijder rommel van URLs.","creator":null,"homepageURL":"http://itsafeature.org","developers":null,"translators":null,"contributors":null,"locales":["nl"]}],"targetApplications":[{"id":"toolkit@mozilla.org","minVersion":"48.0","maxVersion":"*"}],"targetPlatforms":[],"signedState":2,"signedDate":1587929709000,"seen":true,"dependencies":[],"incognito":"spanning","userPermissions":{"permissions":["storage","notifications","contextMenus","webRequest","webRequestBlocking","tabs"],"origins":["<all_urls>"]},"optionalPermissions":{"permissions":[],"origins":[]},"icons":{"48":"icons/dark/neaturl-48.png","96":"icons/dark/neaturl-96-state0.png"},"iconURL":null,"blocklistState":0,"blocklistURL":null,"startupData":null,"hidden":false,"installTelemetryInfo":{"source":"amo","sourceURL":"https://addons.mozilla.org/en-US/firefox/addon/neat-url/","method":"amWebAPI"},"recommendationState":null,"rootURI":"jar:file:///%appdata%/Mozilla/Firefox/Profiles/nfwby2o1.default-release/extensions/neaturl@hugsmile.eu.xpi!/","location":"app-profile"},{"id":"poop@cm.org","syncGUID":"{247e1055-7d51-4621-aa32-85cbb911751d}","version":"1.4.2","type":"extension","loader":null,"updateURL":null,"optionsURL":"pages/options.htm","optionsType":5,"optionsBrowserStyle":true,"aboutURL":null,"defaultLocale":{"name":"Privacy-Oriented Origin Policy","description":"Prevent Firefox from sending Origin headers when they are least likely to be necessary, to protect your privacy.","creator":"claustromaniac","homepageURL":"https://github.com/claustromaniac/poop","developers":null,"translators":null,"contributors":null},"visible":true,"active":true,"userDisabled":false,"appDisabled":false,"embedderDisabled":false,"installDate":1596304316560,"updateDate":1596304316560,"applyBackgroundUpdates":1,"path":"%appdata%\\Mozilla\\Firefox\\Profiles\\nfwby2o1.default-release\\extensions\\poop@cm.org.xpi","skinnable":false,"sourceURI":"https://addons.mozilla.org/firefox/downloads/file/1396562/privacy_oriented_origin_policy-1.4.2-an+fx.xpi?src=dp-btn-primary","releaseNotesURI":null,"softDisabled":false,"foreignInstall":false,"strictCompatibility":true,"locales":[],"targetApplications":[{"id":"toolkit@mozilla.org","minVersion":"57.0","maxVersion":"*"}],"targetPlatforms":[],"signedState":2,"signedDate":1548358807000,"seen":true,"dependencies":[],"incognito":"spanning","userPermissions":{"permissions":["storage","webRequest","webRequestBlocking"],"origins":["<all_urls>"]},"optionalPermissions":{"permissions":[],"origins":[]},"icons":{"64":"icons/poop.svg"},"iconURL":null,"blocklistState":0,"blocklistURL":null,"startupData":null,"hidden":false,"installTelemetryInfo":{"source":"amo","sourceURL":"https://addons.mozilla.org/en-US/firefox/addon/privacy-oriented-origin-policy/","method":"amWebAPI"},"recommendationState":null,"rootURI":"jar:file:///%appdata%/Mozilla/Firefox/Profiles/nfwby2o1.default-release/extensions/poop@cm.org.xpi!/","location":"app-profile"},{"id":"{569456be-2850-4f7e-b669-71e55140ee0a}","syncGUID":"{c896a114-6dc1-44fe-92c4-af657ff9f10d}","version":"2.1.0","type":"extension","loader":null,"updateURL":null,"optionsURL":null,"optionsType":null,"optionsBrowserStyle":true,"aboutURL":null,"defaultLocale":{"name":"Redirect AMP to HTML","description":"Automatically redirects AMP pages to their canonical HTML equivalent.","creator":"Daniel Aleksandersen","homepageURL":"https://www.daniel.priv.no/web-extensions/amp2html.html","developers":null,"translators":null,"contributors":null},"visible":true,"active":true,"userDisabled":false,"appDisabled":false,"embedderDisabled":false,"installDate":1596304603244,"updateDate":1596304603244,"applyBackgroundUpdates":1,"path":"%appdata%\\Mozilla\\Firefox\\Profiles\\nfwby2o1.default-release\\extensions\\{569456be-2850-4f7e-b669-71e55140ee0a}.xpi","skinnable":false,"sourceURI":"https://addons.mozilla.org/firefox/downloads/file/3546077/redirect_amp_to_html-2.1.0-an+fx.xpi?src=dp-btn-primary","releaseNotesURI":null,"softDisabled":false,"foreignInstall":false,"strictCompatibility":true,"locales":[],"targetApplications":[{"id":"toolkit@mozilla.org","minVersion":"60.0","maxVersion":null}],"targetPlatforms":[],"signedState":2,"signedDate":1586471411000,"seen":true,"dependencies":[],"incognito":"spanning","userPermissions":{"permissions":["webRequest","webRequestBlocking"],"origins":["*://t.co/*","https://bing-amp.com/c/*","https://*.bing-amp.com/c/*","https://cdn.ampproject.org/c/*","https://*.cdn.ampproject.org/c/*","https://www.bing.com/amp/*","https://www.google.com/amp/*","http://*/*","https://*/*"]},"optionalPermissions":{"permissions":[],"origins":[]},"icons":{"48":"assets/icon_48.png","256":"assets/icon_256.png"},"iconURL":null,"blocklistState":0,"blocklistURL":null,"startupData":null,"hidden":false,"installTelemetryInfo":{"source":"amo","sourceURL":"https://addons.mozilla.org/en-US/firefox/addon/amp2html/","method":"amWebAPI"},"recommendationState":null,"rootURI":"jar:file:///%appdata%/Mozilla/Firefox/Profiles/nfwby2o1.default-release/extensions/%7B569456be-2850-4f7e-b669-71e55140ee0a%7D.xpi!/","location":"app-profile"},{"id":"skipredirect@sblask","syncGUID":"{c2d85820-e5a7-4801-9547-d18f89219dc9}","version":"2.2.3","type":"extension","loader":null,"updateURL":null,"optionsURL":"options/options.html","optionsType":5,"optionsBrowserStyle":true,"aboutURL":null,"defaultLocale":{"name":"Skip Redirect","description":"Skip intermediary pages that some pages use before redirecting to a final page.","creator":"Sebastian Blask","homepageURL":"https://github.com/sblask/webextension-skip-redirect","developers":null,"translators":null,"contributors":null},"visible":true,"active":true,"userDisabled":false,"appDisabled":false,"embedderDisabled":false,"installDate":1596304610665,"updateDate":1596304610665,"applyBackgroundUpdates":1,"path":"%appdata%\\Mozilla\\Firefox\\Profiles\\nfwby2o1.default-release\\extensions\\skipredirect@sblask.xpi","skinnable":false,"sourceURI":"https://addons.mozilla.org/firefox/downloads/file/3447089/skip_redirect-2.2.3-fx.xpi?src=dp-btn-primary","releaseNotesURI":null,"softDisabled":false,"foreignInstall":false,"strictCompatibility":true,"locales":[{"name":"Skip Redirect","description":"Skip intermediary pages that some pages use before redirecting to a final page.","creator":"Sebastian Blask","homepageURL":"https://github.com/sblask/webextension-skip-redirect","developers":null,"translators":null,"contributors":null,"locales":["en"]},{"name":"Passe-redirection","description":"Certains sites web vous détournent parfois sur une page intermédiaire avant de vous conduire à la page que vous souhaitez réellement consulter. Passe-redirection tente de supprimer cette redirection pour atteindre directement la bonne page.","creator":"Sebastian Blask","homepageURL":"https://github.com/sblask/webextension-skip-redirect","developers":null,"translators":null,"contributors":null,"locales":["fr"]},{"name":"Skip Redirect","description":"Hoppa över mellanliggande sidor som en del sidor använder innan de omdirigeras till målsidan.","creator":"Sebastian Blask","homepageURL":"https://github.com/sblask/webextension-skip-redirect","developers":null,"translators":null,"contributors":null,"locales":["sv-SE"]},{"name":"Skip Redirect","description":"Manche Webseiten leiten Benutzer auf eine extra Seite bevor sie auf die Seite weiterleiten die man eigentlich sehen wollte. Skip Redirect versucht diese Weiterleitung zu überspringen um direkt zur richtigen Seite zu gehen.","creator":"Sebastian Blask","homepageURL":"https://github.com/sblask/webextension-skip-redirect","developers":null,"translators":null,"contributors":null,"locales":["de"]},{"name":"Skip Redirect","description":"Некоторые веб-сайты направляют пользователей на промежуточные страницы, прежде чем открыть необходимую. Skip Redirect пытается предотвратить перенаправления, чтобы сразу перейти на нужную страницу.","creator":"Sebastian Blask","homepageURL":"https://github.com/sblask/webextension-skip-redirect","developers":null,"translators":null,"contributors":null,"locales":["ru"]}],"targetApplications":[{"id":"toolkit@mozilla.org","minVersion":"46.0","maxVersion":null}],"targetPlatforms":[],"signedState":2,"signedDate":1573828215000,"seen":true,"dependencies":[],"incognito":"spanning","userPermissions":{"permissions":["clipboardWrite","contextMenus","notifications","storage","webRequest","webRequestBlocking"],"origins":["<all_urls>"]},"optionalPermissions":{"permissions":[],"origins":[]},"icons":{"48":"icon.svg"},"iconURL":null,"blocklistState":0,"blocklistURL":null,"startupData":null,"hidden":false,"installTelemetryInfo":{"source":"amo","sourceURL":"https://addons.mozilla.org/en-US/firefox/addon/skip-redirect/","method":"amWebAPI"},"recommendationState":null,"rootURI":"jar:file:///%appdata%/Mozilla/Firefox/Profiles/nfwby2o1.default-release/extensions/skipredirect@sblask.xpi!/","location":"app-profile"},{"id":"smart-referer@meh.paranoid.pk","syncGUID":"{27c98830-6da0-49f7-87b1-46b0efbfff29}","version":"0.2.15","type":"extension","loader":null,"updateURL":null,"optionsURL":"content/options.html","optionsType":5,"optionsBrowserStyle":true,"aboutURL":null,"defaultLocale":{"name":"Smart Referer","description":"Enable smart referers everywhere (send referer only on same domain)","creator":null,"homepageURL":"https://gitlab.com/smart-referer","developers":null,"translators":null,"contributors":null},"visible":true,"active":true,"userDisabled":false,"appDisabled":false,"embedderDisabled":false,"installDate":1596304617660,"updateDate":1596304617660,"applyBackgroundUpdates":1,"path":"%appdata%\\Mozilla\\Firefox\\Profiles\\nfwby2o1.default-release\\extensions\\smart-referer@meh.paranoid.pk.xpi","skinnable":false,"sourceURI":"https://addons.mozilla.org/firefox/downloads/file/3470999/smart_referer-0.2.15-an+fx.xpi?src=dp-btn-primary","releaseNotesURI":null,"softDisabled":false,"foreignInstall":false,"strictCompatibility":true,"locales":[{"name":"Smart Referer","description":"Enable smart referers everywhere (send referer only on same domain)","creator":null,"homepageURL":"https://gitlab.com/smart-referer","developers":null,"translators":null,"contributors":null,"locales":["en"]},{"name":"Smart Referer","description":"Des référents intelligents partout !","creator":null,"homepageURL":"https://gitlab.com/smart-referer","developers":null,"translators":null,"contributors":null,"locales":["fr"]},{"name":"Smart Referer","description":"Smarte Referer überall!","creator":null,"homepageURL":"https://gitlab.com/smart-referer","developers":null,"translators":null,"contributors":null,"locales":["de"]}],"targetApplications":[{"id":"toolkit@mozilla.org","minVersion":"56.0","maxVersion":null}],"targetPlatforms":[],"signedState":2,"signedDate":1576670110000,"seen":true,"dependencies":[],"incognito":"spanning","userPermissions":{"permissions":["menus","storage","theme","webRequest","webRequestBlocking"],"origins":["*://*/*"]},"optionalPermissions":{"permissions":[],"origins":[]},"icons":{"48":"assets/icon.svg","256":"assets/icon.svg"},"iconURL":null,"blocklistState":0,"blocklistURL":null,"startupData":null,"hidden":false,"installTelemetryInfo":{"source":"amo","sourceURL":"https://addons.mozilla.org/en-US/firefox/addon/smart-referer/","method":"amWebAPI"},"recommendationState":null,"rootURI":"jar:file:///%appdata%/Mozilla/Firefox/Profiles/nfwby2o1.default-release/extensions/smart-referer@meh.paranoid.pk.xpi!/","location":"app-profile"},{"id":"{c607c8df-14a7-4f28-894f-29e8722976af}","syncGUID":"{1bb119c8-0c27-4c69-b2c3-09db896b11bb}","version":"1.8","type":"extension","loader":null,"updateURL":null,"optionsURL":"options.html","optionsType":3,"optionsBrowserStyle":true,"aboutURL":null,"defaultLocale":{"name":"Temporary Containers","description":"Open tabs, websites, and links in automatically managed disposable containers. Containers isolate the data websites store (cookies, cache, and more) from each other, further enhancing your privacy while you browse.","creator":null,"homepageURL":"https://github.com/stoically/temporary-containers","developers":null,"translators":null,"contributors":null},"visible":true,"active":true,"userDisabled":false,"appDisabled":false,"embedderDisabled":false,"installDate":1596304624322,"updateDate":1596304624322,"applyBackgroundUpdates":1,"path":"%appdata%\\Mozilla\\Firefox\\Profiles\\nfwby2o1.default-release\\extensions\\{c607c8df-14a7-4f28-894f-29e8722976af}.xpi","skinnable":false,"sourceURI":"https://addons.mozilla.org/firefox/downloads/file/3511233/temporary_containers-1.8-fx.xpi?src=dp-btn-primary","releaseNotesURI":null,"softDisabled":false,"foreignInstall":false,"strictCompatibility":true,"locales":[{"name":"Temporary Containers","description":"Open tabs, websites, and links in automatically managed disposable containers. Containers isolate the data websites store (cookies, cache, and more) from each other, further enhancing your privacy while you browse.","creator":null,"homepageURL":"https://github.com/stoically/temporary-containers","developers":null,"translators":null,"contributors":null,"locales":["en"]}],"targetApplications":[{"id":"toolkit@mozilla.org","minVersion":"67.0","maxVersion":null}],"targetPlatforms":[],"signedState":2,"signedDate":1582277713000,"seen":true,"dependencies":[],"incognito":"not_allowed","userPermissions":{"permissions":["contextMenus","contextualIdentities","cookies","management","storage","tabs","webRequest","webRequestBlocking"],"origins":["<all_urls>"]},"optionalPermissions":{"permissions":["bookmarks","downloads","history","notifications"],"origins":[]},"icons":{"48":"icons/tmpcontainer-48.png"},"iconURL":null,"blocklistState":0,"blocklistURL":null,"startupData":null,"hidden":false,"installTelemetryInfo":{"source":"amo","sourceURL":"https://addons.mozilla.org/en-US/firefox/addon/temporary-containers/","method":"amWebAPI"},"recommendationState":null,"rootURI":"jar:file:///%appdata%/Mozilla/Firefox/Profiles/nfwby2o1.default-release/extensions/%7Bc607c8df-14a7-4f28-894f-29e8722976af%7D.xpi!/","location":"app-profile"},{"id":"uBlock0@raymondhill.net","syncGUID":"{924c2b46-aebe-4d33-bb43-089a27cbf7e8}","version":"1.28.4","type":"extension","loader":null,"updateURL":null,"optionsURL":"dashboard.html","optionsType":3,"optionsBrowserStyle":true,"aboutURL":null,"defaultLocale":{"name":"uBlock Origin","description":"Finally, an efficient blocker. Easy on CPU and memory.","creator":"Raymond Hill & contributors","developers":null,"translators":null,"contributors":null},"visible":true,"active":true,"userDisabled":false,"appDisabled":false,"embedderDisabled":false,"installDate":1596304669987,"updateDate":1596304669987,"applyBackgroundUpdates":1,"path":"%appdata%\\Mozilla\\Firefox\\Profiles\\nfwby2o1.default-release\\extensions\\uBlock0@raymondhill.net.xpi","skinnable":false,"sourceURI":"https://addons.mozilla.org/firefox/downloads/file/3609157/ublock_origin-1.28.4-an+fx.xpi?src=dp-btn-primary","releaseNotesURI":null,"softDisabled":false,"foreignInstall":false,"strictCompatibility":true,"locales":[{"name":"uBlock Origin","description":"Finally, an efficient blocker. Easy on CPU and memory.","creator":"Raymond Hill & contributors","developers":null,"translators":null,"contributors":null,"locales":["en"]},{"name":"uBlock Origin","description":"高効率ブロッカーが遂に登場。CPUとメモリーの負担を抑えます。","creator":"Raymond Hill & contributors","developers":null,"translators":null,"contributors":null,"locales":["ja"]},{"name":"uBlock Origin","description":"Finally, an efficient blocker. Easy on CPU and memory.","creator":"Raymond Hill & contributors","developers":null,"translators":null,"contributors":null,"locales":["oc"]},{"name":"uBlock Origin","description":"Lõpuks on valminud tõhus blokeerija. Protsessori- ja mälusõbralik.","creator":"Raymond Hill & contributors","developers":null,"translators":null,"contributors":null,"locales":["et"]},{"name":"uBlock Origin","description":"Finalmente, um bloqueador eficiente. Leve na CPU e memória.","creator":"Raymond Hill & contributors","developers":null,"translators":null,"contributors":null,"locales":["pt-PT"]},{"name":"uBlock Origin","description":"Un bloqueur de nuisances efficace, qui ménagera votre processeur et votre mémoire vive.","creator":"Raymond Hill & contributors","developers":null,"translators":null,"contributors":null,"locales":["fr"]},{"name":"uBlock Origin","description":"Einlik, in effisjinte adblocker. Brûkt hast gjin prosessorkrêft of ûnthâld.","creator":"Raymond Hill & contributors","developers":null,"translators":null,"contributors":null,"locales":["fy"]},{"name":"uBlock Origin","description":"మొత్తానికి RAM ఇంకా CPU పై తేలికయిన, ఒక సమర్థవంతమైన నిరోధిని.","creator":"Raymond Hill & contributors","developers":null,"translators":null,"contributors":null,"locales":["te"]},{"name":"uBlock Origin","description":"Най-накрая, ефективен блокер. Щадящ процесора и паметта.","creator":"Raymond Hill & contributors","developers":null,"translators":null,"contributors":null,"locales":["bg"]},{"name":"uBlock Origin","description":"Akhirnya, pemblokir iklan yang efisien. Ringan penggunaan CPU dan memori.","creator":"Raymond Hill & contributors","developers":null,"translators":null,"contributors":null,"locales":["id"]},{"name":"uBlock Origin","description":"অবশেষে, একটি দক্ষ বিজ্ঞাপন রোধক। সিপিইউ এবং মেমরি সহায়ক।","creator":"Raymond Hill & contributors","developers":null,"translators":null,"contributors":null,"locales":["bn"]},{"name":"uBlock Origin","description":"Behingoz, blokeatzaile eraginkor bat. PUZ eta memorian arina.","creator":"Raymond Hill & contributors","developers":null,"translators":null,"contributors":null,"locales":["eu"]},{"name":"uBlock Origin","description":"Äntligen en effektiv blockerare. Snäll mot både processor och minne.","creator":"Raymond Hill & contributors","developers":null,"translators":null,"contributors":null,"locales":["sv"]},{"name":"uBlock Origin","description":"Konečně efektivní blokovač. Nezatěžuje CPU a paměť.","creator":"Raymond Hill & contributors","developers":null,"translators":null,"contributors":null,"locales":["cs"]},{"name":"uBlock Origin","description":"Végre egy hatékony reklám- és követésblokkoló böngészőkhöz, amely kíméletes a processzorral és a memóriával.","creator":"Raymond Hill & contributors","developers":null,"translators":null,"contributors":null,"locales":["hu"]},{"name":"uBlock Origin","description":"ಕೊನೆಗೂ, ಒಂದು ದಕ್ಷ ನಿರ್ಬಂಧಕ. ಮಿತವಾದ ಸಿಪಿಯೂ ಹಾಗು ಮೆಮೊರಿ ಬಳಕೆ.","creator":"Raymond Hill & contributors","developers":null,"translators":null,"contributors":null,"locales":["kn"]},{"name":"uBlock Origin","description":"Ефективний блокувальник реклами таки з’явився. Не навантажує процесор та пам'ять.","creator":"Raymond Hill & contributors","developers":null,"translators":null,"contributors":null,"locales":["uk"]},{"name":"uBlock Origin","description":"Finfine rendimenta reklamoblokilo. Afabla por ĉefprocesoro kaj memoro.","creator":"Raymond Hill & contributors","developers":null,"translators":null,"contributors":null,"locales":["eo"]},{"name":"uBlock Origin","description":"آخر کار، ایک مؤثر اشتہار کو روکنے والا، یہ کم cpu اور میموری لیتا ہے.","creator":"Raymond Hill & contributors","developers":null,"translators":null,"contributors":null,"locales":["ur"]},{"name":"uBlock Origin","description":"Cuối cùng, đã có một công cụ chặn quảng cáo hiệu quả, tiêu tốn ít CPU và bộ nhớ.","creator":"Raymond Hill & contributors","developers":null,"translators":null,"contributors":null,"locales":["vi"]},{"name":"uBlock Origin","description":"وأخيراً, مانع اعلانات كفوء. خفيف على المعالج و الذاكرة.","creator":"Raymond Hill & contributors","developers":null,"translators":null,"contributors":null,"locales":["ar"]},{"name":"uBlock Origin","description":"როგორც იქნა, მძლავრი და შედეგიანი რეკლამების შემზღუდავი. ზოგავს CPU-ს და მეხსიერებას.","creator":"Raymond Hill & contributors","developers":null,"translators":null,"contributors":null,"locales":["ka"]},{"name":"uBlock Origin","description":"이 부가 기능은 효율적인 차단기입니다. CPU와 메모리에 주는 부담이 적습니다.","creator":"Raymond Hill & contributors","developers":null,"translators":null,"contributors":null,"locales":["ko"]},{"name":"uBlock Origin","description":"Finalmente, un blocker efficiente. Leggero sulla CPU e sulla memoria.","creator":"Raymond Hill & contributors","developers":null,"translators":null,"contributors":null,"locales":["it"]},{"name":"uBlock Origin","description":"Pagaliau, efektyvus blokatorius, neapkraunantis nei procesoriaus, nei darbinės atminties.","creator":"Raymond Hill & contributors","developers":null,"translators":null,"contributors":null,"locales":["lt"]},{"name":"uBlock Origin","description":"Endelig en effektiv blokkeringsutvidelse. Lavt CPU- og minnebruk.","creator":"Raymond Hill & contributors","developers":null,"translators":null,"contributors":null,"locales":["no"]},{"name":"uBlock Origin","description":"आख़िरकार, क्रोमियम-बेस्ड ब्राउज़रों के लिए एक कुशल अवरोधक। CPU और स्मृति पर आसान।","creator":"Raymond Hill & contributors","developers":null,"translators":null,"contributors":null,"locales":["hi"]},{"name":"uBlock Origin","description":"Më në fund, një bllokues efikas që nuk e rëndon procesorin dhe memorien.","creator":"Raymond Hill & contributors","developers":null,"translators":null,"contributors":null,"locales":["sq"]},{"name":"uBlock Origin","description":"இறுதியாக, ஒரு திறமையான விளம்பரத் தடுப்பான். கணினியின் மையச் செயற்பகுதியின் மேலும் நினைவகத்தின் மேலும் இலகுவானது.","creator":"Raymond Hill & contributors","developers":null,"translators":null,"contributors":null,"locales":["ta"]},{"name":"uBlock Origin","description":"Axır ki, prosessor və yaddaş yükünü azaldan səmərəli bir əngəlləyici var.","creator":"Raymond Hill & contributors","developers":null,"translators":null,"contributors":null,"locales":["az"]},{"name":"uBlock Origin","description":"มาแล้ว! โปรแกรมบล็อกโฆษณาเบาเบา ไม่กิน ซีพียู หรือ แรม","creator":"Raymond Hill & contributors","developers":null,"translators":null,"contributors":null,"locales":["th"]},{"name":"uBlock Origin","description":"Endlich ein effizienter Blocker. Prozessor-freundlich und bescheiden beim Speicherbedarf.","creator":"Raymond Hill & contributors","developers":null,"translators":null,"contributors":null,"locales":["de"]},{"name":"uBlock Origin","description":"Finally, an efficient blocker. Easy on CPU and memory.","creator":"Raymond Hill & contributors","developers":null,"translators":null,"contributors":null,"locales":["en-GB"]},{"name":"uBlock Origin","description":"Endelig en effektiv blokkeringsutvidelse. Lavt CPU- og minnebruk.","creator":"Raymond Hill & contributors","developers":null,"translators":null,"contributors":null,"locales":["nb"]},{"name":"uBlock Origin","description":"Ó fin, un bloqueador eficiente que non chupa toda a memoria e o procesador.","creator":"Raymond Hill & contributors","developers":null,"translators":null,"contributors":null,"locales":["gl"]},{"name":"uBlock Origin","description":"Finalment, un blocador eficient que utilitza pocs recursos de memòria i processador.","creator":"Raymond Hill & contributors","developers":null,"translators":null,"contributors":null,"locales":["ca"]},{"name":"uBlock Origin","description":"Konečne efektívny blokovač. Nezaťažuje CPU ani pamäť.","creator":"Raymond Hill & contributors","developers":null,"translators":null,"contributors":null,"locales":["sk"]},{"name":"uBlock Origin","description":"शेवटी, एक कार्यक्षम ब्लॉकर क्रोमियम आधारित ब्राउझरांसाठी. सीपीयू आणि मेमरी वर सोपे जातो.","creator":"Raymond Hill & contributors","developers":null,"translators":null,"contributors":null,"locales":["mr"]},{"name":"uBlock Origin","description":"Коначно, ефикасан блокатор. Ниски процесорски и меморијски захтеви.","creator":"Raymond Hill & contributors","developers":null,"translators":null,"contributors":null,"locales":["sr"]},{"name":"uBlock Origin","description":"Тинех Интернет тишкерӳҫӗ валли хӑвӑрт та витӗмлӗ чаркӑч пур.","creator":"Raymond Hill & contributors","developers":null,"translators":null,"contributors":null,"locales":["cv"]},{"name":"uBlock Origin","description":"Akhirnya, penyekat yang cekap. Tidak membebankan CPU dan memori.","creator":"Raymond Hill & contributors","developers":null,"translators":null,"contributors":null,"locales":["ms"]},{"name":"uBlock Origin","description":"بالاخره، یک بلاکر کارآمد. کم حجم بر روی پردازنده و حافظه.","creator":"Raymond Hill & contributors","developers":null,"translators":null,"contributors":null,"locales":["fa"]},{"name":"uBlock Origin","description":"അവസാനം, ഒരു കാര്യക്ഷമമായ ബ്ലോക്കര്‍. ലഘുവായ CPU, memory ഉപയോഗം.","creator":"Raymond Hill & contributors","developers":null,"translators":null,"contributors":null,"locales":["ml"]},{"name":"uBlock Origin","description":"一款高效的网络请求过滤工具，占用极低的内存和 CPU。","creator":"Raymond Hill & contributors","developers":null,"translators":null,"contributors":null,"locales":["zh-CN"]},{"name":"uBlock Origin","description":"Наконец-то, быстрый и эффективный блокировщик для браузеров.","creator":"Raymond Hill & contributors","developers":null,"translators":null,"contributors":null,"locales":["ru"]},{"name":"uBlock Origin","description":"Nareszcie skuteczny bloker charakteryzujący się niskim użyciem procesora i pamięci.","creator":"Raymond Hill & contributors","developers":null,"translators":null,"contributors":null,"locales":["pl"]},{"name":"uBlock Origin","description":"Končno, učinkovita, procesorju in pomnilniku prijazna razširitev za blokiranje oglasov.","creator":"Raymond Hill & contributors","developers":null,"translators":null,"contributors":null,"locales":["sl"]},{"name":"uBlock Origin","description":"Beidzot, efektīvs bloķētājs. Nepārslogo procesoru un atmiņu.","creator":"Raymond Hill & contributors","developers":null,"translators":null,"contributors":null,"locales":["lv"]},{"name":"uBlock Origin","description":"Վերջապես արդյունավետ արգելափակիչ։ Թեթև CPU֊ի ու հիշողության համար։","creator":"Raymond Hill & contributors","developers":null,"translators":null,"contributors":null,"locales":["hy"]},{"name":"uBlock Origin","description":"Viimeinkin tehokas ja kevyt mainosten estäjä.","creator":"Raymond Hill & contributors","developers":null,"translators":null,"contributors":null,"locales":["fi"]},{"name":"uBlock Origin","description":"Sa wakas! Isang magaling na blocker para sa Chromium-based browsers. Magaan sa CPU at memory.","creator":"Raymond Hill & contributors","developers":null,"translators":null,"contributors":null,"locales":["fil"]},{"name":"uBlock Origin","description":"Konačno, efikasan blokator. Lak na CPU i memoriji.","creator":"Raymond Hill & contributors","developers":null,"translators":null,"contributors":null,"locales":["hr"]},{"name":"uBlock Origin","description":"Finally, an efficient blocker. Easy on CPU and memory.","creator":"Raymond Hill & contributors","developers":null,"translators":null,"contributors":null,"locales":["kk"]},{"name":"uBlock Origin","description":"În sfârșit, un blocant eficient. Are un impact mic asupra procesorului și memoriei.","creator":"Raymond Hill & contributors","developers":null,"translators":null,"contributors":null,"locales":["ro"]},{"name":"uBlock Origin","description":"Konačno, efikasan bloker. Štedljiv na procesoru i memoriji.","creator":"Raymond Hill & contributors","developers":null,"translators":null,"contributors":null,"locales":["bs"]},{"name":"uBlock Origin","description":"Επιτέλους, ένας αποτελεσματικός blocker. Ελαφρύς για τον επεξεργαστή και τη μνήμη.","creator":"Raymond Hill & contributors","developers":null,"translators":null,"contributors":null,"locales":["el"]},{"name":"uBlock Origin","description":"Por fin, un bloqueador eficiente con uso mínimo de procesador y memoria.","creator":"Raymond Hill & contributors","developers":null,"translators":null,"contributors":null,"locales":["es"]},{"name":"uBlock Origin","description":"一個高效率的網路資源過濾器，使用不多的 CPU 及記憶體資源。","creator":"Raymond Hill & contributors","developers":null,"translators":null,"contributors":null,"locales":["zh-TW"]},{"name":"uBlock Origin","description":"Finalmente, um bloqueador eficiente. Com baixo uso de memória e CPU.","creator":"Raymond Hill & contributors","developers":null,"translators":null,"contributors":null,"locales":["pt-BR"]},{"name":"uBlock Origin","description":"סוף סוף, חוסם יעיל. קל על המעבד והזיכרון.","creator":"Raymond Hill & contributors","developers":null,"translators":null,"contributors":null,"locales":["he"]},{"name":"uBlock Origin","description":"Endelig en effektiv blocker. Lavt CPU- og hukommelsesforbrug.","creator":"Raymond Hill & contributors","developers":null,"translators":null,"contributors":null,"locales":["da"]},{"name":"uBlock Origin","description":"Sonunda, etkili bir engelleyici. İşlemciyi ve belleği yormaz.","creator":"Raymond Hill & contributors","developers":null,"translators":null,"contributors":null,"locales":["tr"]},{"name":"uBlock Origin","description":"Eindelijk, een efficiënte adblocker. Gebruikt weinig processorkracht en geheugen.","creator":"Raymond Hill & contributors","developers":null,"translators":null,"contributors":null,"locales":["nl"]}],"targetApplications":[{"id":"toolkit@mozilla.org","minVersion":"55.0","maxVersion":null}],"targetPlatforms":[],"signedState":2,"signedDate":1595406038000,"seen":true,"dependencies":[],"incognito":"spanning","userPermissions":{"permissions":["dns","menus","privacy","storage","tabs","unlimitedStorage","webNavigation","webRequest","webRequestBlocking"],"origins":["<all_urls>","http://*/*","https://*/*","file://*/*"]},"optionalPermissions":{"permissions":[],"origins":[]},"icons":{"16":"img/ublock.svg","32":"img/ublock.svg","48":"img/ublock.svg","64":"img/ublock.svg","96":"img/ublock.svg"},"iconURL":null,"blocklistState":0,"blocklistURL":null,"startupData":null,"hidden":false,"installTelemetryInfo":{"source":"amo","sourceURL":"https://addons.mozilla.org/en-US/firefox/addon/ublock-origin/","method":"amWebAPI"},"recommendationState":{"validNotAfter":1753194038000,"validNotBefore":1595406038000,"states":["recommended"]},"rootURI":"jar:file:///%appdata%/Mozilla/Firefox/Profiles/nfwby2o1.default-release/extensions/uBlock0@raymondhill.net.xpi!/","location":"app-profile"},{"id":"{1cbcb826-509e-4073-afbc-0d0fedb54d7b}","syncGUID":"{ebbd8616-09ba-48a2-b1cb-21fb877f5bed}","version":"1.0.3","type":"extension","loader":null,"optionsURL":null,"optionsType":null,"optionsBrowserStyle":true,"aboutURL":null,"defaultLocale":{"name":"Close unused blank tabs Plus","description":"Closes unused blank tabs","creator":"crssi","developers":null,"translators":null,"contributors":null},"visible":true,"active":true,"userDisabled":false,"appDisabled":false,"embedderDisabled":false,"installDate":1596304817021,"updateDate":1596304817021,"applyBackgroundUpdates":1,"path":"%appdata%\\Mozilla\\Firefox\\Profiles\\nfwby2o1.default-release\\extensions\\{1cbcb826-509e-4073-afbc-0d0fedb54d7b}.xpi","skinnable":false,"sourceURI":"https://addons.mozilla.org/firefox/downloads/file/3386635/close_unused_blank_tabs_plus-1.0.3-fx.xpi?src=dp-btn-primary","releaseNotesURI":null,"softDisabled":false,"foreignInstall":false,"strictCompatibility":true,"locales":[],"targetApplications":[{"id":"toolkit@mozilla.org"}],"targetPlatforms":[],"signedState":2,"signedDate":1556300000000,"seen":true,"dependencies":[],"incognito":"spanning","userPermissions":{"permissions":["tabs","sessions"],"origins":[]},"optionalPermissions":{"permissions":[],"origins":[]},"icons":{"24":"icons/icon.svg","32":"icons/icon.svg","48":"icons/icon.svg","64":"icons/icon.svg","96":"icons/icon.svg","128":"icons/icon.svg"},"iconURL":null,"blocklistState":0,"blocklistURL":null,"startupData":null,"hidden":false,"installTelemetryInfo":{"source":"amo","sourceURL":"https://addons.mozilla.org/en-US/firefox/addon/close-unused-blank-tabs-plus/","method":"amWebAPI"},"recommendationState":null,"rootURI":"jar:file:///%appdata%/Mozilla/Firefox/Profiles/nfwby2o1.default-release/extensions/%7B1cbcb826-509e-4073-afbc-0d0fedb54d7b%7D.xpi!/","location":"app-profile"},{"id":"containerise@kinte.sh","syncGUID":"{9b2d83b4-8d3e-4ac4-a3eb-c8d46e585fb9}","version":"3.7.0","type":"extension","loader":null,"updateURL":null,"optionsURL":"ui-preferences/index.html","optionsType":5,"optionsBrowserStyle":true,"aboutURL":null,"defaultLocale":{"name":"Containerise","description":"Firefox extension to automatically open websites in a container","creator":null,"developers":null,"translators":null,"contributors":null},"visible":true,"active":true,"userDisabled":false,"appDisabled":false,"embedderDisabled":false,"installDate":1596304823893,"updateDate":1596304823893,"applyBackgroundUpdates":1,"path":"%appdata%\\Mozilla\\Firefox\\Profiles\\nfwby2o1.default-release\\extensions\\containerise@kinte.sh.xpi","skinnable":false,"sourceURI":"https://addons.mozilla.org/firefox/downloads/file/3432724/containerise-3.7.0-fx.xpi?src=dp-btn-primary","releaseNotesURI":null,"softDisabled":false,"foreignInstall":false,"strictCompatibility":true,"locales":[],"targetApplications":[{"id":"toolkit@mozilla.org","minVersion":"53.0","maxVersion":null}],"targetPlatforms":[],"signedState":2,"signedDate":1572108310000,"seen":true,"dependencies":[],"incognito":"spanning","userPermissions":{"permissions":["contextualIdentities","cookies","tabs","webRequest","webRequestBlocking","storage"],"origins":["<all_urls>"]},"optionalPermissions":{"permissions":[],"origins":[]},"icons":{"48":"icons/icon.png","96":"icons/icon.png"},"iconURL":null,"blocklistState":0,"blocklistURL":null,"startupData":null,"hidden":false,"installTelemetryInfo":{"source":"amo","sourceURL":"https://addons.mozilla.org/en-US/firefox/addon/containerise/","method":"amWebAPI"},"recommendationState":null,"rootURI":"jar:file:///%appdata%/Mozilla/Firefox/Profiles/nfwby2o1.default-release/extensions/containerise@kinte.sh.xpi!/","location":"app-profile"},{"id":"jid1-KKzOGWgsW3Ao4Q@jetpack","syncGUID":"{43d05a62-2d2d-4313-a8f3-b926645987b5}","version":"3.1.9","type":"extension","loader":null,"updateURL":null,"optionsURL":"data/options.html","optionsType":5,"optionsBrowserStyle":true,"aboutURL":null,"defaultLocale":{"name":"I don't care about cookies","creator":"Daniel Kladnik @ kiboke studio","developers":null,"translators":null,"contributors":null},"visible":true,"active":true,"userDisabled":false,"appDisabled":false,"embedderDisabled":false,"installDate":1596304830507,"updateDate":1596304830507,"applyBackgroundUpdates":1,"path":"%appdata%\\Mozilla\\Firefox\\Profiles\\nfwby2o1.default-release\\extensions\\jid1-KKzOGWgsW3Ao4Q@jetpack.xpi","skinnable":false,"sourceURI":"https://addons.mozilla.org/firefox/downloads/file/3607845/i_dont_care_about_cookies-3.1.9-an+fx.xpi?src=dp-btn-primary","releaseNotesURI":null,"softDisabled":false,"foreignInstall":false,"strictCompatibility":true,"locales":[{"name":"I don't care about cookies","creator":"Daniel Kladnik @ kiboke studio","developers":null,"translators":null,"contributors":null,"locales":["en"]},{"name":"I don't care about cookies","creator":"Daniel Kladnik @ kiboke studio","developers":null,"translators":null,"contributors":null,"locales":["ja"]},{"name":"I don't care about cookies","creator":"Daniel Kladnik @ kiboke studio","developers":null,"translators":null,"contributors":null,"locales":["fr"]},{"name":"I don't care about cookies","creator":"Daniel Kladnik @ kiboke studio","developers":null,"translators":null,"contributors":null,"locales":["bg"]},{"name":"I don't care about cookies","creator":"Daniel Kladnik @ kiboke studio","developers":null,"translators":null,"contributors":null,"locales":["sv"]},{"name":"I don't care about cookies","creator":"Daniel Kladnik @ kiboke studio","developers":null,"translators":null,"contributors":null,"locales":["cs"]},{"name":"I don't care about cookies","creator":"Daniel Kladnik @ kiboke studio","developers":null,"translators":null,"contributors":null,"locales":["nn"]},{"name":"I don't care about cookies","creator":"Daniel Kladnik @ kiboke studio","developers":null,"translators":null,"contributors":null,"locales":["uk"]},{"name":"I don't care about cookies","creator":"Daniel Kladnik @ kiboke studio","developers":null,"translators":null,"contributors":null,"locales":["lt"]},{"name":"I don't care about cookies","creator":"Daniel Kladnik @ kiboke studio","developers":null,"translators":null,"contributors":null,"locales":["no"]},{"name":"I don't care about cookies","creator":"Daniel Kladnik @ kiboke studio","developers":null,"translators":null,"contributors":null,"locales":["it"]},{"name":"I don't care about cookies","creator":"Daniel Kladnik @ kiboke studio","developers":null,"translators":null,"contributors":null,"locales":["de"]},{"name":"I don't care about cookies","creator":"Daniel Kladnik @ kiboke studio","developers":null,"translators":null,"contributors":null,"locales":["sk"]},{"name":"I don't care about cookies","creator":"Daniel Kladnik @ kiboke studio","developers":null,"translators":null,"contributors":null,"locales":["ru"]},{"name":"I don't care about cookies","creator":"Daniel Kladnik @ kiboke studio","developers":null,"translators":null,"contributors":null,"locales":["pl"]},{"name":"I don't care about cookies","creator":"Daniel Kladnik @ kiboke studio","developers":null,"translators":null,"contributors":null,"locales":["ro"]},{"name":"I don't care about cookies","creator":"Daniel Kladnik @ kiboke studio","developers":null,"translators":null,"contributors":null,"locales":["hr"]},{"name":"I don't care about cookies","creator":"Daniel Kladnik @ kiboke studio","developers":null,"translators":null,"contributors":null,"locales":["es"]},{"name":"I don't care about cookies","creator":"Daniel Kladnik @ kiboke studio","developers":null,"translators":null,"contributors":null,"locales":["da"]},{"name":"I don’t care about cookies","creator":"Daniel Kladnik @ kiboke studio","developers":null,"translators":null,"contributors":null,"locales":["nl"]}],"targetApplications":[{"id":"toolkit@mozilla.org","minVersion":"56.0","maxVersion":null}],"targetPlatforms":[],"signedState":2,"signedDate":1594635613000,"seen":true,"dependencies":[],"incognito":"spanning","userPermissions":{"permissions":["tabs","storage","notifications","webRequest","webRequestBlocking","webNavigation"],"origins":["http://*/*","https://*/*"]},"optionalPermissions":{"permissions":[],"origins":[]},"icons":{"16":"icons/16.png","48":"icons/48.png","128":"icons/128.png"},"iconURL":null,"blocklistState":0,"blocklistURL":null,"startupData":null,"hidden":false,"installTelemetryInfo":{"source":"amo","sourceURL":"https://addons.mozilla.org/en-US/firefox/addon/i-dont-care-about-cookies/","method":"amWebAPI"},"recommendationState":null,"rootURI":"jar:file:///%appdata%/Mozilla/Firefox/Profiles/nfwby2o1.default-release/extensions/jid1-KKzOGWgsW3Ao4Q@jetpack.xpi!/","location":"app-profile"},{"id":"{25c707e5-8daf-4703-8cd5-7059121396d9}","syncGUID":"{c12439dc-5979-4077-998e-857d05b64cae}","version":"0.1","type":"extension","loader":null,"updateURL":null,"optionsURL":null,"optionsType":null,"optionsBrowserStyle":true,"aboutURL":null,"defaultLocale":{"name":"Maximize All Windows (Minimalist Version)","creator":null,"developers":null,"translators":null,"contributors":null},"visible":true,"active":true,"userDisabled":false,"appDisabled":false,"embedderDisabled":false,"installDate":1596304837321,"updateDate":1596304837321,"applyBackgroundUpdates":1,"path":"%appdata%\\Mozilla\\Firefox\\Profiles\\nfwby2o1.default-release\\extensions\\{25c707e5-8daf-4703-8cd5-7059121396d9}.xpi","skinnable":false,"sourceURI":"https://addons.mozilla.org/firefox/downloads/file/2179566/maximize_all_windows_minimalist_version-0.1-fx.xpi?src=dp-btn-primary","releaseNotesURI":null,"softDisabled":false,"foreignInstall":false,"strictCompatibility":true,"locales":[],"targetApplications":[{"id":"toolkit@mozilla.org","minVersion":null,"maxVersion":null}],"targetPlatforms":[],"signedState":2,"signedDate":1556803808000,"seen":true,"dependencies":[],"incognito":"spanning","userPermissions":{"permissions":[],"origins":[]},"optionalPermissions":{"permissions":[],"origins":[]},"icons":{},"iconURL":null,"blocklistState":0,"blocklistURL":null,"startupData":null,"hidden":false,"installTelemetryInfo":{"source":"amo","sourceURL":"https://addons.mozilla.org/en-US/firefox/addon/maximize-all-windows-minimal/","method":"amWebAPI"},"recommendationState":null,"rootURI":"jar:file:///%appdata%/Mozilla/Firefox/Profiles/nfwby2o1.default-release/extensions/%7B25c707e5-8daf-4703-8cd5-7059121396d9%7D.xpi!/","location":"app-profile"},{"id":"{88664789-f91e-40e1-adb9-e4e9a8c48867}","syncGUID":"{b8c04c04-e617-4522-bcb7-787f423f766a}","version":"0.5.0","type":"extension","loader":null,"updateURL":null,"optionsURL":"options.html","optionsType":5,"optionsBrowserStyle":true,"aboutURL":null,"defaultLocale":{"name":"URLs List","description":"List the URLs of all tabs from the current window as copyable plaintext.","creator":null,"homepageURL":"https://github.com/moritz-h/urls-list","developers":null,"translators":null,"contributors":null},"visible":true,"active":true,"userDisabled":false,"appDisabled":false,"embedderDisabled":false,"installDate":1596304844596,"updateDate":1596304844596,"applyBackgroundUpdates":1,"path":"%appdata%\\Mozilla\\Firefox\\Profiles\\nfwby2o1.default-release\\extensions\\{88664789-f91e-40e1-adb9-e4e9a8c48867}.xpi","skinnable":false,"sourceURI":"https://addons.mozilla.org/firefox/downloads/file/1197511/urls_list-0.5.0-an+fx.xpi?src=dp-btn-primary","releaseNotesURI":null,"softDisabled":false,"foreignInstall":false,"strictCompatibility":true,"locales":[],"targetApplications":[{"id":"toolkit@mozilla.org","minVersion":null,"maxVersion":null}],"targetPlatforms":[],"signedState":2,"signedDate":1546429807000,"seen":true,"dependencies":[],"incognito":"spanning","userPermissions":{"permissions":["activeTab","clipboardWrite","contextMenus","notifications","storage","tabs"],"origins":[]},"optionalPermissions":{"permissions":[],"origins":[]},"icons":{"48":"icons/icon.svg","96":"icons/icon.svg"},"iconURL":null,"blocklistState":0,"blocklistURL":null,"startupData":null,"hidden":false,"installTelemetryInfo":{"source":"amo","sourceURL":"https://addons.mozilla.org/en-US/firefox/addon/urls-list/","method":"amWebAPI"},"recommendationState":null,"rootURI":"jar:file:///%appdata%/Mozilla/Firefox/Profiles/nfwby2o1.default-release/extensions/%7B88664789-f91e-40e1-adb9-e4e9a8c48867%7D.xpi!/","location":"app-profile"}]}
