{"chrome://browser/content/browser.xhtml":{"main-window":{"screenX":"308","screenY":"42","width":"1612","height":"981","sizemode":"maximized"},"sidebar-box":{"sidebarcommand":"","width":""},"sidebar-title":{"value":""}},"chrome://mozapps/content/downloads/unknownContentType.xul":{"unknownContentType":{"screenX":"1064","screenY":"352"}},"chrome://browser/content/sanitize.xul":{"SanitizeDialog":{"screenX":"1076","screenY":"362"}},"about:config":{"prefCol":{"ordinal":"1","sortDirection":"ascending"},"lockCol":{"ordinal":"3"},"typeCol":{"ordinal":"5"},"valueCol":{"ordinal":"7"}}}