{"schema":6,"addons":[{"id":"jid1-BoFifL9Vbdl2zQ@jetpack","icons":{"32":"https://addons.cdn.mozilla.net/user-media/addon_icons/521/521554-32.png?modified=mcrushed","64":"https://addons.cdn.mozilla.net/user-media/addon_icons/521/521554-64.png?modified=mcrushed","128":"https://addons.cdn.mozilla.net/user-media/addon_icons/521/521554-128.png?modified=mcrushed"},"name":"Decentraleyes","version":"2.0.14","sourceURI":"https://addons.mozilla.org/firefox/downloads/file/3539177/decentraleyes-2.0.14-an+fx.xpi?src=","homepageURL":"https://decentraleyes.org","supportURL":"https://decentraleyes.org","description":"Protects you against tracking through \"free\", centralized, content delivery. It prevents a lot of requests from reaching networks like Google Hosted Libraries, and serves local files to keep sites from breaking. Complements regular content blockers.","fullDescription":"Websites have increasingly begun to rely much more on large third-parties for content delivery. Canceling requests for ads or trackers is usually without issue, however blocking actual content, not unexpectedly, breaks pages. The aim of this add-on is to cut out the middleman by providing lightning speed delivery of local (bundled) files to improve online privacy.\n\n     • Protects privacy by evading large delivery networks that claim to offer free services.\n     • Complements regular blockers such as uBlock Origin (recommended), Adblock Plus, et al.\n     • Works directly out of the box; absolutely no prior configuration required.\n\nNote: Decentraleyes is no silver bullet, but it does prevent a lot of websites from making you send these kinds of requests. Ultimately, you can make Decentraleyes block requests for any missing CDN resources, too.\n\n   > Simpler introduction: https://git.synz.io/Synzvato/decentraleyes/wikis/Simple-Introduction\n\nAm I Currently Protected?\n\nThe following testing utility shows you if you are properly protected. It's the recommended and, probably, fastest way to see if this add-on is installed, enabled, and correctly configured.\n\n   > Full link to testing utility: https://decentraleyes.org/test\n\nFrequently Asked Questions\n\n   > Full link to FAQ: https://git.synz.io/Synzvato/decentraleyes/wikis/Frequently-Asked-Questions\n\nTechnical Information\n\n- Supported Networks: Google Hosted Libraries, Microsoft Ajax CDN, CDNJS (Cloudflare), jQuery CDN (MaxCDN), jsDelivr (MaxCDN), Yandex CDN, Baidu CDN, Sina Public Resources, and UpYun Libraries.\n\n- Bundled Resources: AngularJS, Backbone.js, Dojo, Ember.js, Ext Core, jQuery, jQuery UI, Modernizr, MooTools, Prototype, Scriptaculous, SWFObject, Underscore.js, and Web Font Loader.\n\nPersonal Support\n\nIs your question not listed above, or do you have any other reason to contact me personally? You can always reach me at decentraleyes@protonmail.com. Bug reports or suggestions are highly welcome and I reply to every single email.\n\nFeel free to use this public PGP key for encrypted communication.\n\n   > Full link to public PGP key: https://decentraleyes.org/3f774aff6d/public-key.txt\n\nAre You Enjoying this Add-on?\n\nDecentraleyes is, and will always be, free, but you can support its continued development by making a donation, by contributing on GitLab, or by spreading the word (which does wonders). Any help would be greatly appreciated!\n\n     • GitLab: https://git.synz.io/Synzvato/decentraleyes\n     • Donate: https://decentraleyes.org/donate","weeklyDownloads":14822,"type":"extension","creator":{"name":"Thomas Rientjes","url":"https://addons.mozilla.org/en-US/firefox/user/6937656/"},"developers":[],"screenshots":[{"url":"https://addons.cdn.mozilla.net/user-media/previews/full/137/137406.png?modified=1543520350","width":700,"height":521,"thumbnailURL":"https://addons.cdn.mozilla.net/user-media/previews/thumbs/137/137406.png?modified=1543520350","thumbnailWidth":640,"thumbnailHeight":476,"caption":"Evades Content Delivery Networks without breaking websites."},{"url":"https://addons.cdn.mozilla.net/user-media/previews/full/205/205808.png?modified=1543520352","width":700,"height":521,"thumbnailURL":"https://addons.cdn.mozilla.net/user-media/previews/thumbs/205/205808.png?modified=1543520352","thumbnailWidth":640,"thumbnailHeight":476,"caption":"Complements regular content blockers (e.g. uBlock Origin)."}],"contributionURL":"","averageRating":4.8147,"reviewCount":286,"reviewURL":"https://addons.mozilla.org/en-US/firefox/addon/decentraleyes/reviews/","updateDate":1585746114000},{"id":"jid0-XWJxt5VvCXkKzQK99PhZqAn7Xbg@jetpack","icons":{"32":"https://addons.cdn.mozilla.net/user-media/addon_icons/351/351740-32.png?modified=mcrushed","64":"https://addons.cdn.mozilla.net/user-media/addon_icons/351/351740-64.png?modified=mcrushed","128":"https://addons.cdn.mozilla.net/user-media/addon_icons/351/351740-128.png?modified=mcrushed"},"name":"Google search link fix","version":"1.6.9","sourceURI":"https://addons.mozilla.org/firefox/downloads/file/3445488/google_search_link_fix-1.6.9-an+fx.xpi?src=","homepageURL":"https://github.com/palant/searchlinkfix","supportURL":"https://github.com/palant/searchlinkfix/issues","description":"This extension prevents Google and Yandex search pages from modifying search result links when you click them. This is useful when copying links but it also helps privacy by preventing the search engines from recording your clicks.","fullDescription":"Google and Yandex search pages have the annoying habit of changing the result link when you click it. So if you right-click the link in order to copy it you get some gibberish instead of what you wanted. This extension disables that behavior – on any Google or Yandex domain, without having to configure anything. Simply install and enjoy! As an added bonus, the search engine can no longer track your clicks.\n\nKnown limitations\n\n    This extension cannot recover links after they have been modified. This means that it doesn’t work on Google Search on smartphones (tablet version will work fine) or if JavaScript is disabled — Google will produce modified links from the start rather than changing them when you click the link.\n\n\nSource code / Contributing\n\nThe extension source code is available under https://github.com/palant/searchlinkfix.","weeklyDownloads":2962,"type":"extension","creator":{"name":"Wladimir Palant","url":"https://addons.mozilla.org/en-US/firefox/user/13616734/"},"developers":[],"screenshots":[{"url":"https://addons.cdn.mozilla.net/user-media/previews/full/65/65241.png?modified=1543520081","width":553,"height":325,"thumbnailURL":"https://addons.cdn.mozilla.net/user-media/previews/thumbs/65/65241.png?modified=1543520081","thumbnailWidth":553,"thumbnailHeight":325,"caption":"Before"},{"url":"https://addons.cdn.mozilla.net/user-media/previews/full/65/65243.png?modified=1543520082","width":553,"height":325,"thumbnailURL":"https://addons.cdn.mozilla.net/user-media/previews/thumbs/65/65243.png?modified=1543520082","thumbnailWidth":553,"thumbnailHeight":325,"caption":"After"}],"contributionURL":"","averageRating":4.7534,"reviewCount":269,"reviewURL":"https://addons.mozilla.org/en-US/firefox/addon/google-search-link-fix/reviews/","updateDate":1573721007000},{"id":"CanvasBlocker@kkapsner.de","icons":{"32":"https://addons.cdn.mozilla.net/user-media/addon_icons/534/534930-32.png?modified=1581849561","64":"https://addons.cdn.mozilla.net/user-media/addon_icons/534/534930-64.png?modified=1581849561","128":"https://addons.cdn.mozilla.net/user-media/addon_icons/534/534930-128.png?modified=1581849561"},"name":"CanvasBlocker","version":"1.2","sourceURI":"https://addons.mozilla.org/firefox/downloads/file/3528876/canvasblocker-1.2-an+fx.xpi?src=","homepageURL":"https://github.com/kkapsner/CanvasBlocker/","supportURL":null,"description":"Alters some JS APIs to prevent fingerprinting.","fullDescription":"This add-on allows users to prevent websites from using some Javascript APIs to fingerprint them. Users can choose to block the APIs entirely on some or all websites (which may break some websites) or fake its fingerprinting-friendly readout API.\n\nIf you encounter any problems please check the FAQ first. Please report issues and feature requests at https://github.com/kkapsner/CanvasBlocker/issues\n\nIMPORTANT: you should only have ONE addon/setting set that protects an API. Otherwise you could face massive performance issues. (E.g. EclipsedMoon for Palemoon has 'canvas.poison' which is known to cause issues: https://github.com/kkapsner/CanvasBlocker/issues/253#issuecomment-459499290)\nBut setting privacy.resistFingerprinting to true and/or using the new fingerprinting protection introduced with Firefox 67 is fine.\n\nProtected \"fingerprinting\" APIs:\n\n    canvas 2d\n    webGL\n    audio\n    history\n    window (disabled by default)\n    DOMRect\n    navigator (disabled by default)\n    screen\n\n\nMore information on fingerprinting can be found at:\n\n    <canvas>: http://www.browserleaks.com/canvas\n    audio:\n        https://audiofingerprint.openwpm.com/ (very poorly written = slow)\n        https://webtransparency.cs.princeton.edu/webcensus/#audio-fp\n    DOMRect:\n        http://jcarlosnorte.com/security/2016/03/06/advanced-tor-browser-fingerprinting.html\n        https://browserleaks.com/rects\n\n\nThe different block modes are:\n\n    fake: Canvas Blocker's default setting, and my favorite! All websites not on the white list or black list can use the protected APIs. But values obtained by the APIs are altered so that a consistent fingerprinting is not possible\n    ask for permission: If a website is not listed on the white list or black list, the user will be asked if the website should be allowed to use the protected APIs each time they are called.\n    block everything: Ignore all lists and block the protected APIs on all websites.\n    allow only white list: Only websites in the white list are allowed to use the protected APIs.\n    block only black list: Block the protected APIs only for websites on the black list.\n    allow everything: Ignore all lists and allow the protected APIs on all websites.\n","weeklyDownloads":4807,"type":"extension","creator":{"name":"kkapsner","url":"https://addons.mozilla.org/en-US/firefox/user/11033762/"},"developers":[],"screenshots":[{"url":"https://addons.cdn.mozilla.net/user-media/previews/full/194/194239.png?modified=1543520165","width":700,"height":279,"thumbnailURL":"https://addons.cdn.mozilla.net/user-media/previews/thumbs/194/194239.png?modified=1543520165","thumbnailWidth":640,"thumbnailHeight":255},{"url":"https://addons.cdn.mozilla.net/user-media/previews/full/191/191763.png?modified=1543520166","width":278,"height":283,"thumbnailURL":"https://addons.cdn.mozilla.net/user-media/previews/thumbs/191/191763.png?modified=1543520166","thumbnailWidth":278,"thumbnailHeight":283}],"contributionURL":"","averageRating":4.5902,"reviewCount":144,"reviewURL":"https://addons.mozilla.org/en-US/firefox/addon/canvasblocker/reviews/","updateDate":1584480312000},{"id":"skipredirect@sblask","icons":{"32":"https://addons.cdn.mozilla.net/user-media/addon_icons/642/642100-32.png?modified=1506036020","64":"https://addons.cdn.mozilla.net/user-media/addon_icons/642/642100-64.png?modified=1506036020","128":"https://addons.cdn.mozilla.net/user-media/addon_icons/642/642100-128.png?modified=1506036020"},"name":"Skip Redirect","version":"2.2.3","sourceURI":"https://addons.mozilla.org/firefox/downloads/file/3447089/skip_redirect-2.2.3-fx.xpi?src=","homepageURL":null,"supportURL":"https://github.com/sblask/webextension-skip-redirect","description":"Some web pages use intermediary pages before redirecting to a final page. This add-on tries to extract the final url from the intermediary url and goes there straight away if successful.","fullDescription":"Skip Redirect\n=====================\nSome web pages use intermediary pages before redirecting to a final page. This\nwebextension tries to extract the final url from the intermediary url and goes\nthere straight away if successful. As an example, try this url:\n\nwww.google.com/chrome/?i-would-rather-use-firefox=http%3A%2F%2Fwww.mozilla.org/\n\nPlease give feedback(see below) if you find websites where this fails or where\nyou get redirected in a weird way when this add-on is enabled but not when it's\ndisabled.\n\nSee the add-on's preferences (also available by clicking the toolbar icon) for\noptions. By default all URLs but the ones matching a blacklist are checked for\nembedded URLs and redirects are skipped. Depending on the pages visited, this\ncan cause problems. For example a dysfunctional login. The blacklist can be\nedited to avoid these problems. There is also a whitelist mode to avoid this\nkind of problem altogether. In whitelist mode, all URLs for which redirects\nshould be skipped need to be configured by hand.\n\nFeedback\n--------\n\nYou can report bugs or make feature requests on\nhttps://github.com/sblask/webextension-skip-redirect.\n\nPatches are welcome.","weeklyDownloads":1658,"type":"extension","creator":{"name":"Sebastian Blask","url":"https://addons.mozilla.org/en-US/firefox/user/10503078/"},"developers":[],"screenshots":[{"url":"https://addons.cdn.mozilla.net/user-media/previews/full/162/162862.png?modified=1543520355","width":550,"height":175,"thumbnailURL":"https://addons.cdn.mozilla.net/user-media/previews/thumbs/162/162862.png?modified=1543520355","thumbnailWidth":550,"thumbnailHeight":175,"caption":"The red \"skip\" above the addons' toolbar icon indicates that a skip of a redirect has happened during the last 3 seconds(the delay is configurable in the addons' preferences)."},{"url":"https://addons.cdn.mozilla.net/user-media/previews/full/162/162858.png?modified=1543520355","width":550,"height":175,"thumbnailURL":"https://addons.cdn.mozilla.net/user-media/previews/thumbs/162/162858.png?modified=1543520355","thumbnailWidth":550,"thumbnailHeight":175,"caption":"If you hold the mouse pointer above the toolbar icon, details about the original url(the one that got skipped) and the final url are shown."},{"url":"https://addons.cdn.mozilla.net/user-media/previews/full/162/162864.png?modified=1543520356","width":550,"height":175,"thumbnailURL":"https://addons.cdn.mozilla.net/user-media/previews/thumbs/162/162864.png?modified=1543520356","thumbnailWidth":550,"thumbnailHeight":175,"caption":"Use the toolbar icon to disable(the icon will light grey as in this picture) and enable the skipping."}],"contributionURL":"","averageRating":4.62,"reviewCount":67,"reviewURL":"https://addons.mozilla.org/en-US/firefox/addon/skip-redirect/reviews/","updateDate":1573828244000},{"id":"neaturl@hugsmile.eu","icons":{"32":"https://addons.cdn.mozilla.net/user-media/addon_icons/843/843685-32.png?modified=1531509535","64":"https://addons.cdn.mozilla.net/user-media/addon_icons/843/843685-64.png?modified=1531509535","128":"https://addons.cdn.mozilla.net/user-media/addon_icons/843/843685-128.png?modified=1531509535"},"name":"Neat URL","version":"4.1.5","sourceURI":"https://addons.mozilla.org/firefox/downloads/file/970953/neat_url-4.1.5-an+fx.xpi?src=","homepageURL":"http://hugsmile.eu","supportURL":"https://github.com/Smile4ever/Neat-URL","description":"Remove garbage from URLs.","fullDescription":"Neat URL cleans URLs, removing parameters such as Google Analytics' utm parameters.\n\nExample\nBefore:\nhttp://www.phoronix.com/scan.php?page=news_item&px=Ioquake3-Auto-Updater&utm_source=feedburner&utm_medium=feed&utm_campaign=Feed%3A+Phoronix+(Phoronix)\n\nAfter:\nhttp://www.phoronix.com/scan.php?page=news_item&px=Ioquake3-Auto-Updater\n\nCustom rules can be added using the global format or the domain specific format (parameter@domain). A domain specific parameter would be, for example, utm_campaign@phoronix.com.\n\nParameter rules\nA parameter is something that starts with ?. You can add your own parameter in the options of Neat URL. The ? is ommitted in the options, so a ?ved parameter becomes \"ved\". There are a few exceptions to this rule (see below)\n\nParameters can be global (for every domain):\nutm_source\n\nParameters can contain @ signs (domain-specific):\nnb@tweakers.net\n\nParameters can contain @ signs with a wildcard so every subdomain will match too:\nparam@*.wired.com\n\nParameters can contain @ signs with a wildcard at the end of a domain name (matches every domain name which begins with \"google\" and ends in an unknown suffix:\nparam@google.*\n\nParameters can also apply globally (first rule), except for a (wilcard) domain (second rule):\n\nref\n!ref@amazon.co.uk\n\nThe excluded domain always takes precedence. Should you include \"ref\" and \"!ref\", \"!ref\" will apply.\n\nOther valid parameters (exceptions to the ? rule):\n#xtor=RSS-8 (remove this parameter - be sure to include its value as well when you are using anchor tags)\n#xtor=RSS-8@futura-sciences.com\n$/ref@amazon.* (remove everything after /ref on amazon domains - this will only apply when there are no query parameters left after removing the filtered query parameters)\n$$/ref@amazon.* (remove everything after /ref on amazon domains - this will always apply, even when there are other query parameters after removing the filtered query parameters - this option is available because the user should be in control but beware that double dollar signs are dangerous, it might break the URL)\n\nInvalid parameters:\nparam@*.google.* (too many wildcards)\n!ved (this is some random string - not supported, but it might work)\n/ref@amazon.*$ (dollar sign should be at the beginning)\n\nHistory\nNeat URL is based on Lean URL. Neat URL contains a few improvements:\n* set your own URL parameters on the options page (to reach feature parity with Pure URL)\n* fixed for recent Firefox versions\n* a nice animation in the toolbar (can be changed or disabled)\n* domain-specific blocked parameters (to reach feature parity with Pure URL)\n* wildcard domain-specific blocked parameters\n\nBug reports and feature requests\nYou can open an issue on GitHub: https://github.com/Smile4ever/Neat-URL/issues/new","weeklyDownloads":826,"type":"extension","creator":{"name":"Geoffrey De Belie","url":"https://addons.mozilla.org/en-US/firefox/user/6259307/"},"developers":[],"screenshots":[],"contributionURL":"https://www.paypal.me/Smile4ever/5?utm_content=product-page-contribute&utm_medium=referral&utm_source=addons.mozilla.org","averageRating":4.5439,"reviewCount":62,"reviewURL":"https://addons.mozilla.org/en-US/firefox/addon/neat-url/reviews/","updateDate":1527533707000},{"id":"{569456be-2850-4f7e-b669-71e55140ee0a}","icons":{"32":"https://addons.cdn.mozilla.net/user-media/addon_icons/858/858450-32.png?modified=2bcc5213","64":"https://addons.cdn.mozilla.net/user-media/addon_icons/858/858450-64.png?modified=2bcc5213","128":"https://addons.cdn.mozilla.net/user-media/addon_icons/858/858450-128.png?modified=2bcc5213"},"name":"Redirect AMP to HTML","version":"2.1.0","sourceURI":"https://addons.mozilla.org/firefox/downloads/file/3546077/redirect_amp_to_html-2.1.0-an+fx.xpi?src=","homepageURL":"https://www.daniel.priv.no/web-extensions/amp2html.html","supportURL":"https://www.daniel.priv.no/web-extensions/amp2html.html","description":"Automatically redirects AMP pages to the regular web page variant.","fullDescription":"Automatically redirects any Accelerated Mobile Page (AMP) pages to their regular HTML equivalent.\n\nWhen you see an AMP page, you’re likely seeing a page served directly by Bing or Google who can suck in information about what you do on that page. Keep the web decentralized and say “No!” to search engines that want to take control over the web.\n\nAMP pages are designed for small-screen devices and often don’t translate well to larger screens. The extension can be especially useful if you receive links from people who’re on their mobile devices while you’re on your desktop computer.","weeklyDownloads":348,"type":"extension","creator":{"name":"Aleksandersen","url":"https://addons.mozilla.org/en-US/firefox/user/14225318/"},"developers":[],"screenshots":[],"contributionURL":"https://flattr.com/@Aleksandersen/domain/daniel.priv.no?utm_content=product-page-contribute&utm_medium=referral&utm_source=addons.mozilla.org","averageRating":4.6591,"reviewCount":18,"reviewURL":"https://addons.mozilla.org/en-US/firefox/addon/amp2html/reviews/","updateDate":1586471411000},{"id":"{7fc8ef53-24ec-4205-87a4-1e745953bb0d}","icons":{"32":"https://addons.cdn.mozilla.net/user-media/addon_icons/931/931864-32.png?modified=cd504acd","64":"https://addons.cdn.mozilla.net/user-media/addon_icons/931/931864-64.png?modified=cd504acd","128":"https://addons.cdn.mozilla.net/user-media/addon_icons/931/931864-128.png?modified=cd504acd"},"name":"CSS Exfil Protection","version":"1.0.17","sourceURI":"https://addons.mozilla.org/firefox/downloads/file/3425076/css_exfil_protection-1.0.17-an+fx.xpi?src=","homepageURL":"https://www.mike-gualtieri.com/css-exfil-vulnerability-tester","supportURL":"https://www.mike-gualtieri.com/css-exfil-vulnerability-tester","description":"Guard your browser against CSS Exfil attacks!\n\nCSS Exfil is a method attackers can use to steal data from web pages using Cascading Style Sheets (CSS). This plugin sanitizes and blocks any CSS rules which may be designed to steal data.","fullDescription":null,"weeklyDownloads":361,"type":"extension","creator":{"name":"Mike Gualtieri","url":"https://addons.mozilla.org/en-US/firefox/user/8776114/"},"developers":[],"screenshots":[{"url":"https://addons.cdn.mozilla.net/user-media/previews/full/211/211349.png?modified=1543521070","width":2400,"height":1157,"thumbnailURL":"https://addons.cdn.mozilla.net/user-media/previews/thumbs/211/211349.png?modified=1543521070","thumbnailWidth":640,"thumbnailHeight":309}],"contributionURL":"","averageRating":4.7179,"reviewCount":13,"reviewURL":"https://addons.mozilla.org/en-US/firefox/addon/css-exfil-protection/reviews/","updateDate":1571171110000},{"id":"poop@cm.org","icons":{"32":"https://addons.cdn.mozilla.net/user-media/addon_icons/1012/1012731-32.png?modified=e97aa3af","64":"https://addons.cdn.mozilla.net/user-media/addon_icons/1012/1012731-64.png?modified=e97aa3af","128":"https://addons.cdn.mozilla.net/user-media/addon_icons/1012/1012731-128.png?modified=e97aa3af"},"name":"Privacy-Oriented Origin Policy","version":"1.4.2","sourceURI":"https://addons.mozilla.org/firefox/downloads/file/1396562/privacy_oriented_origin_policy-1.4.2-an+fx.xpi?src=","homepageURL":"https://claustromaniac.github.io/poop/","supportURL":"https://github.com/claustromaniac/poop/issues","description":"Prevent Firefox from sending Origin headers when they are least likely to be necessary, to protect your privacy.","fullDescription":"Please, see the home page for more information. Don't worry, there are no trackers, ads, miners, or analytics in there. It's just a static page.","weeklyDownloads":137,"type":"extension","creator":{"name":"claustromaniac","url":"https://addons.mozilla.org/en-US/firefox/user/13341776/"},"developers":[],"screenshots":[],"contributionURL":"","averageRating":4.8182,"reviewCount":5,"reviewURL":"https://addons.mozilla.org/en-US/firefox/addon/privacy-oriented-origin-policy/reviews/","updateDate":1548358808000},{"id":"etag-stoppa@cm.org","icons":{"32":"https://addons.cdn.mozilla.net/user-media/addon_icons/994/994801-32.png?modified=4786d4ff","64":"https://addons.cdn.mozilla.net/user-media/addon_icons/994/994801-64.png?modified=4786d4ff","128":"https://addons.cdn.mozilla.net/user-media/addon_icons/994/994801-128.png?modified=4786d4ff"},"name":"ETag Stoppa","version":"0.4","sourceURI":"https://addons.mozilla.org/firefox/downloads/file/1191752/etag_stoppa-0.4-an+fx.xpi?src=","homepageURL":null,"supportURL":"https://github.com/claustromaniac/etag-stoppa/issues","description":"Prevents Firefox from storing entity tags by removing ETag response headers unconditionally and without exceptions.\n\nMinimalism at its fullest.","fullDescription":"WARNING: ETags for resources that were cached prior to installing this will remain intact. You will have to manually clear the cache once to remove existing ETags after installing this extension.\n\nI was using a more general-purpose extension for editing headers, but most of the rules I made were only experimental. The only constant across all my profiles was a rule to remove ETag headers. I decided that I didn't need the extra bells and whistles, and so this diminutive extension was born.\n\nThis site has a functional proof of concept that you can use to confirm the extension is working as intended. Note that you may need to whitelist the site in uBlock Origin, because that extension can prevent the HTML document from being cached (depending on your personal settings), and the test relies on that.\n\nKeep in mind that ETags are only *one* of the known tracking/de-anonimizing vectors related to the cache. I am aware of at least three other less straightforward methods to exploit the cache for those purposes. If you are absolutely serious about your privacy, do not rely on this extension. Instead, disable the cache and/or use another extension like Temporary Containers in automatic mode.\n\nMight as well recommend you to take a good look at this project if you haven't already. Even if you already use a user.js file to manage your Firefox settings, I recommend you to at least take a good look at the wiki, which is full of valuable up-to-date information for all Firefox users seeking to tighten our security and privacy.","weeklyDownloads":79,"type":"extension","creator":{"name":"claustromaniac","url":"https://addons.mozilla.org/en-US/firefox/user/13341776/"},"developers":[],"screenshots":[],"contributionURL":"","averageRating":4.7,"reviewCount":2,"reviewURL":"https://addons.mozilla.org/en-US/firefox/addon/etag-stoppa/reviews/","updateDate":1545768907000},{"id":"smart-referer@meh.paranoid.pk","icons":{"32":"https://addons.cdn.mozilla.net/user-media/addon_icons/327/327417-32.png?modified=f7d194b9","64":"https://addons.cdn.mozilla.net/user-media/addon_icons/327/327417-64.png?modified=f7d194b9","128":"https://addons.cdn.mozilla.net/user-media/addon_icons/327/327417-128.png?modified=f7d194b9"},"name":"Smart Referer","version":"0.2.15","sourceURI":"https://addons.mozilla.org/firefox/downloads/file/3470999/smart_referer-0.2.15-an+fx.xpi?src=","homepageURL":"https://gitlab.com/smart-referer/smart-referer","supportURL":"https://gitlab.com/smart-referer/smart-referer/issues","description":"Improve your privacy by limiting Referer information leak!","fullDescription":"Automatically hide HTTP Referer and JavaScript document.referrer for cross-domain requests!\n\nTo workaround (rare) breakage, a whitelist of related domains is regularily downloaded (24h) and applied in the background. You may view and update the current version of this whitelist here.\n\nFurther information on advanced configuration options, writing your own whitelist entries and contributing is available in the repositiory README file.\n\nThis extension supports Waterfox Classic!","weeklyDownloads":900,"type":"extension","creator":{"name":"meh.","url":"https://addons.mozilla.org/en-US/firefox/user/5453183/"},"developers":[{"name":"Alexander Schlarb","url":"https://addons.mozilla.org/en-US/firefox/user/5622055/"}],"screenshots":[{"url":"https://addons.cdn.mozilla.net/user-media/previews/full/202/202127.png?modified=1543519597","width":1476,"height":1030,"thumbnailURL":"https://addons.cdn.mozilla.net/user-media/previews/thumbs/202/202127.png?modified=1543519597","thumbnailWidth":640,"thumbnailHeight":447,"caption":"Preference page"},{"url":"https://addons.cdn.mozilla.net/user-media/previews/full/202/202128.png?modified=1543519597","width":428,"height":127,"thumbnailURL":"https://addons.cdn.mozilla.net/user-media/previews/thumbs/202/202128.png?modified=1543519597","thumbnailWidth":428,"thumbnailHeight":127,"caption":"Toolbar icons: Enabled dark/light on top; disabled on bottom"}],"contributionURL":"","averageRating":4.3,"reviewCount":66,"reviewURL":"https://addons.mozilla.org/en-US/firefox/addon/smart-referer/reviews/","updateDate":1576670110000},{"id":"{c607c8df-14a7-4f28-894f-29e8722976af}","icons":{"32":"https://addons.cdn.mozilla.net/user-media/addon_icons/888/888648-32.png?modified=mcrushed","64":"https://addons.cdn.mozilla.net/user-media/addon_icons/888/888648-64.png?modified=mcrushed","128":"https://addons.cdn.mozilla.net/user-media/addon_icons/888/888648-128.png?modified=mcrushed"},"name":"Temporary Containers","version":"1.8","sourceURI":"https://addons.mozilla.org/firefox/downloads/file/3511233/temporary_containers-1.8-fx.xpi?src=","homepageURL":"https://github.com/stoically/temporary-containers","supportURL":"https://github.com/stoically/temporary-containers/issues","description":"Open tabs, websites, and links in automatically managed disposable containers. Containers isolate data websites store (cookies, storage, and more) from each other, enhancing your privacy and security while you browse.","fullDescription":"Easily open disposable containers that isolate attached data and are deleted after usage: Fully automatic, based on navigation-target, for certain websites, with configured mouse clicks on links or just by using the toolbar icon.\n\n    Privacy Policy and Permissions\n    How does it enhance my privacy?\n    Matrix room: #tmp:mozilla.org\n\n\nUsage\n\n    How to open Temporary Containers?\n    Want to make the most out of Temporary Containers? Enable Automatic Mode!\n    How to stay logged in on some websites in Automatic Mode?\n    Troubleshooting\n\n\nAdvanced Usage\n\n    More Keyboard Shortcuts\n    Automatically Delete History\n    Cookies\n    Scripts\n\n\nMiscellaneous\n\n    Free Software / Open Source\n    Comparison with other privacy configurations and Add-ons\n    Compatibility with other Add-ons\n    Complementing Add-ons\n    Recommended privacy enhancing Add-ons","weeklyDownloads":1074,"type":"extension","creator":{"name":"stoically","url":"https://addons.mozilla.org/en-US/firefox/user/13470938/"},"developers":[],"screenshots":[{"url":"https://addons.cdn.mozilla.net/user-media/previews/full/222/222022.png?modified=1562747796","width":282,"height":122,"thumbnailURL":"https://addons.cdn.mozilla.net/user-media/previews/thumbs/222/222022.png?modified=1562747796","thumbnailWidth":282,"thumbnailHeight":122},{"url":"https://addons.cdn.mozilla.net/user-media/previews/full/222/222021.png?modified=1562747797","width":792,"height":785,"thumbnailURL":"https://addons.cdn.mozilla.net/user-media/previews/thumbs/222/222021.png?modified=1562747797","thumbnailWidth":484,"thumbnailHeight":480},{"url":"https://addons.cdn.mozilla.net/user-media/previews/full/222/222020.png?modified=1562747797","width":729,"height":574,"thumbnailURL":"https://addons.cdn.mozilla.net/user-media/previews/thumbs/222/222020.png?modified=1562747797","thumbnailWidth":610,"thumbnailHeight":480},{"url":"https://addons.cdn.mozilla.net/user-media/previews/full/222/222019.png?modified=1562747797","width":746,"height":617,"thumbnailURL":"https://addons.cdn.mozilla.net/user-media/previews/thumbs/222/222019.png?modified=1562747797","thumbnailWidth":580,"thumbnailHeight":480},{"url":"https://addons.cdn.mozilla.net/user-media/previews/full/200/200204.png?modified=1562747792","width":496,"height":475,"thumbnailURL":"https://addons.cdn.mozilla.net/user-media/previews/thumbs/200/200204.png?modified=1562747792","thumbnailWidth":496,"thumbnailHeight":475},{"url":"https://addons.cdn.mozilla.net/user-media/previews/full/222/222018.png?modified=1562747797","width":976,"height":485,"thumbnailURL":"https://addons.cdn.mozilla.net/user-media/previews/thumbs/222/222018.png?modified=1562747797","thumbnailWidth":640,"thumbnailHeight":318}],"contributionURL":"","averageRating":4.7256,"reviewCount":72,"reviewURL":"https://addons.mozilla.org/en-US/firefox/addon/temporary-containers/reviews/","updateDate":1582277714000},{"id":"uBlock0@raymondhill.net","icons":{"32":"https://addons.cdn.mozilla.net/user-media/addon_icons/607/607454-32.png?modified=mcrushed","64":"https://addons.cdn.mozilla.net/user-media/addon_icons/607/607454-64.png?modified=mcrushed","128":"https://addons.cdn.mozilla.net/user-media/addon_icons/607/607454-128.png?modified=mcrushed"},"name":"uBlock Origin","version":"1.26.0","sourceURI":"https://addons.mozilla.org/firefox/downloads/file/3541312/ublock_origin-1.26.0-an+fx.xpi?src=","homepageURL":"https://github.com/gorhill/uBlock#ublock-origin","supportURL":"https://old.reddit.com/r/uBlockOrigin/","description":"Finally, an efficient blocker. Easy on CPU and memory.","fullDescription":"An efficient blocker: easy on memory and CPU footprint, and yet can load and enforce thousands more filters than other popular blockers out there.\n\nUsage: The big power button in the popup is to permanently disable/enable uBlock for the current web site. It applies to the current web site only, it is not a global power button.\n\n***\n\nFlexible, it's more than an \"ad blocker\": it can also read and create filters from hosts files.\n\nOut of the box, these lists of filters are loaded and enforced:\n\n- EasyList\n- Peter Lowe’s Ad server list\n- EasyPrivacy\n- Malware domains\n\nMore lists are available for you to select if you wish:\n\n- Fanboy’s Enhanced Tracking List\n- Dan Pollock’s hosts file\n- hpHosts’s Ad and tracking servers\n- MVPS HOSTS\n- Spam404\n- And many others\n\nOf course, the more filters enabled, the higher the memory footprint. Yet, even after adding Fanboy's two extra lists, hpHosts’s Ad and tracking servers, uBlock Origin still has a lower memory footprint than other very popular blockers out there.\n\nAlso, be aware that selecting some of these extra lists may lead to higher likelihood of web site breakage -- especially those lists which are normally used as hosts file.\n\n***\n\nFree.\nOpen source with public license (GPLv3)\nFor users by users.\n\nIf ever you really do want to contribute something, think about the people working hard to maintain the filter lists you are using, which were made available to use by all for free.\n\n***\n\nDocumentation:\nhttps://github.com/gorhill/uBlock#ublock-origin\n\nProject change log:\nhttps://github.com/gorhill/uBlock/releases\n\nContributors @ Github:\nhttps://github.com/gorhill/uBlock/graphs/contributors\n\nContributors @ Crowdin:\nhttps://crowdin.net/project/ublock","weeklyDownloads":232441,"type":"extension","creator":{"name":"Raymond Hill","url":"https://addons.mozilla.org/en-US/firefox/user/11423598/"},"developers":[],"screenshots":[{"url":"https://addons.cdn.mozilla.net/user-media/previews/full/230/230365.png?modified=1578152397","width":800,"height":600,"thumbnailURL":"https://addons.cdn.mozilla.net/user-media/previews/thumbs/230/230365.png?modified=1578152397","thumbnailWidth":640,"thumbnailHeight":480,"caption":"Default mode"},{"url":"https://addons.cdn.mozilla.net/user-media/previews/full/230/230368.png?modified=1578152397","width":800,"height":600,"thumbnailURL":"https://addons.cdn.mozilla.net/user-media/previews/thumbs/230/230368.png?modified=1578152397","thumbnailWidth":640,"thumbnailHeight":480,"caption":"The dashboard: stock filter lists"},{"url":"https://addons.cdn.mozilla.net/user-media/previews/full/230/230367.png?modified=1578152397","width":800,"height":600,"thumbnailURL":"https://addons.cdn.mozilla.net/user-media/previews/thumbs/230/230367.png?modified=1578152397","thumbnailWidth":640,"thumbnailHeight":480,"caption":"Dynamic filtering allows default-deny modes"},{"url":"https://addons.cdn.mozilla.net/user-media/previews/full/230/230369.png?modified=1578152397","width":800,"height":600,"thumbnailURL":"https://addons.cdn.mozilla.net/user-media/previews/thumbs/230/230369.png?modified=1578152397","thumbnailWidth":640,"thumbnailHeight":480,"caption":"The dashboard: settings"},{"url":"https://addons.cdn.mozilla.net/user-media/previews/full/230/230370.png?modified=1578152402","width":800,"height":600,"thumbnailURL":"https://addons.cdn.mozilla.net/user-media/previews/thumbs/230/230370.png?modified=1578152402","thumbnailWidth":640,"thumbnailHeight":480,"caption":"The unified logger tells you all that uBO is seeing and doing"}],"contributionURL":"","averageRating":4.7022,"reviewCount":4091,"reviewURL":"https://addons.mozilla.org/en-US/firefox/addon/ublock-origin/reviews/","updateDate":1587391218000},{"id":"uMatrix@raymondhill.net","icons":{"32":"https://addons.cdn.mozilla.net/user-media/addon_icons/613/613250-32.png?modified=1586876248","64":"https://addons.cdn.mozilla.net/user-media/addon_icons/613/613250-64.png?modified=1586876248","128":"https://addons.cdn.mozilla.net/user-media/addon_icons/613/613250-128.png?modified=1586876248"},"name":"uMatrix","version":"1.4.0","sourceURI":"https://addons.mozilla.org/firefox/downloads/file/3396815/umatrix-1.4.0-an+fx.xpi?src=","homepageURL":"https://github.com/gorhill/uMatrix","supportURL":"https://discourse.mozilla-community.org/t/support-umatrix/5131","description":"Point & click to forbid/allow any class of requests made by your browser. Use it to block scripts, iframes, ads, facebook, etc.","fullDescription":"uMatrix: A point-and-click matrix-based firewall, with many privacy-enhancing tools.\n\n*For advanced users.*\n\nuMatrix put you in full control of where your browser is allowed to connect, what type of data it is allowed to download, and what it is allowed to execute. Nobody else decides for you: You choose. You are in full control of your privacy.\n\nOut of the box, uMatrix works in relax block-all/allow-exceptionally mode, meaning web sites which require 3rd-party scripts are likely to be \"broken\". With two clicks, uMatrix can be set to work in allow-all/block-exceptionally mode, which generally will not break web sites. See https://github.com/gorhill/httpswitchboard/wiki/How-to-use-HTTP-Switchboard:-Two-opposing-views for more details on this topic.\n\n* See ALL the remote connections, failed or attempted, depending on whether they were blocked or allowed (you decide).\n\n* A single-click to whitelist/blacklist one or multiple classes of requests according to the destination and type of data (a blocked request will NEVER leave your browser).\n\n* Efficient blacklisting: cookies won't leave your browser, JavaScript won't execute, plugins won't play, tracking pixels won't download, etc.\n\n* You do not have to solely rely on just one particular curated blacklist (arguably with many missing entries) outside which nothing else can be blocked: You are in full control.\n\n* Ease of use: uMatrix lets you easily whitelist/blacklist net requests which originate from within a web page according to a point-and-click matrix:\n\n- domain names (left column)\n* from very specific\n* to very generic\n\n- type of requests (top row)\n* cookies\n* CSS-related resources (stylesheets and web fonts)\n* images\n* plugins\n* scripts\n* XHR (requests made by scripts)\n* frames\n* others\n\nYou can blacklist/whitelist a single cell, an entire row, a group of rows, an entire column, or the whole matrix with just one click.\n\nuMatrix's filtering engine uses precedence logic to evaluate what is blocked/allowed according to which cells are blacklisted/whitelisted. For example, this allows you to whitelist a whole page with one click, without having to repeatedly whitelist whatever new data appear on the page.\n\nAll rules are scoped. For example, you can block `facebook.com` and `facebook.net` everywhere except when visiting a page on `www.facebook.com`. This way Facebook won't be able to build a profile of your browsing habits.\n\nThe goal of this extension is to make the allowing or blocking of web sites, wholly or partly, as straightforward as possible, so as to encourage users to care about their privacy.\n\nThe extension comes with 3rd-party hosts files totaling over 62,000 distinct hostnames (lists can be selectively disabled/enabled according to your choice).\n\nUltimately, you can choose however you browse the net:\n\n* Blacklist all by default, and whitelist as needed (default mode).\n\n* Whitelist all by default, and blacklist as needed.\n\nEither way, you still benefit from the preset blacklists so that at least you get basic protection from trackers, malware sites, etc. Or you can disable all of these preset blacklists.\n\nYour choice.\n\nRandomly assembled documentation: https://github.com/gorhill/uMatrix/wiki\n\n=====\n\nThis extension is also useful to understand what the web page in your browser is doing, often without your knowledge. You have full ability to see and decide with whom a web page communicates, and to restrict these communications to specific classes of objects within the web page.\n\nThe number which appear in the extension icon correspond to the total number of distinct requests attempted (successfully or not depending on whether these were allowed or blocked) by the web page.\n\nSimply click on the appropriate entry in the matrix in order to white-, black- or graylist a component. Graylisting means the blocked or allowed status will be inherited from another cell with higher precedence in the matrix.\n\nRed square = effectively blacklisted, i.e. requests are prevented from reaching their intended destination:\n* Dark red square: the domain name and/or type of request is specifically blacklisted.\n* Faded red square: the blacklist status is inherited because the entry is graylisted.\n\nGreen square = effectively whitelisted, i.e. requests are allowed to reach their intended destination:\n* Dark green square: the domain name and/or type of request is specifically whitelisted.\n* Faded green square: the whitelist status is inherited because the entry is graylisted.\n\nThe top-left cell in the matrix, the \"all\" cell, represents the default global setting, which allows you to choose whether allowing or blocking everything is the default behavior. Some prefer to allow everything while blocking exceptionally. My personal preference is of course the reverse, blocking everything and allowing exceptionally.\n\nThis extension is also useful if you wish to speed up your browsing, by globally blocking all requests for images as an example.\n\n=====\n\nBUGS, ISSUES: https://github.com/gorhill/uMatrix/issues\n\nSOURCE CODE: https://github.com/gorhill/uMatrix (GPLv3)\n\nCHANGE LOG: https://github.com/gorhill/uMatrix/releases","weeklyDownloads":7463,"type":"extension","creator":{"name":"Raymond Hill","url":"https://addons.mozilla.org/en-US/firefox/user/11423598/"},"developers":[],"screenshots":[{"url":"https://addons.cdn.mozilla.net/user-media/previews/full/158/158458.png?modified=1543520594","width":640,"height":480,"thumbnailURL":"https://addons.cdn.mozilla.net/user-media/previews/thumbs/158/158458.png?modified=1543520594","thumbnailWidth":640,"thumbnailHeight":480,"caption":"Point and click to allow/block narrow or broad classes of network requests. Click the \"all\" cell to toggle the whole matrix between allow and block."},{"url":"https://addons.cdn.mozilla.net/user-media/previews/full/158/158460.png?modified=1543520595","width":640,"height":480,"thumbnailURL":"https://addons.cdn.mozilla.net/user-media/previews/thumbs/158/158460.png?modified=1543520595","thumbnailWidth":640,"thumbnailHeight":480,"caption":"Privacy features."},{"url":"https://addons.cdn.mozilla.net/user-media/previews/full/158/158462.png?modified=1543520596","width":640,"height":480,"thumbnailURL":"https://addons.cdn.mozilla.net/user-media/previews/thumbs/158/158462.png?modified=1543520596","thumbnailWidth":640,"thumbnailHeight":480,"caption":"Hosts files allow to automatically blacklist thousands of hostnames."},{"url":"https://addons.cdn.mozilla.net/user-media/previews/full/158/158464.png?modified=1543520597","width":640,"height":480,"thumbnailURL":"https://addons.cdn.mozilla.net/user-media/previews/thumbs/158/158464.png?modified=1543520597","thumbnailWidth":640,"thumbnailHeight":480,"caption":"Logger: see all network requests, including the ones made by the browser and other extensions (behind-the-scene requests)."}],"contributionURL":"","averageRating":4.7371,"reviewCount":352,"reviewURL":"https://addons.mozilla.org/en-US/firefox/addon/umatrix/reviews/","updateDate":1582579508000},{"id":"jid1-KKzOGWgsW3Ao4Q@jetpack","icons":{"32":"https://addons.cdn.mozilla.net/user-media/addon_icons/481/481438-32.png?modified=1580043090","64":"https://addons.cdn.mozilla.net/user-media/addon_icons/481/481438-64.png?modified=1580043090","128":"https://addons.cdn.mozilla.net/user-media/addon_icons/481/481438-128.png?modified=1580043090"},"name":"I don't care about cookies","version":"3.1.4","sourceURI":"https://addons.mozilla.org/firefox/downloads/file/3548211/i_dont_care_about_cookies-3.1.4-an+fx.xpi?src=","homepageURL":"https://www.i-dont-care-about-cookies.eu/","supportURL":"https://www.i-dont-care-about-cookies.eu/","description":"Get rid of cookie warnings from almost all websites!","fullDescription":"The EU regulations require that any website using tracking cookies must get user's permission before installing them. These warnings appear on most websites until the visitor agrees with the website's terms and conditions. Imagine how irritating that becomes when you surf anonymously or if you delete cookies automatically every time you close the browser.\n\nThis add-on will remove these cookie warnings from almost all websites! You can report any website which still warns you about cookies: make a right click and choose 'Report a cookie warning' from the menu.\n\nOther browsers are supported too. Check https://www.i-dont-care-about-cookies.eu/ for info, support and donations.\n\n\nPrivacy policy related stuff:\n\nIf the user chooses \"Report a cookie warning\" from the menu, this add-on collects the URL of the current page and redirects user to the reporting page.\n\nThis addon periodicaly (usually once a year) notifies users about what has been and needs to be done.","weeklyDownloads":5743,"type":"extension","creator":{"name":"Kiko","url":"https://addons.mozilla.org/en-US/firefox/user/10289989/"},"developers":[],"screenshots":[{"url":"https://addons.cdn.mozilla.net/user-media/previews/full/207/207405.png?modified=1543520146","width":1280,"height":800,"thumbnailURL":"https://addons.cdn.mozilla.net/user-media/previews/thumbs/207/207405.png?modified=1543520146","thumbnailWidth":640,"thumbnailHeight":400,"caption":"\"I don't care about cookies\" browser extension."},{"url":"https://addons.cdn.mozilla.net/user-media/previews/full/207/207406.png?modified=1543520148","width":823,"height":380,"thumbnailURL":"https://addons.cdn.mozilla.net/user-media/previews/thumbs/207/207406.png?modified=1543520148","thumbnailWidth":640,"thumbnailHeight":296,"caption":"Get rid of these with \"I don't care about cookies\" browser extension."}],"contributionURL":"https://www.paypal.me/kiboke/?utm_content=product-page-contribute&utm_medium=referral&utm_source=addons.mozilla.org","averageRating":4.6108,"reviewCount":281,"reviewURL":"https://addons.mozilla.org/en-US/firefox/addon/i-dont-care-about-cookies/reviews/","updateDate":1586754612000},{"id":"{25c707e5-8daf-4703-8cd5-7059121396d9}","icons":{"32":"https://addons.cdn.mozilla.net/static/img/addon-icons/default-32.png","64":"https://addons.cdn.mozilla.net/static/img/addon-icons/default-64.png","128":"https://addons.cdn.mozilla.net/static/img/addon-icons/default-128.png"},"name":"Maximize All Windows (Minimalist Version)","version":"0.1","sourceURI":"https://addons.mozilla.org/firefox/downloads/file/2179566/maximize_all_windows_minimalist_version-0.1-fx.xpi?src=","homepageURL":null,"supportURL":"https://github.com/ericchase/maximize-all-windows/tree/master-minimal","description":"A minimalist version of the \"Maximize All Windows\" addon.","fullDescription":"Maximizes all browser windows on startup only.\n\nNo other features.\nNo options.\nNo icons.","weeklyDownloads":11,"type":"extension","creator":{"name":"ericchase","url":"https://addons.mozilla.org/en-US/firefox/user/14676290/"},"developers":[],"screenshots":[],"contributionURL":"","averageRating":5,"reviewCount":3,"reviewURL":"https://addons.mozilla.org/en-US/firefox/addon/maximize-all-windows-minimal/reviews/","updateDate":1556803809000},{"id":"{1cbcb826-509e-4073-afbc-0d0fedb54d7b}","icons":{"32":"https://addons.cdn.mozilla.net/user-media/addon_icons/2592/2592418-32.png?modified=68f9435c","64":"https://addons.cdn.mozilla.net/user-media/addon_icons/2592/2592418-64.png?modified=68f9435c","128":"https://addons.cdn.mozilla.net/user-media/addon_icons/2592/2592418-128.png?modified=68f9435c"},"name":"Close unused blank tabs Plus","version":"1.0.3","sourceURI":"https://addons.mozilla.org/firefox/downloads/file/3386635/close_unused_blank_tabs_plus-1.0.3-fx.xpi?src=","homepageURL":"https://github.com/crssi/Close-unused-blank-tabs-Plus/","supportURL":"https://github.com/crssi/Close-unused-blank-tabs-Plus/","description":"Closes unused blank tabs","fullDescription":"This extension was inspired by \"Close unused blank tabs\" created by Dustin Luck.\n\nI have decided to make a new one since original web extension have problems opening multiple links at once and does not support custom new tab page webextensions and Cliqz.","weeklyDownloads":15,"type":"extension","creator":{"name":"crssi","url":"https://addons.mozilla.org/en-US/firefox/user/12320878/"},"developers":[],"screenshots":[],"contributionURL":"","averageRating":5,"reviewCount":1,"reviewURL":"https://addons.mozilla.org/en-US/firefox/addon/close-unused-blank-tabs-plus/reviews/","updateDate":1566548410000}]}