{"version":2,"commands":{},"prefs":{"privacy.containers":{"initialValue":{"privacy.userContext.enabled":true,"privacy.userContext.longPressBehavior":2,"privacy.userContext.ui.enabled":true,"privacy.usercontext.about_newtab_segregation.enabled":true,"privacy.userContext.extension":""},"precedenceList":[{"id":"{d5ac33ed-723c-402b-b17c-e7bbb0d3a80d}","installDate":1576232311828,"value":"{d5ac33ed-723c-402b-b17c-e7bbb0d3a80d}","enabled":true},{"id":"containerise@kinte.sh","installDate":1576232275808,"value":"containerise@kinte.sh","enabled":true},{"id":"{c607c8df-14a7-4f28-894f-29e8722976af}","installDate":1576232111857,"value":"{c607c8df-14a7-4f28-894f-29e8722976af}","enabled":true},{"id":"CanvasBlocker@kkapsner.de","installDate":1576231811582,"value":"CanvasBlocker@kkapsner.de","enabled":true}]},"network.networkPredictionEnabled":{"initialValue":{"network.predictor.enabled":false,"network.prefetch-next":false,"network.http.speculative-parallel-limit":0,"network.dns.disablePrefetch":true},"precedenceList":[{"id":"uMatrix@raymondhill.net","installDate":1576232142077,"value":false,"enabled":true},{"id":"uBlock0@raymondhill.net","installDate":1576232136189,"value":false,"enabled":true},{"id":"jid1-BoFifL9Vbdl2zQ@jetpack","installDate":1576231861547,"value":false,"enabled":true}]},"websites.hyperlinkAuditingEnabled":{"initialValue":{"browser.send_pings":false},"precedenceList":[{"id":"uBlock0@raymondhill.net","installDate":1576232136189,"value":false,"enabled":true}]},"network.webRTCIPHandlingPolicy":{"initialValue":{"media.peerconnection.ice.default_address_only":true,"media.peerconnection.ice.no_host":true,"media.peerconnection.ice.proxy_only_if_behind_proxy":true,"media.peerconnection.ice.proxy_only":false},"precedenceList":[{"id":"uBlock0@raymondhill.net","installDate":1576232136189,"value":"default_public_interface_only","enabled":true}]}},"url_overrides":{},"default_search":{},"homepageNotification":{},"tabHideNotification":{},"newTabNotification":{}}