{"hotfix-disable-websockets-over-h2-65-1523978":{"name":"hotfix-disable-websockets-over-h2-65-1523978","branch":"disabled","expired":false,"lastSeen":"2019-02-09T11:34:01.064Z","preferenceName":"network.http.spdy.websockets","preferenceValue":false,"preferenceType":"boolean","previousPreferenceValue":true,"preferenceBranchType":"default","experimentType":"exp"},"prefflip-push-performance-1491171":{"name":"prefflip-push-performance-1491171","branch":"control","expired":false,"lastSeen":"2019-02-09T11:34:01.068Z","preferenceName":"dom.push.alwaysConnect","preferenceValue":false,"preferenceType":"boolean","previousPreferenceValue":false,"preferenceBranchType":"default","experimentType":"exp"}}