{"version":2,"commands":{},"prefs":{"privacy.containers":{"initialValue":{"privacy.userContext.enabled":true,"privacy.userContext.longPressBehavior":2,"privacy.userContext.ui.enabled":true},"precedenceList":[{"id":"{d5ac33ed-723c-402b-b17c-e7bbb0d3a80d}","installDate":1579092731262,"value":"{d5ac33ed-723c-402b-b17c-e7bbb0d3a80d}","enabled":true},{"id":"containerise@kinte.sh","installDate":1579092705350,"value":"containerise@kinte.sh","enabled":true},{"id":"{c607c8df-14a7-4f28-894f-29e8722976af}","installDate":1579092561912,"value":"{c607c8df-14a7-4f28-894f-29e8722976af}","enabled":true},{"id":"CanvasBlocker@kkapsner.de","installDate":1579092172512,"value":"CanvasBlocker@kkapsner.de","enabled":true}]},"network.networkPredictionEnabled":{"initialValue":{"network.predictor.enabled":false,"network.prefetch-next":false,"network.http.speculative-parallel-limit":0,"network.dns.disablePrefetch":true},"precedenceList":[{"id":"uMatrix@raymondhill.net","installDate":1579092596328,"value":false,"enabled":true},{"id":"uBlock0@raymondhill.net","installDate":1579092590381,"value":false,"enabled":true},{"id":"jid1-BoFifL9Vbdl2zQ@jetpack","installDate":1579092226396,"value":false,"enabled":true}]},"websites.hyperlinkAuditingEnabled":{"initialValue":{},"precedenceList":[{"id":"uBlock0@raymondhill.net","installDate":1579092590381,"value":false,"enabled":true}]},"network.webRTCIPHandlingPolicy":{"initialValue":{"media.peerconnection.ice.default_address_only":true,"media.peerconnection.ice.no_host":true,"media.peerconnection.ice.proxy_only_if_behind_proxy":true},"precedenceList":[{"id":"uBlock0@raymondhill.net","installDate":1579092590381,"value":"default_public_interface_only","enabled":true}]}},"url_overrides":{},"default_search":{},"homepageNotification":{},"tabHideNotification":{},"newTabNotification":{}}