{"schema":5,"addons":[{"id":"CanvasBlocker@kkapsner.de","icons":{"32":"https://addons.cdn.mozilla.net/user-media/addon_icons/534/534930-32.png?modified=1558891871","64":"https://addons.cdn.mozilla.net/user-media/addon_icons/534/534930-64.png?modified=1558891871","128":"https://addons.cdn.mozilla.net/user-media/addon_icons/534/534930-128.png?modified=1558891871"},"type":"extension","name":"CanvasBlocker","version":"0.5.13","creator":{"name":"kkapsner","url":"https://addons.mozilla.org/en-US/firefox/user/11033762/"},"developers":[],"description":"Alters some JS APIs to prevent fingerprinting.","fullDescription":"This add-on allows users to prevent websites from using some Javascript APIs to fingerprint them. Users can choose to block the APIs entirely on some or all websites (which may break some websites) or fake its fingerprinting-friendly readout API.\n\nIMPORTANT: you should only have ONE addon/setting set that protects an API. Otherwise you could face massive performance issues. (E.g. EclipsedMoon for Palemoon has 'canvas.poison' which is known to cause issues: https://github.com/kkapsner/CanvasBlocker/issues/253#issuecomment-459499290)\nBut setting privacy.resistFingerprinting to true is fine.\n\nMore information on fingerprinting can be found at:\n\n    <canvas>: http://www.browserleaks.com/canvas\n    audio:\n        https://audiofingerprint.openwpm.com/ (very poorly written = slow)\n        https://webtransparency.cs.princeton.edu/webcensus/#audio-fp\n    DOMRect:\n        http://jcarlosnorte.com/security/2016/03/06/advanced-tor-browser-fingerprinting.html\n        https://browserleaks.com/rects\n\n\nThe different block modes are:\n\n    fake: Canvas Blocker's default setting, and my favorite! All websites not on the white list or black list can use the protected APIs. But values obtained by the APIs are altered so that a consistent fingerprinting is not possible\n    ask for permission: If a website is not listed on the white list or black list, the user will be asked if the website should be allowed to use the protected APIs each time they are called.\n    block everything: Ignore all lists and block the protected APIs on all websites.\n    allow only white list: Only websites in the white list are allowed to use the protected APIs.\n    block only black list: Block the protected APIs only for websites on the black list.\n    allow everything: Ignore all lists and allow the protected APIs on all websites.\n\n\nProtected \"fingerprinting\" APIs:\n\n    canvas 2d\n    webGL\n    audio\n    history\n    window (disabled by default)\n    DOMRect\n    navigator (disabled by default)\n\n\nPlease report issues and feature requests at https://github.com/kkapsner/CanvasBlocker/issues","screenshots":[{"url":"https://addons.cdn.mozilla.net/user-media/previews/full/194/194239.png?modified=1543520165","width":700,"height":279,"thumbnailURL":"https://addons.cdn.mozilla.net/user-media/previews/thumbs/194/194239.png?modified=1543520165","thumbnailWidth":640,"thumbnailHeight":255},{"url":"https://addons.cdn.mozilla.net/user-media/previews/full/191/191763.png?modified=1543520166","width":278,"height":283,"thumbnailURL":"https://addons.cdn.mozilla.net/user-media/previews/thumbs/191/191763.png?modified=1543520166","thumbnailWidth":278,"thumbnailHeight":283}],"homepageURL":"https://github.com/kkapsner/CanvasBlocker/","supportURL":null,"contributionURL":"","averageRating":4.622,"reviewCount":125,"reviewURL":"https://addons.mozilla.org/en-US/firefox/addon/canvasblocker/reviews/","weeklyDownloads":4325,"sourceURI":"https://addons.mozilla.org/firefox/downloads/file/3364932/canvasblocker-0.5.13-an+fx.xpi?src=","updateDate":1564001114000},{"id":"{7fc8ef53-24ec-4205-87a4-1e745953bb0d}","icons":{"32":"https://addons.cdn.mozilla.net/user-media/addon_icons/931/931864-32.png?modified=cd504acd","64":"https://addons.cdn.mozilla.net/user-media/addon_icons/931/931864-64.png?modified=cd504acd","128":"https://addons.cdn.mozilla.net/user-media/addon_icons/931/931864-128.png?modified=cd504acd"},"type":"extension","name":"CSS Exfil Protection","version":"1.0.15","creator":{"name":"Mike Gualtieri","url":"https://addons.mozilla.org/en-US/firefox/user/8776114/"},"developers":[],"description":"Guard your browser against CSS Exfil attacks!\n\nCSS Exfil is a method attackers can use to steal data from web pages using Cascading Style Sheets (CSS). This plugin sanitizes and blocks any CSS rules which may be designed to steal data.","fullDescription":null,"screenshots":[{"url":"https://addons.cdn.mozilla.net/user-media/previews/full/211/211349.png?modified=1543521070","width":2400,"height":1157,"thumbnailURL":"https://addons.cdn.mozilla.net/user-media/previews/thumbs/211/211349.png?modified=1543521070","thumbnailWidth":640,"thumbnailHeight":309}],"homepageURL":"https://www.mike-gualtieri.com/css-exfil-vulnerability-tester","supportURL":"https://www.mike-gualtieri.com/css-exfil-vulnerability-tester","contributionURL":"","averageRating":4.8,"reviewCount":10,"reviewURL":"https://addons.mozilla.org/en-US/firefox/addon/css-exfil-protection/reviews/","weeklyDownloads":400,"sourceURI":"https://addons.mozilla.org/firefox/downloads/file/3043038/css_exfil_protection-1.0.15-an+fx.xpi?src=","updateDate":1561207207000},{"id":"jid1-BoFifL9Vbdl2zQ@jetpack","icons":{"32":"https://addons.cdn.mozilla.net/user-media/addon_icons/521/521554-32.png?modified=mcrushed","64":"https://addons.cdn.mozilla.net/user-media/addon_icons/521/521554-64.png?modified=mcrushed","128":"https://addons.cdn.mozilla.net/user-media/addon_icons/521/521554-128.png?modified=mcrushed"},"type":"extension","name":"Decentraleyes","version":"2.0.12","creator":{"name":"Thomas Rientjes","url":"https://addons.mozilla.org/en-US/firefox/user/6937656/"},"developers":[],"description":"Protects you against tracking through \"free\", centralized, content delivery. It prevents a lot of requests from reaching networks like Google Hosted Libraries, and serves local files to keep sites from breaking. Complements regular content blockers.","fullDescription":"Websites have increasingly begun to rely much more on large third-parties for content delivery. Canceling requests for ads or trackers is usually without issue, however blocking actual content, not unexpectedly, breaks pages. The aim of this add-on is to cut out the middleman by providing lightning speed delivery of local (bundled) files to improve online privacy.\n\n     • Protects privacy by evading large delivery networks that claim to offer free services.\n     • Complements regular blockers such as uBlock Origin (recommended), Adblock Plus, et al.\n     • Works directly out of the box; absolutely no prior configuration required.\n\nNote: Decentraleyes is no silver bullet, but it does prevent a lot of websites from making you send these kinds of requests. Ultimately, you can make Decentraleyes block requests for any missing CDN resources, too.\n\n   > Simpler introduction: https://git.synz.io/Synzvato/decentraleyes/wikis/Simple-Introduction\n\nAm I Currently Protected?\n\nThe following testing utility shows you if you are properly protected. It's the recommended and, probably, fastest way to see if this add-on is installed, enabled, and correctly configured.\n\n   > Full link to testing utility: https://decentraleyes.org/test\n\nFrequently Asked Questions\n\n   > Full link to FAQ: https://git.synz.io/Synzvato/decentraleyes/wikis/Frequently-Asked-Questions\n\nTechnical Information\n\n- Supported Networks: Google Hosted Libraries, Microsoft Ajax CDN, CDNJS (Cloudflare), jQuery CDN (MaxCDN), jsDelivr (MaxCDN), Yandex CDN, Baidu CDN, Sina Public Resources, and UpYun Libraries.\n\n- Bundled Resources: AngularJS, Backbone.js, Dojo, Ember.js, Ext Core, jQuery, jQuery UI, Modernizr, MooTools, Prototype, Scriptaculous, SWFObject, Underscore.js, and Web Font Loader.\n\nPersonal Support\n\nIs your question not listed above, or do you have any other reason to contact me personally? You can always reach me at decentraleyes@protonmail.com. Bug reports or suggestions are highly welcome and I reply to every single email.\n\nFeel free to use this public PGP key for encrypted communication.\n\n   > Full link to public PGP key: https://decentraleyes.org/3f774aff6d/public-key.txt\n\nAre You Enjoying this Add-on?\n\nDecentraleyes is, and will always be, free, but you can support its continued development by making a donation, by contributing on GitLab, or by spreading the word (which does wonders). Any help would be greatly appreciated!\n\n     • GitLab: https://git.synz.io/Synzvato/decentraleyes\n     • Donate: https://decentraleyes.org/donate","screenshots":[{"url":"https://addons.cdn.mozilla.net/user-media/previews/full/137/137406.png?modified=1543520350","width":700,"height":521,"thumbnailURL":"https://addons.cdn.mozilla.net/user-media/previews/thumbs/137/137406.png?modified=1543520350","thumbnailWidth":640,"thumbnailHeight":476,"caption":"Evades Content Delivery Networks without breaking websites."},{"url":"https://addons.cdn.mozilla.net/user-media/previews/full/205/205808.png?modified=1543520352","width":700,"height":521,"thumbnailURL":"https://addons.cdn.mozilla.net/user-media/previews/thumbs/205/205808.png?modified=1543520352","thumbnailWidth":640,"thumbnailHeight":476,"caption":"Complements regular content blockers (e.g. uBlock Origin)."}],"homepageURL":"https://decentraleyes.org","supportURL":"https://decentraleyes.org","contributionURL":"","averageRating":4.8201,"reviewCount":237,"reviewURL":"https://addons.mozilla.org/en-US/firefox/addon/decentraleyes/reviews/","weeklyDownloads":16245,"sourceURI":"https://addons.mozilla.org/firefox/downloads/file/3048828/decentraleyes-2.0.12-an+fx.xpi?src=","updateDate":1561539905000},{"id":"etag-stoppa@cm.org","icons":{"32":"https://addons.cdn.mozilla.net/user-media/addon_icons/994/994801-32.png?modified=4786d4ff","64":"https://addons.cdn.mozilla.net/user-media/addon_icons/994/994801-64.png?modified=4786d4ff","128":"https://addons.cdn.mozilla.net/user-media/addon_icons/994/994801-128.png?modified=4786d4ff"},"type":"extension","name":"ETag Stoppa","version":"0.4","creator":{"name":"claustromaniac","url":"https://addons.mozilla.org/en-US/firefox/user/13341776/"},"developers":[],"description":"Prevents Firefox from storing entity tags by removing ETag response headers unconditionally and without exceptions.\n\nMinimalism at its fullest.","fullDescription":"WARNING: ETags for resources that were cached prior to installing this will remain intact. You will have to manually clear the cache once to remove existing ETags after installing this extension.\n\nI was using a more general-purpose extension for editing headers, but most of the rules I made were only experimental. The only constant across all my profiles was a rule to remove ETag headers. I decided that I didn't need the extra bells and whistles, and so this diminutive extension was born.\n\nThis site has a functional proof of concept that you can use to confirm the extension is working as intended. Note that you may need to whitelist the site in uBlock Origin, because that extension can prevent the HTML document from being cached (depending on your personal settings), and the test relies on that.\n\nKeep in mind that ETags are only *one* of the known tracking/de-anonimizing vectors related to the cache. I am aware of at least three other less straightforward methods to exploit the cache for those purposes. If you are absolutely serious about your privacy, do not rely on this extension. Instead, disable the cache and/or use another extension like Temporary Containers in automatic mode.\n\nMight as well recommend you to take a good look at this project if you haven't already. Even if you already use a user.js file to manage your Firefox settings, I recommend you to at least take a good look at the wiki, which is full of valuable up-to-date information for all Firefox users seeking to tighten our security and privacy.","screenshots":[],"homepageURL":null,"supportURL":"https://github.com/claustromaniac/etag-stoppa/issues","contributionURL":"","averageRating":4.8,"reviewCount":2,"reviewURL":"https://addons.mozilla.org/en-US/firefox/addon/etag-stoppa/reviews/","weeklyDownloads":63,"sourceURI":"https://addons.mozilla.org/firefox/downloads/file/1191752/etag_stoppa-0.4-an+fx.xpi?src=","updateDate":1545768907000},{"id":"jid0-XWJxt5VvCXkKzQK99PhZqAn7Xbg@jetpack","icons":{"32":"https://addons.cdn.mozilla.net/user-media/addon_icons/351/351740-32.png?modified=mcrushed","64":"https://addons.cdn.mozilla.net/user-media/addon_icons/351/351740-64.png?modified=mcrushed","128":"https://addons.cdn.mozilla.net/user-media/addon_icons/351/351740-128.png?modified=mcrushed"},"type":"extension","name":"Google search link fix","version":"1.6.8","creator":{"name":"Wladimir Palant","url":"https://addons.mozilla.org/en-US/firefox/user/13616734/"},"developers":[],"description":"This extension prevents Google and Yandex search pages from modifying search result links when you click them. This is useful when copying links but it also helps privacy by preventing the search engines from recording your clicks.","fullDescription":"Google and Yandex search pages have the annoying habit of changing the result link when you click it. So if you right-click the link in order to copy it you get some gibberish instead of what you wanted. This extension disables that behavior – on any Google or Yandex domain, without having to configure anything. Simply install and enjoy! As an added bonus, the search engine can no longer track your clicks.\n\nKnown limitations\n\n    This extension cannot recover links after they have been modified. This means that it doesn’t work on Google Search on smartphones (tablet version will work fine) or if JavaScript is disabled — Google will produce modified links from the start rather than changing them when you click the link.\n\n\nSource code / Contributing\n\nThe extension source code is available under https://github.com/palant/searchlinkfix.","screenshots":[{"url":"https://addons.cdn.mozilla.net/user-media/previews/full/65/65241.png?modified=1543520081","width":553,"height":325,"thumbnailURL":"https://addons.cdn.mozilla.net/user-media/previews/thumbs/65/65241.png?modified=1543520081","thumbnailWidth":553,"thumbnailHeight":325,"caption":"Before"},{"url":"https://addons.cdn.mozilla.net/user-media/previews/full/65/65243.png?modified=1543520082","width":553,"height":325,"thumbnailURL":"https://addons.cdn.mozilla.net/user-media/previews/thumbs/65/65243.png?modified=1543520082","thumbnailWidth":553,"thumbnailHeight":325,"caption":"After"}],"homepageURL":"https://github.com/palant/searchlinkfix","supportURL":"https://github.com/palant/searchlinkfix/issues","contributionURL":"","averageRating":4.7709,"reviewCount":244,"reviewURL":"https://addons.mozilla.org/en-US/firefox/addon/google-search-link-fix/reviews/","weeklyDownloads":2318,"sourceURI":"https://addons.mozilla.org/firefox/downloads/file/3051379/google_search_link_fix-1.6.8-an+fx.xpi?src=","updateDate":1562070991000},{"id":"neaturl@hugsmile.eu","icons":{"32":"https://addons.cdn.mozilla.net/user-media/addon_icons/843/843685-32.png?modified=1531509535","64":"https://addons.cdn.mozilla.net/user-media/addon_icons/843/843685-64.png?modified=1531509535","128":"https://addons.cdn.mozilla.net/user-media/addon_icons/843/843685-128.png?modified=1531509535"},"type":"extension","name":"Neat URL","version":"4.1.5","creator":{"name":"Geoffrey De Belie","url":"https://addons.mozilla.org/en-US/firefox/user/6259307/"},"developers":[],"description":"Remove garbage from URLs.","fullDescription":"Neat URL cleans URLs, removing parameters such as Google Analytics' utm parameters.\n\nExample\nBefore:\nhttp://www.phoronix.com/scan.php?page=news_item&px=Ioquake3-Auto-Updater&utm_source=feedburner&utm_medium=feed&utm_campaign=Feed%3A+Phoronix+(Phoronix)\n\nAfter:\nhttp://www.phoronix.com/scan.php?page=news_item&px=Ioquake3-Auto-Updater\n\nCustom rules can be added using the global format or the domain specific format (parameter@domain). A domain specific parameter would be, for example, utm_campaign@phoronix.com.\n\nParameter rules\nA parameter is something that starts with ?. You can add your own parameter in the options of Neat URL. The ? is ommitted in the options, so a ?ved parameter becomes \"ved\". There are a few exceptions to this rule (see below)\n\nParameters can be global (for every domain):\nutm_source\n\nParameters can contain @ signs (domain-specific):\nnb@tweakers.net\n\nParameters can contain @ signs with a wildcard so every subdomain will match too:\nparam@*.wired.com\n\nParameters can contain @ signs with a wildcard at the end of a domain name (matches every domain name which begins with \"google\" and ends in an unknown suffix:\nparam@google.*\n\nParameters can also apply globally (first rule), except for a (wilcard) domain (second rule):\n\nref\n!ref@amazon.co.uk\n\nThe excluded domain always takes precedence. Should you include \"ref\" and \"!ref\", \"!ref\" will apply.\n\nOther valid parameters (exceptions to the ? rule):\n#xtor=RSS-8 (remove this parameter - be sure to include its value as well when you are using anchor tags)\n#xtor=RSS-8@futura-sciences.com\n$/ref@amazon.* (remove everything after /ref on amazon domains - this will only apply when there are no query parameters left after removing the filtered query parameters)\n$$/ref@amazon.* (remove everything after /ref on amazon domains - this will always apply, even when there are other query parameters after removing the filtered query parameters - this option is available because the user should be in control but beware that double dollar signs are dangerous, it might break the URL)\n\nInvalid parameters:\nparam@*.google.* (too many wildcards)\n!ved (this is some random string - not supported, but it might work)\n/ref@amazon.*$ (dollar sign should be at the beginning)\n\nHistory\nNeat URL is based on Lean URL. Neat URL contains a few improvements:\n* set your own URL parameters on the options page (to reach feature parity with Pure URL)\n* fixed for recent Firefox versions\n* a nice animation in the toolbar (can be changed or disabled)\n* domain-specific blocked parameters (to reach feature parity with Pure URL)\n* wildcard domain-specific blocked parameters\n\nBug reports and feature requests\nYou can open an issue on GitHub: https://github.com/Smile4ever/Neat-URL/issues/new","screenshots":[],"homepageURL":"http://hugsmile.eu","supportURL":"https://github.com/Smile4ever/Neat-URL","contributionURL":"https://www.paypal.me/Smile4ever/5","averageRating":4.4894,"reviewCount":57,"reviewURL":"https://addons.mozilla.org/en-US/firefox/addon/neat-url/reviews/","weeklyDownloads":979,"sourceURI":"https://addons.mozilla.org/firefox/downloads/file/970953/neat_url-4.1.5-an+fx.xpi?src=","updateDate":1527533707000},{"id":"poop@cm.org","icons":{"32":"https://addons.cdn.mozilla.net/user-media/addon_icons/1012/1012731-32.png?modified=e97aa3af","64":"https://addons.cdn.mozilla.net/user-media/addon_icons/1012/1012731-64.png?modified=e97aa3af","128":"https://addons.cdn.mozilla.net/user-media/addon_icons/1012/1012731-128.png?modified=e97aa3af"},"type":"extension","name":"Privacy-Oriented Origin Policy","version":"1.4.2","creator":{"name":"claustromaniac","url":"https://addons.mozilla.org/en-US/firefox/user/13341776/"},"developers":[],"description":"Prevent Firefox from sending Origin headers when they are least likely to be necessary, to protect your privacy.","fullDescription":"Please, see the home page for more information. Don't worry, there are no trackers, ads, miners, or analytics in there. It's just a static page.","screenshots":[],"homepageURL":"https://claustromaniac.github.io/poop/","supportURL":"https://github.com/claustromaniac/poop/issues","contributionURL":"","averageRating":4.7778,"reviewCount":4,"reviewURL":"https://addons.mozilla.org/en-US/firefox/addon/privacy-oriented-origin-policy/reviews/","weeklyDownloads":96,"sourceURI":"https://addons.mozilla.org/firefox/downloads/file/1396562/privacy_oriented_origin_policy-1.4.2-an+fx.xpi?src=","updateDate":1548358808000},{"id":"{569456be-2850-4f7e-b669-71e55140ee0a}","icons":{"32":"https://addons.cdn.mozilla.net/user-media/addon_icons/858/858450-32.png?modified=2bcc5213","64":"https://addons.cdn.mozilla.net/user-media/addon_icons/858/858450-64.png?modified=2bcc5213","128":"https://addons.cdn.mozilla.net/user-media/addon_icons/858/858450-128.png?modified=2bcc5213"},"type":"extension","name":"Redirect AMP to HTML","version":"2.0.0","creator":{"name":"Aleksandersen","url":"https://addons.mozilla.org/en-US/firefox/user/14225318/"},"developers":[],"description":"Automatically redirects AMP pages to the regular web page variant.","fullDescription":"Automatically redirects any Accelerated Mobile Page (AMP) pages to their regular HTML equivalent.\n\nWhen you see an AMP page, you’re likely seeing a page served directly by Bing or Google who can suck in information about what you do on that page. Keep the web decentralized and say “No!” to search engines that want to take control over the web.\n\nAMP pages are designed for small-screen devices and often don’t translate well to larger screens. The extension can be especially useful if you receive links from people who’re on their mobile devices while you’re on your desktop computer.","screenshots":[],"homepageURL":"https://www.daniel.priv.no/web-extensions/amp2html.html","supportURL":"https://www.daniel.priv.no/web-extensions/amp2html.html","contributionURL":"https://flattr.com/domain/daniel.priv.no","averageRating":4.6452,"reviewCount":15,"reviewURL":"https://addons.mozilla.org/en-US/firefox/addon/amp2html/reviews/","weeklyDownloads":193,"sourceURI":"https://addons.mozilla.org/firefox/downloads/file/1249561/redirect_amp_to_html-2.0.0-an+fx.xpi?src=","updateDate":1548216907000},{"id":"skipredirect@sblask","icons":{"32":"https://addons.cdn.mozilla.net/user-media/addon_icons/642/642100-32.png?modified=1506036020","64":"https://addons.cdn.mozilla.net/user-media/addon_icons/642/642100-64.png?modified=1506036020","128":"https://addons.cdn.mozilla.net/user-media/addon_icons/642/642100-128.png?modified=1506036020"},"type":"extension","name":"Skip Redirect","version":"2.2.2","creator":{"name":"Sebastian Blask","url":"https://addons.mozilla.org/en-US/firefox/user/10503078/"},"developers":[],"description":"Some web pages use intermediary pages before redirecting to a final page. This add-on tries to extract the final url from the intermediary url and goes there straight away if successful.","fullDescription":"Skip Redirect\n=====================\nSome web pages use intermediary pages before redirecting to a final page. This\nwebextension tries to extract the final url from the intermediary url and goes\nthere straight away if successful. As an example, try this url:\n\nwww.google.com/chrome/?i-would-rather-use-firefox=http%3A%2F%2Fwww.mozilla.org/\n\nPlease give feedback(see below) if you find websites where this fails or where\nyou get redirected in a weird way when this add-on is enabled but not when it's\ndisabled.\n\nSee the add-on's preferences (also available by clicking the toolbar icon) for\noptions. By default all URLs but the ones matching a blacklist are checked for\nembedded URLs and redirects are skipped. Depending on the pages visited, this\ncan cause problems. For example a dysfunctional login. The blacklist can be\nedited to avoid these problems. There is also a whitelist mode to avoid this\nkind of problem altogether. In whitelist mode, all URLs for which redirects\nshould be skipped need to be configured by hand.\n\nFeedback\n--------\n\nYou can report bugs or make feature requests on\nhttps://github.com/sblask/webextension-skip-redirect.\n\nPatches are welcome.","screenshots":[{"url":"https://addons.cdn.mozilla.net/user-media/previews/full/162/162862.png?modified=1543520355","width":550,"height":175,"thumbnailURL":"https://addons.cdn.mozilla.net/user-media/previews/thumbs/162/162862.png?modified=1543520355","thumbnailWidth":550,"thumbnailHeight":175,"caption":"The red \"skip\" above the addons' toolbar icon indicates that a skip of a redirect has happened during the last 3 seconds(the delay is configurable in the addons' preferences)."},{"url":"https://addons.cdn.mozilla.net/user-media/previews/full/162/162858.png?modified=1543520355","width":550,"height":175,"thumbnailURL":"https://addons.cdn.mozilla.net/user-media/previews/thumbs/162/162858.png?modified=1543520355","thumbnailWidth":550,"thumbnailHeight":175,"caption":"If you hold the mouse pointer above the toolbar icon, details about the original url(the one that got skipped) and the final url are shown."},{"url":"https://addons.cdn.mozilla.net/user-media/previews/full/162/162864.png?modified=1543520356","width":550,"height":175,"thumbnailURL":"https://addons.cdn.mozilla.net/user-media/previews/thumbs/162/162864.png?modified=1543520356","thumbnailWidth":550,"thumbnailHeight":175,"caption":"Use the toolbar icon to disable(the icon will light grey as in this picture) and enable the skipping."}],"homepageURL":null,"supportURL":"https://github.com/sblask/webextension-skip-redirect","contributionURL":"","averageRating":4.6282,"reviewCount":56,"reviewURL":"https://addons.mozilla.org/en-US/firefox/addon/skip-redirect/reviews/","weeklyDownloads":1448,"sourceURI":"https://addons.mozilla.org/firefox/downloads/file/3025806/skip_redirect-2.2.2-fx.xpi?src=","updateDate":1560510008000},{"id":"smart-referer@meh.paranoid.pk","icons":{"32":"https://addons.cdn.mozilla.net/user-media/addon_icons/327/327417-32.png?modified=f7d194b9","64":"https://addons.cdn.mozilla.net/user-media/addon_icons/327/327417-64.png?modified=f7d194b9","128":"https://addons.cdn.mozilla.net/user-media/addon_icons/327/327417-128.png?modified=f7d194b9"},"type":"extension","name":"Smart Referer","version":"0.2.10","creator":{"name":"meh.","url":"https://addons.mozilla.org/en-US/firefox/user/5453183/"},"developers":[{"name":"Alexander Schlarb","url":"https://addons.mozilla.org/en-US/firefox/user/5622055/"}],"description":"Improve your privacy by limiting Referer information leak!","fullDescription":"Automatically hide HTTP Referer and JavaScript document.referrer for cross-domain requests!\n\nTo workaround (rare) breakage, a whitelist of related domains is regularily downloaded (24h) and applied in the background. You may view and update the current version of this whitelist here.\n\nFurther information on advanced configuration options, writing your own whitelist entries and contributing is available in the repositiory README file.","screenshots":[{"url":"https://addons.cdn.mozilla.net/user-media/previews/full/202/202127.png?modified=1543519597","width":1476,"height":1030,"thumbnailURL":"https://addons.cdn.mozilla.net/user-media/previews/thumbs/202/202127.png?modified=1543519597","thumbnailWidth":640,"thumbnailHeight":447,"caption":"Preference page"},{"url":"https://addons.cdn.mozilla.net/user-media/previews/full/202/202128.png?modified=1543519597","width":428,"height":127,"thumbnailURL":"https://addons.cdn.mozilla.net/user-media/previews/thumbs/202/202128.png?modified=1543519597","thumbnailWidth":428,"thumbnailHeight":127,"caption":"Toolbar icons: Enabled dark/light on top; disabled on bottom"}],"homepageURL":"https://gitlab.com/smart-referer/smart-referer","supportURL":"https://gitlab.com/smart-referer/smart-referer/issues","contributionURL":"","averageRating":4.266,"reviewCount":65,"reviewURL":"https://addons.mozilla.org/en-US/firefox/addon/smart-referer/reviews/","weeklyDownloads":897,"sourceURI":"https://addons.mozilla.org/firefox/downloads/file/1085726/smart_referer-0.2.10-an+fx.xpi?src=","updateDate":1537553407000},{"id":"{c607c8df-14a7-4f28-894f-29e8722976af}","icons":{"32":"https://addons.cdn.mozilla.net/user-media/addon_icons/888/888648-32.png?modified=mcrushed","64":"https://addons.cdn.mozilla.net/user-media/addon_icons/888/888648-64.png?modified=mcrushed","128":"https://addons.cdn.mozilla.net/user-media/addon_icons/888/888648-128.png?modified=mcrushed"},"type":"extension","name":"Temporary Containers","version":"1.2","creator":{"name":"stoically","url":"https://addons.mozilla.org/en-US/firefox/user/13470938/"},"developers":[],"description":"Open tabs, websites, and links in automatically managed disposable containers. Containers isolate data websites store (cookies, storage, and more) from each other, enhancing your privacy and security while you browse.","fullDescription":"Easily open disposable containers that isolate attached data and are deleted after usage: Fully automatic, based on navigation-target, for certain websites, with configured mouse clicks on links or just by using the toolbar icon.\n\nWant to make the most out of Temporary Containers? Enable Automatic Mode!\nThe Automatic Mode will overwrite your standard ways of opening new tabs - even when opened from an external program. Instead of opening tabs in No Container, it will open them in a freshly created Temporary Container. No more cookie, cache and storage collecting in one place, everything happens in its own isolated Temporary Container. If you enable Automatic Mode, you should also configure Mouse Clicks to open new Temporary Containers. Recommended preferences:\n\nIsolation > Global > Mouse Clicks:\n\n    Middle Mouse: Always\n\n\n\nHow to stay logged in on some websites in Automatic Mode?\nYou can use the official Multi-Account Containers Add-on from Mozilla to keep data (like cookies) from some websites in permanent containers and with that stay logged in. Then you can easily leave \"Automatic Mode\" enabled, which is preferable from a privacy-perspective. For a step-by-step guide and some more in-depth informations you might want to check out this article: https://medium.com/@stoically/enhance-your-privacy-in-firefox-with-temporary-containers-33925cd6cd21\n\nQuick Guide:\n\n    Install Multi-Account Containers\n    Click on the new toolbar icon and through the initial welcome-cards\n    Now you see a list of predefined permanent containers: Personal, Work, Banking, Shopping\n    Click on one of the permanent containers to open a new tab in it\n    Navigate to the website where you always want to stay logged in\n    Click the toolbar icon again and tick the \"Always open in\" checkbox\n    Now every time you navigate to that website it'll open in the permanent container\n\n\n\nHow does it enhance my privacy?\nEvery new Container isolates local data that websites create (First- and Third-Party Cookies, localStorage, indexedDB, HTTP data cache, Image Cache and any other areas supported by originAttributes - except HSTS and OCSP) from each other - that makes it harder to track you and thus enhances your privacy. Also - when the last tab in an automatically created Temporary Container closes it gets deleted (after 15minutes by default, so you can Undo Close Tabs in that timeframe) - and with it all data that websites created inside that Container. As a bonus it'll strip referer information if you use configured Websites, Isolation or Mouse Clicks to open new Temporary Containers. Besides enhancing privacy containers also do something for security. They help preventing CSRF, clickjacking, or other attacks which rely on the presence of ambient credentials. For more details and comparisons with other privacy enhancing methods check the bottom of this description.\n\n\nOpen Tabs in new Temporary Containers\n\n    Automatically in \"Automatic Mode\"\n    Isolation:\n    > Configuring per Domain\n    > MiddleMouse Click on a Link*\n    > Ctrl/Cmd+LeftMouse Click on a Link*\n    > LeftMouse Click on a Link*\n    > Configuring based on Navigation Target*\n    Clicking the \"Temporary Containers\"-Icon\n    Clicking on \"Open Link in New Temporary Container Tab\" in the ContextMenu of a Link\n    Pressing the Alt+C Shortcut\n\n    * Configurable in the Preferences Globally and Per Domain (disabled by default)\n\nNotes: Isolation wont work on or to addons.mozilla.org. Firefox prevents content scripts on and canceling requests to that domain.\n\nOther Keyboard Shortcuts\nOpen Tabs in the currently active Container by\n\n    Pressing Alt+X*\n    It's also possible to Middle Mouse or Ctrl/Cmd+Left Click on the default new tab icon\n\n\nOpen Tabs in new \"No Container\" Tabs (might be useful in Automatic Mode)\n\n    Pressing Alt+N* (Tab) or Shift+Alt+C* (Window)\n    It's also possible to RightClick ContextMenu on a Link \"Open Link in New Container Tab\" > \"No Container\"\n\n\n* Disabled by default. Need to be activated in the Advanced Add-on options.\n\n\nAutomatically Delete History\nThere's a feature that lets you open special Temporary Containers that automatically delete their History. It needs to be explicitly enabled in the options under \"Advanced\". It comes with a warning since Firefox doesn't support that feature fully yet: Every Full Website URL that you visit (including path) will get completely removed from history, since it's not possible to get only the History for one Container yet. Make sure to read the warning and explanation carefully before using that feature.\n\n\nSet Cookies\nSometimes you might want to set and send a specific cookie even when browsing in a Temporary Container. The advanced Set Cookies feature lets you configure on which websites cookies should be set. Setting cookies can make you easier fingerprintable. Especially when they contain user/session-specific data. Avoid setting cookies if you can.\n\n\nPrivacy Policy and Permissions\nTemporary Containers NEVER sends any data to external servers and it does not track anything. It only stores necessary data LOCALLY to provide functionality.\n\nTemporary Containers asks for permissions upon installation:\n\n    \"Access your data for all websites\": Required to provide automatic reopening of websites in Temporary Containers. In order to do that, it is necessary to be able to intercept and potentially cancel every request inside the browser. This is the all_urls permission in combination with the webRequest and webRequestBlocking permissions.\n    \"Access browser tabs\": Required to access the tabs URL, which is also needed to provide automatic reopening of Websites in Temporary Containers in cases where the currently loaded URL in the tab is relevant to decide whether to stay in a container or open a new one. This is the tabs permission.\n    \"Monitor extension usage and manage themes\": Required to provide automatic interoperability with other Container Add-ons like Multi-Account Containers, Facebook Container and Containerise. This is the management permission.\n\nMore required permissions included in the Add-on that don't show up as special text when installing the Add-on are:\n\n    contextMenus: Required to add the context menu entry when right clicking links.\n    contextualIdentities: Required to use the container feature itself, which is natively available in Firefox with this permission.\n    cookies: Required to manage tabs based on the \"cookieStoreId\", which is the internal way of handling tabs in combination with the container feature.\n    storage: Required to store and read preferences/options and data needed to provide functionality.\n\n\nYou can find tips for assessing the safety of an extension here and more general explanation about permission requests here.\n\n\nFree Software / Open Source\nTemporary Containers is Free Software / OpenSource published under the MIT License - so you could check the source or contribute on GitHub, if you'd like. If you want an easy way of taking a look into the source that actually is installed when clicking the \"Add to Firefox\" button, you can use the excellent Extension source viewer Add-on.\n\n\nSupport and Feedback\nIf you have any Suggestions, Feedback or Bugs please make sure to file an Issue on GitHub.\n\n\nTroubleshooting\nIf \"Firefox will: Never remember history\" in the Firefox Preferences/Options under \"Privacy & Security > History\" is selected or you're in a Private Window, then Temporary Containers will not work, since Containers aren't available in Private Windows. Also make sure that you can see a grayed out but ticked Checkbox with the description \"Enable Container Tabs\" in the Firefox Preferences/Options under \"Tabs\" after installing. You might need to reinstall Temporary Containers or refresh your Firefox profile if you can't see the ticked Checkbox there.\n\n\nCompatibility with other Add-ons\n\n    Foxy Gestures User Scripts to open new Temporary Containers\n\n\n\nComplementing Add-ons\n\n    I don't care about cookies: If you browse in Automatic Mode and are tired of seeing Cookie and Privacy reminders all over the place, this Add-on is for you. It removes almost all of them!\n    Switch Container Plus: Allows to switch the current tab to a different container using a toolbar icon popup.*\n\n    * There are security concerns involved when changing a tab between containers. Before installing, please read this article on the matter.\n\n\nRecommended privacy enhancing Add-ons\n\n    Decentraleyes:  Protects you against tracking through “free”, centralized, content delivery by automatically injecting local resources if possible.\n    Don’t track me google : If your search-engine of choice happens to be Google this Add-on will remove the tracking automatically placed on result-links. Or just use startpage.com instead.\n    HTTPS Everywhere:  Automatically redirects you to the secure version of websites if available.\n    Request Control: Lets you filter session, ref, utm and more query parameters from URLs and can also circumvent outgoing trackers on websites\n    Skip Redirect: Automatically skip redirects if possible\n    uBlock Origin:  I guess you already know this one. If not, check it out.\n\n\nYou might also want to check out github.com/ghacksuserjs/ghacks-user.js, which has comprehensive informations regarding Firefox configurations and a list of Add-ons.\n\nComparison with other privacy configurations and Add-ons\n\n    Private Windows: If you open “Private Windows” in Firefox, all tabs that you open within Private Windows (even multiple ones) use the same underlying container and accept first-party and third-party cookies. So if you do your browsing within Private Windows, it can easily be tracked between sites while the windows are open. A way to test that is, just login to a site in one Private Window, open another tab in a new Private Window and open the same site again — you’ll see that you’re still logged in. Of course, if you then close the windows, the container storage is cleared.\n    Disabled third-party cookies, maybe even with First Party Isolation: All first-party data will remain on your disk. If you for example open a link to an item on a shopping site in one tab and a little bit later open a link to another item on the same shopping site in another tab — then it’s clear to the site that you saw both items because of cookies/storage. If you're interested in a deep-dive into comparison with FPI or even want to participate in the discussion, then you can here.\n    Cookies AutoDelete to automatically remove cookies and localStorage: The same as with \"Private Windows\" and “Disabled third-party cookies” applies as long as the cookie storage isn’t cleared — which depends on which settings you have in CAD and defaults to manually clicking \"Clean\". Also with localStorage support enabled you make fingerprinting easier, because CAD needs to set a cookie for the domains you visit and CAD can’t clear indexebDB storage or CacheStorage at all (because of Firefox API limitations). If you want to see it yourself try filling your indexedDB and localStorage with 5kb on this site. Now close the tab (and click Clean depending on your settings), open the site again and you’ll see that the indexedDB storage is still there. It’s still pretty useful to use Cookies AutoDelete: it can keep your permanent container clean from unwanted Cookies. Make sure to activate the Container Support — and instead of activating localStorage support I’d recommend using Temporary Containers.\n    Different profiles or even Virtual Machines: The same as with \"Private Windows\" and “Disabled third-party cookies” applies. However, different profiles / VMs of course greatly increase security because storage-wise everything is totally separated and thus also stronger isolated. But that doesn't apply to per Tab or per Domain basis.\n\n\nSo, whether you use First-Party Isolation, Cookie Cleaners, different Profiles or VMs - Containers can give you an easy to handle layer of isolation, privacy and security on top. That being said, please keep in mind that none of that makes you untrackable, because of Browser fingerprinting.","screenshots":[{"url":"https://addons.cdn.mozilla.net/user-media/previews/full/222/222022.png?modified=1562747796","width":282,"height":122,"thumbnailURL":"https://addons.cdn.mozilla.net/user-media/previews/thumbs/222/222022.png?modified=1562747796","thumbnailWidth":282,"thumbnailHeight":122},{"url":"https://addons.cdn.mozilla.net/user-media/previews/full/222/222021.png?modified=1562747797","width":792,"height":785,"thumbnailURL":"https://addons.cdn.mozilla.net/user-media/previews/thumbs/222/222021.png?modified=1562747797","thumbnailWidth":484,"thumbnailHeight":480},{"url":"https://addons.cdn.mozilla.net/user-media/previews/full/222/222020.png?modified=1562747797","width":729,"height":574,"thumbnailURL":"https://addons.cdn.mozilla.net/user-media/previews/thumbs/222/222020.png?modified=1562747797","thumbnailWidth":610,"thumbnailHeight":480},{"url":"https://addons.cdn.mozilla.net/user-media/previews/full/222/222019.png?modified=1562747797","width":746,"height":617,"thumbnailURL":"https://addons.cdn.mozilla.net/user-media/previews/thumbs/222/222019.png?modified=1562747797","thumbnailWidth":580,"thumbnailHeight":480},{"url":"https://addons.cdn.mozilla.net/user-media/previews/full/200/200204.png?modified=1562747792","width":496,"height":475,"thumbnailURL":"https://addons.cdn.mozilla.net/user-media/previews/thumbs/200/200204.png?modified=1562747792","thumbnailWidth":496,"thumbnailHeight":475},{"url":"https://addons.cdn.mozilla.net/user-media/previews/full/222/222018.png?modified=1562747797","width":976,"height":485,"thumbnailURL":"https://addons.cdn.mozilla.net/user-media/previews/thumbs/222/222018.png?modified=1562747797","thumbnailWidth":640,"thumbnailHeight":318}],"homepageURL":"https://github.com/stoically/temporary-containers","supportURL":"https://github.com/stoically/temporary-containers/issues","contributionURL":"","averageRating":4.6875,"reviewCount":56,"reviewURL":"https://addons.mozilla.org/en-US/firefox/addon/temporary-containers/reviews/","weeklyDownloads":1259,"sourceURI":"https://addons.mozilla.org/firefox/downloads/file/3366287/temporary_containers-1.2-fx.xpi?src=","updateDate":1564095312000},{"id":"uBlock0@raymondhill.net","icons":{"32":"https://addons.cdn.mozilla.net/user-media/addon_icons/607/607454-32.png?modified=mcrushed","64":"https://addons.cdn.mozilla.net/user-media/addon_icons/607/607454-64.png?modified=mcrushed","128":"https://addons.cdn.mozilla.net/user-media/addon_icons/607/607454-128.png?modified=mcrushed"},"type":"extension","name":"uBlock Origin","version":"1.21.2","creator":{"name":"Raymond Hill","url":"https://addons.mozilla.org/en-US/android/user/11423598/"},"developers":[],"description":"Finally, an efficient blocker. Easy on CPU and memory.","fullDescription":"An efficient blocker: easy on memory and CPU footprint, and yet can load and enforce thousands more filters than other popular blockers out there.\n\nIllustrated overview of its efficiency: https://github.com/gorhill/uBlock/wiki/uBlock-vs.-ABP:-efficiency-compared\n\nUsage: The big power button in the popup is to permanently disable/enable uBlock for the current web site. It applies to the current web site only, it is not a global power button.\n\n***\n\nFlexible, it's more than an \"ad blocker\": it can also read and create filters from hosts files.\n\nOut of the box, these lists of filters are loaded and enforced:\n\n- EasyList\n- Peter Lowe’s Ad server list\n- EasyPrivacy\n- Malware domains\n\nMore lists are available for you to select if you wish:\n\n- Fanboy’s Enhanced Tracking List\n- Dan Pollock’s hosts file\n- hpHosts’s Ad and tracking servers\n- MVPS HOSTS\n- Spam404\n- And many others\n\nOf course, the more filters enabled, the higher the memory footprint. Yet, even after adding Fanboy's two extra lists, hpHosts’s Ad and tracking servers, uBlock Origin still has a lower memory footprint than other very popular blockers out there.\n\nAlso, be aware that selecting some of these extra lists may lead to higher likelihood of web site breakage -- especially those lists which are normally used as hosts file.\n\n***\n\nFree.\nOpen source with public license (GPLv3)\nFor users by users.\n\nIf ever you really do want to contribute something, think about the people working hard to maintain the filter lists you are using, which were made available to use by all for free.\n\n***\n\nDocumentation:\nhttps://github.com/gorhill/uBlock#ublock-origin\n\nProject change log:\nhttps://github.com/gorhill/uBlock/releases\n\nContributors @ Github:\nhttps://github.com/gorhill/uBlock/graphs/contributors\n\nContributors @ Crowdin:\nhttps://crowdin.net/project/ublock","screenshots":[{"url":"https://addons.cdn.mozilla.net/user-media/previews/full/157/157572.png?modified=1543520531","width":640,"height":480,"thumbnailURL":"https://addons.cdn.mozilla.net/user-media/previews/thumbs/157/157572.png?modified=1543520531","thumbnailWidth":640,"thumbnailHeight":480,"caption":"Default mode"},{"url":"https://addons.cdn.mozilla.net/user-media/previews/full/157/157576.png?modified=1543520531","width":640,"height":480,"thumbnailURL":"https://addons.cdn.mozilla.net/user-media/previews/thumbs/157/157576.png?modified=1543520531","thumbnailWidth":640,"thumbnailHeight":480,"caption":"The dashboard: stock filter lists"},{"url":"https://addons.cdn.mozilla.net/user-media/previews/full/157/157592.png?modified=1543520532","width":640,"height":480,"thumbnailURL":"https://addons.cdn.mozilla.net/user-media/previews/thumbs/157/157592.png?modified=1543520532","thumbnailWidth":640,"thumbnailHeight":480,"caption":"Dynamic filtering allows default-deny mode"},{"url":"https://addons.cdn.mozilla.net/user-media/previews/full/159/159634.png?modified=1543520533","width":640,"height":480,"thumbnailURL":"https://addons.cdn.mozilla.net/user-media/previews/thumbs/159/159634.png?modified=1543520533","thumbnailWidth":640,"thumbnailHeight":480,"caption":"The dashboard: settings"},{"url":"https://addons.cdn.mozilla.net/user-media/previews/full/158/158734.png?modified=1543520534","width":700,"height":525,"thumbnailURL":"https://addons.cdn.mozilla.net/user-media/previews/thumbs/158/158734.png?modified=1543520534","thumbnailWidth":640,"thumbnailHeight":480,"caption":"Unified logger"}],"homepageURL":"https://github.com/gorhill/uBlock#ublock-origin","supportURL":"https://old.reddit.com/r/uBlockOrigin/","contributionURL":"","averageRating":4.6958,"reviewCount":3654,"reviewURL":"https://addons.mozilla.org/en-US/android/addon/ublock-origin/reviews/","weeklyDownloads":230205,"sourceURI":"https://addons.mozilla.org/android/downloads/file/3361355/ublock_origin-1.21.2-an+fx.xpi?src=","updateDate":1564504708000},{"id":"uMatrix@raymondhill.net","icons":{"32":"https://addons.cdn.mozilla.net/user-media/addon_icons/613/613250-32.png?modified=1529241623","64":"https://addons.cdn.mozilla.net/user-media/addon_icons/613/613250-64.png?modified=1529241623","128":"https://addons.cdn.mozilla.net/user-media/addon_icons/613/613250-128.png?modified=1529241623"},"type":"extension","name":"uMatrix","version":"1.3.16","creator":{"name":"Raymond Hill","url":"https://addons.mozilla.org/en-US/firefox/user/11423598/"},"developers":[],"description":"Point & click to forbid/allow any class of requests made by your browser. Use it to block scripts, iframes, ads, facebook, etc.","fullDescription":"uMatrix: A point-and-click matrix-based firewall, with many privacy-enhancing tools.\n\n*For advanced users.*\n\nuMatrix put you in full control of where your browser is allowed to connect, what type of data it is allowed to download, and what it is allowed to execute. Nobody else decides for you: You choose. You are in full control of your privacy.\n\nOut of the box, uMatrix works in relax block-all/allow-exceptionally mode, meaning web sites which require 3rd-party scripts are likely to be \"broken\". With two clicks, uMatrix can be set to work in allow-all/block-exceptionally mode, which generally will not break web sites. See https://github.com/gorhill/httpswitchboard/wiki/How-to-use-HTTP-Switchboard:-Two-opposing-views for more details on this topic.\n\n* See ALL the remote connections, failed or attempted, depending on whether they were blocked or allowed (you decide).\n\n* A single-click to whitelist/blacklist one or multiple classes of requests according to the destination and type of data (a blocked request will NEVER leave your browser).\n\n* Efficient blacklisting: cookies won't leave your browser, JavaScript won't execute, plugins won't play, tracking pixels won't download, etc.\n\n* You do not have to solely rely on just one particular curated blacklist (arguably with many missing entries) outside which nothing else can be blocked: You are in full control.\n\n* Ease of use: uMatrix lets you easily whitelist/blacklist net requests which originate from within a web page according to a point-and-click matrix:\n\n- domain names (left column)\n* from very specific\n* to very generic\n\n- type of requests (top row)\n* cookies\n* CSS-related resources (stylesheets and web fonts)\n* images\n* plugins\n* scripts\n* XHR (requests made by scripts)\n* frames\n* others\n\nYou can blacklist/whitelist a single cell, an entire row, a group of rows, an entire column, or the whole matrix with just one click.\n\nuMatrix's filtering engine uses precedence logic to evaluate what is blocked/allowed according to which cells are blacklisted/whitelisted. For example, this allows you to whitelist a whole page with one click, without having to repeatedly whitelist whatever new data appear on the page.\n\nAll rules are scoped. For example, you can block `facebook.com` and `facebook.net` everywhere except when visiting a page on `www.facebook.com`. This way Facebook won't be able to build a profile of your browsing habits.\n\nThe goal of this extension is to make the allowing or blocking of web sites, wholly or partly, as straightforward as possible, so as to encourage users to care about their privacy.\n\nThe extension comes with 3rd-party hosts files totaling over 62,000 distinct hostnames (lists can be selectively disabled/enabled according to your choice).\n\nUltimately, you can choose however you browse the net:\n\n* Blacklist all by default, and whitelist as needed (default mode).\n\n* Whitelist all by default, and blacklist as needed.\n\nEither way, you still benefit from the preset blacklists so that at least you get basic protection from trackers, malware sites, etc. Or you can disable all of these preset blacklists.\n\nYour choice.\n\nRandomly assembled documentation: https://github.com/gorhill/uMatrix/wiki\n\n=====\n\nThis extension is also useful to understand what the web page in your browser is doing, often without your knowledge. You have full ability to see and decide with whom a web page communicates, and to restrict these communications to specific classes of objects within the web page.\n\nThe number which appear in the extension icon correspond to the total number of distinct requests attempted (successfully or not depending on whether these were allowed or blocked) by the web page.\n\nSimply click on the appropriate entry in the matrix in order to white-, black- or graylist a component. Graylisting means the blocked or allowed status will be inherited from another cell with higher precedence in the matrix.\n\nRed square = effectively blacklisted, i.e. requests are prevented from reaching their intended destination:\n* Dark red square: the domain name and/or type of request is specifically blacklisted.\n* Faded red square: the blacklist status is inherited because the entry is graylisted.\n\nGreen square = effectively whitelisted, i.e. requests are allowed to reach their intended destination:\n* Dark green square: the domain name and/or type of request is specifically whitelisted.\n* Faded green square: the whitelist status is inherited because the entry is graylisted.\n\nThe top-left cell in the matrix, the \"all\" cell, represents the default global setting, which allows you to choose whether allowing or blocking everything is the default behavior. Some prefer to allow everything while blocking exceptionally. My personal preference is of course the reverse, blocking everything and allowing exceptionally.\n\nThis extension is also useful if you wish to speed up your browsing, by globally blocking all requests for images as an example.\n\n=====\n\nBUGS, ISSUES: https://github.com/gorhill/uMatrix/issues\n\nSOURCE CODE: https://github.com/gorhill/uMatrix (GPLv3)\n\nCHANGE LOG: https://github.com/gorhill/uMatrix/releases","screenshots":[{"url":"https://addons.cdn.mozilla.net/user-media/previews/full/158/158458.png?modified=1543520594","width":640,"height":480,"thumbnailURL":"https://addons.cdn.mozilla.net/user-media/previews/thumbs/158/158458.png?modified=1543520594","thumbnailWidth":640,"thumbnailHeight":480,"caption":"Point and click to allow/block narrow or broad classes of network requests. Click the \"all\" cell to toggle the whole matrix between allow and block."},{"url":"https://addons.cdn.mozilla.net/user-media/previews/full/158/158460.png?modified=1543520595","width":640,"height":480,"thumbnailURL":"https://addons.cdn.mozilla.net/user-media/previews/thumbs/158/158460.png?modified=1543520595","thumbnailWidth":640,"thumbnailHeight":480,"caption":"Privacy features."},{"url":"https://addons.cdn.mozilla.net/user-media/previews/full/158/158462.png?modified=1543520596","width":640,"height":480,"thumbnailURL":"https://addons.cdn.mozilla.net/user-media/previews/thumbs/158/158462.png?modified=1543520596","thumbnailWidth":640,"thumbnailHeight":480,"caption":"Hosts files allow to automatically blacklist thousands of hostnames."},{"url":"https://addons.cdn.mozilla.net/user-media/previews/full/158/158464.png?modified=1543520597","width":640,"height":480,"thumbnailURL":"https://addons.cdn.mozilla.net/user-media/previews/thumbs/158/158464.png?modified=1543520597","thumbnailWidth":640,"thumbnailHeight":480,"caption":"Logger: see all network requests, including the ones made by the browser and other extensions (behind-the-scene requests)."}],"homepageURL":"https://github.com/gorhill/uMatrix","supportURL":"https://discourse.mozilla-community.org/t/support-umatrix/5131","contributionURL":"","averageRating":4.694,"reviewCount":321,"reviewURL":"https://addons.mozilla.org/en-US/firefox/addon/umatrix/reviews/","weeklyDownloads":7053,"sourceURI":"https://addons.mozilla.org/firefox/downloads/file/1193322/umatrix-1.3.16-an+fx.xpi?src=","updateDate":1559056641000},{"id":"containerise@kinte.sh","icons":{"32":"https://addons.cdn.mozilla.net/user-media/addon_icons/859/859380-32.png?modified=1553034276","64":"https://addons.cdn.mozilla.net/user-media/addon_icons/859/859380-64.png?modified=1553034276","128":"https://addons.cdn.mozilla.net/user-media/addon_icons/859/859380-128.png?modified=1553034276"},"type":"extension","name":"Containerise","version":"3.2.0","creator":{"name":"kintesh","url":"https://addons.mozilla.org/en-US/firefox/user/12977780/"},"developers":[],"description":"Automatically open websites in a dedicated container. Simply add rules to map domain or subdomain to your container.","fullDescription":"Firefox extension to automatically open websites in a container. Map multiple domains and subdomain to a container with simple csv based config. Once mapped, this extension will always open the site in a container. This behaviour is disabled in private mode.\n\nUsage\n\nBasic mapping:\namazon.co.uk, Shopping will open all amazon.co.uk (not subdomains) links in Shopping container.\n\nGlob:\n!*.amazon.co.uk, Shopping will be treated as *.amazon.co.uk glob pattern. (suitable to subdomains)\n\nRegex:\n@.+\\.amazon\\.co\\.uk$, Shopping will be treat as .+\\.amazon\\.co\\.uk$ regex. (suitable to subdomains and complex paths)\n","screenshots":[{"url":"https://addons.cdn.mozilla.net/user-media/previews/full/189/189440.png?modified=1543520893","width":441,"height":525,"thumbnailURL":"https://addons.cdn.mozilla.net/user-media/previews/thumbs/189/189440.png?modified=1543520893","thumbnailWidth":403,"thumbnailHeight":480,"caption":"Select your container and add a domain to always open all visits in the chosen container."},{"url":"https://addons.cdn.mozilla.net/user-media/previews/full/189/189441.png?modified=1543520894","width":441,"height":525,"thumbnailURL":"https://addons.cdn.mozilla.net/user-media/previews/thumbs/189/189441.png?modified=1543520894","thumbnailWidth":403,"thumbnailHeight":480,"caption":"Add many domains as you wish."},{"url":"https://addons.cdn.mozilla.net/user-media/previews/full/189/189442.png?modified=1543520894","width":441,"height":525,"thumbnailURL":"https://addons.cdn.mozilla.net/user-media/previews/thumbs/189/189442.png?modified=1543520894","thumbnailWidth":403,"thumbnailHeight":480,"caption":"Special `No Container` option to break out of a container."},{"url":"https://addons.cdn.mozilla.net/user-media/previews/full/189/189443.png?modified=1543520895","width":441,"height":525,"thumbnailURL":"https://addons.cdn.mozilla.net/user-media/previews/thumbs/189/189443.png?modified=1543520895","thumbnailWidth":403,"thumbnailHeight":480,"caption":"Simple CSV based mapping of a domain to a container by name for easy backup and bulk editing."}],"homepageURL":"https://github.com/kintesh/containerise","supportURL":"https://github.com/kintesh/containerise/issues","contributionURL":"","averageRating":4.2708,"reviewCount":27,"reviewURL":"https://addons.mozilla.org/en-US/firefox/addon/containerise/reviews/","weeklyDownloads":116,"sourceURI":"https://addons.mozilla.org/firefox/downloads/file/3343489/containerise-3.2.0-fx.xpi?src=","updateDate":1562703313000},{"id":"{bb682c45-3136-4213-bf29-5f5833080bf4}","icons":{"32":"https://addons.cdn.mozilla.net/user-media/addon_icons/793/793621-32.png?modified=1526577623","64":"https://addons.cdn.mozilla.net/user-media/addon_icons/793/793621-64.png?modified=1526577623","128":"https://addons.cdn.mozilla.net/user-media/addon_icons/793/793621-128.png?modified=1526577623"},"type":"extension","name":"Context Plus","version":"0.6.0","creator":{"name":"Michael Westbom","url":"https://addons.mozilla.org/en-US/firefox/user/12877134/"},"developers":[],"description":"Now that we have contextual identities, wouldn't it be nice to move a tab from one identity to another, or from default to a container?\n\nI want to do that. Now I can.","fullDescription":"Now that tabs can have distinct contexts, it would be nice to move a tab into a different context. This allows that to happen. Right click on a tab, and under 'Move to context', and you may select the container under which you'd like to replicate the current tab.\n\nIf you hold ctrl while selecting a context, the tab will be copied, but the original will not be deleted (Only available in Firefox 54+).\n\nNote that this addon does not replicate the browser history of the tab to be replaced. It essentially deletes the old tab and creates a new one with the same URL, in the same place in the tab list, with the new context.\n\nAlso note that you must have privacy.userContext.enabled enabled in about:config in order for this to do you any good.\n\nIcons made by Freepik from www.flaticon.com licensed by CC 3.0 BY","screenshots":[],"homepageURL":"https://github.com/totallymike/contextPlus","supportURL":"https://github.com/totallymike/contextPlus","contributionURL":"","averageRating":4.6667,"reviewCount":20,"reviewURL":"https://addons.mozilla.org/en-US/firefox/addon/context-plus/reviews/","weeklyDownloads":14,"sourceURI":"https://addons.mozilla.org/firefox/downloads/file/960030/context_plus-0.6.0-an+fx-windows.xpi?src=","updateDate":1526575207000},{"id":"jid1-KKzOGWgsW3Ao4Q@jetpack","icons":{"32":"https://addons.cdn.mozilla.net/user-media/addon_icons/481/481438-32.png?modified=1561813065","64":"https://addons.cdn.mozilla.net/user-media/addon_icons/481/481438-64.png?modified=1561813065","128":"https://addons.cdn.mozilla.net/user-media/addon_icons/481/481438-128.png?modified=1561813065"},"type":"extension","name":"I don't care about cookies","version":"3.0.3","creator":{"name":"Kiko","url":"https://addons.mozilla.org/en-US/firefox/user/10289989/"},"developers":[],"description":"Get rid of annoying cookie warnings from almost all 'infected' websites!","fullDescription":"The EU regulations require that any website using tracking cookies must get user's permission before installing them. These warnings appear on most websites until the visitor agrees with the website's terms and conditions. Imagine how irritating that becomes when you surf anonymously or if you delete cookies automatically every time you close the browser.\n\nThis add-on will remove these annoying cookie warnings from almost all websites! You can report any website which still warns you about cookies: make a right click and choose 'Report a cookie warning' from the menu.\n\nOther browsers are supported too. Check https://www.i-dont-care-about-cookies.eu/ for info, support and donations.\n\n\nPrivacy policy related stuff:\n\nIf the user chooses \"Report a cookie warning\" from the menu, this add-on collects the URL of the current page and redirects user to the reporting page.\n\nThis addon periodicaly (usually once a year) notifies users about what has been and needs to be done.\n\nStarting with version 3.0.2, this extension notifies websites about which cookies the visitor allows them to install. By knowing this, websites can skip displaying the cookie warning and act according to the given permission. As a result, you will be bothered by cookie warnings even less. You can change your preferences in extension's options. More info: https://www.i-dont-care-about-cookies.eu/notices/3.0.2/ and https://www.i-dont-care-about-cookies.eu/cookie-installing-permission-header/","screenshots":[{"url":"https://addons.cdn.mozilla.net/user-media/previews/full/207/207405.png?modified=1543520146","width":1280,"height":800,"thumbnailURL":"https://addons.cdn.mozilla.net/user-media/previews/thumbs/207/207405.png?modified=1543520146","thumbnailWidth":640,"thumbnailHeight":400,"caption":"\"I don't care about cookies\" browser extension."},{"url":"https://addons.cdn.mozilla.net/user-media/previews/full/207/207406.png?modified=1543520148","width":823,"height":380,"thumbnailURL":"https://addons.cdn.mozilla.net/user-media/previews/thumbs/207/207406.png?modified=1543520148","thumbnailWidth":640,"thumbnailHeight":296,"caption":"Get rid of these with \"I don't care about cookies\" browser extension."}],"homepageURL":"https://www.i-dont-care-about-cookies.eu/","supportURL":"https://www.i-dont-care-about-cookies.eu/","contributionURL":"https://www.paypal.me/kiboke/","averageRating":4.6009,"reviewCount":251,"reviewURL":"https://addons.mozilla.org/en-US/firefox/addon/i-dont-care-about-cookies/reviews/","weeklyDownloads":4034,"sourceURI":"https://addons.mozilla.org/firefox/downloads/file/3366512/i_dont_care_about_cookies-3.0.3-an+fx.xpi?src=","updateDate":1564132811000},{"id":"{2cf5dbed-78fe-4bd5-9524-38fdf837be98}","icons":{"32":"https://addons.cdn.mozilla.net/user-media/addon_icons/2253/2253203-32.png?modified=1994f0c9","64":"https://addons.cdn.mozilla.net/user-media/addon_icons/2253/2253203-64.png?modified=1994f0c9","128":"https://addons.cdn.mozilla.net/user-media/addon_icons/2253/2253203-128.png?modified=1994f0c9"},"type":"extension","name":"WebGL Fingerprint Defender","version":"0.1.2","creator":{"name":"ilGur","url":"https://addons.mozilla.org/en-US/firefox/user/11791768/"},"developers":[],"description":"Defending against WebGL fingerprinting by reporting a fake value.","fullDescription":"WebGL Fingerprint Defender is a browser add-on that let you easily hide your real WebGL fingerprint by reporting a random fake value.\n\nAccording to many tech blogs, completely blocking WebGL API is not a good idea, therefore reporting a fake fingerprint could be the best solution to better protect your privacy. This add-on simply adds a small noise to the actual fingerprint and renews it every time you visit a website or reload a page.\n\nWith the browser's WebGL API, in general, two types of fingerprints can be generated. One with WebGL constants and the other with an image that is rendered with the WebGL API. This addon can spoof both values at the same time.\n\nIn order to disable this add-on, please visit extensions page in your browser and then click on the disable button. Please note that this addon does not any toolbar icon/button.\n\nNote: If you also want to protect your browser against other types of fingerprints, please see my other addons: Canvas Fingerprint Defender, AudioContext Fingerprint Defender.\n\nIf you have a feature request, or found a bug to report, please fill the bug report form in the addon's homepage.","screenshots":[{"url":"https://addons.cdn.mozilla.net/user-media/previews/full/219/219960.png?modified=1559116490","width":920,"height":680,"thumbnailURL":"https://addons.cdn.mozilla.net/user-media/previews/thumbs/219/219960.png?modified=1559116490","thumbnailWidth":640,"thumbnailHeight":473},{"url":"https://addons.cdn.mozilla.net/user-media/previews/full/219/219959.png?modified=1559116489","width":1042,"height":735,"thumbnailURL":"https://addons.cdn.mozilla.net/user-media/previews/thumbs/219/219959.png?modified=1559116489","thumbnailWidth":640,"thumbnailHeight":451}],"homepageURL":"http://mybrowseraddon.com/webgl-defender.html","supportURL":"http://mybrowseraddon.com/webgl-defender.html","contributionURL":"https://paypal.me/supportdevelopment/10usd","averageRating":5,"reviewCount":3,"reviewURL":"https://addons.mozilla.org/en-US/firefox/addon/webgl-fingerprint-defender/reviews/","weeklyDownloads":752,"sourceURI":"https://addons.mozilla.org/firefox/downloads/file/3362869/webgl_fingerprint_defender-0.1.2-an+fx.xpi?src=","updateDate":1563798916000},{"id":"{88664789-f91e-40e1-adb9-e4e9a8c48867}","icons":{"32":"https://addons.cdn.mozilla.net/static/img/addon-icons/default-32.png","64":"https://addons.cdn.mozilla.net/static/img/addon-icons/default-64.png","128":"https://addons.cdn.mozilla.net/static/img/addon-icons/default-128.png"},"type":"extension","name":"URLs List","version":"0.5.0","creator":{"name":"moritz-h","url":"https://addons.mozilla.org/en-US/firefox/user/13133736/"},"developers":[],"description":"List the URLs of all tabs from the current window as copyable plaintext. Also this extension can load a plaintext list of urls to individual tabs.","fullDescription":"This Add-on allows to copy all open URLs of the current window or to open a list of URLs to individual tabs.\n\nFeatures\n\n    Tab context menu entry for quick copy (see screenshot)\n    Menu button with textfield popup to copy all URLs\n    Paste list of URLs to open all of them in individual tabs at the same time\n\n\nThis Add-on is Open Source: https://github.com/moritz-h/urls-list","screenshots":[{"url":"https://addons.cdn.mozilla.net/user-media/previews/full/185/185801.png?modified=1543520846","width":700,"height":455,"thumbnailURL":"https://addons.cdn.mozilla.net/user-media/previews/thumbs/185/185801.png?modified=1543520846","thumbnailWidth":640,"thumbnailHeight":416},{"url":"https://addons.cdn.mozilla.net/user-media/previews/full/185/185802.png?modified=1543520847","width":700,"height":455,"thumbnailURL":"https://addons.cdn.mozilla.net/user-media/previews/thumbs/185/185802.png?modified=1543520847","thumbnailWidth":640,"thumbnailHeight":416}],"homepageURL":"https://github.com/moritz-h/urls-list","supportURL":null,"contributionURL":"","averageRating":4.0455,"reviewCount":16,"reviewURL":"https://addons.mozilla.org/en-US/firefox/addon/urls-list/reviews/","weeklyDownloads":82,"sourceURI":"https://addons.mozilla.org/firefox/downloads/file/1197511/urls_list-0.5.0-an+fx.xpi?src=","updateDate":1546429808000},{"id":"{1cbcb826-509e-4073-afbc-0d0fedb54d7b}","icons":{"32":"https://addons.cdn.mozilla.net/user-media/addon_icons/2592/2592418-32.png?modified=8b74eb1b","64":"https://addons.cdn.mozilla.net/user-media/addon_icons/2592/2592418-64.png?modified=8b74eb1b","128":"https://addons.cdn.mozilla.net/user-media/addon_icons/2592/2592418-128.png?modified=8b74eb1b"},"name":"Close unused blank tabs Plus","version":"0.0.3","sourceURI":"https://addons.mozilla.org/firefox/downloads/file/3370346/close_unused_blank_tabs_plus-0.0.3-fx.xpi?src=","homepageURL":"https://github.com/crssi/Close-unused-blank-tabs-Plus/","supportURL":"https://github.com/crssi/Close-unused-blank-tabs-Plus/","description":"Closes unused blank tabs","fullDescription":"This is a fork of \"Close unused blank tabs\" created by Dustin Luck, due to the author of the original web exension is not reacheable.\n\nI have decided to make a small changes, since the original web extension has problems opening multiple links at once.","weeklyDownloads":2,"type":"extension","creator":{"name":"crssi","url":"https://addons.mozilla.org/en-US/firefox/user/12320878/"},"developers":[],"screenshots":[],"contributionURL":"","averageRating":0,"reviewCount":0,"reviewURL":"https://addons.mozilla.org/en-US/firefox/addon/close-unused-blank-tabs-plus/reviews/","updateDate":1564686309000},{"id":"@copyastext","icons":{"32":"https://addons.cdn.mozilla.net/user-media/addon_icons/689/689324-32.png?modified=1546531783","64":"https://addons.cdn.mozilla.net/user-media/addon_icons/689/689324-64.png?modified=1546531783","128":"https://addons.cdn.mozilla.net/user-media/addon_icons/689/689324-128.png?modified=1546531783"},"name":"Copy As Text","version":"2.1.0","sourceURI":"https://addons.mozilla.org/firefox/downloads/file/710092/copy_as_text-2.1.0-an+fx-windows.xpi?src=","homepageURL":null,"supportURL":null,"description":"Copy web content as plain text using context menu","fullDescription":"Copy contents, of web pages, as Plain Text with context menu\n========================\nImportant Notation. Addon, for security reason, the script not working in this web site: addons.mozilla.org","weeklyDownloads":19,"type":"extension","creator":{"name":"Francesco De Stefano","url":"https://addons.mozilla.org/en-US/firefox/user/10410164/"},"developers":[],"screenshots":[{"url":"https://addons.cdn.mozilla.net/user-media/previews/full/187/187406.png?modified=1543520550","width":700,"height":378,"thumbnailURL":"https://addons.cdn.mozilla.net/user-media/previews/thumbs/187/187406.png?modified=1543520550","thumbnailWidth":640,"thumbnailHeight":346}],"contributionURL":"https://www.paypal.me/newulmdesign/1","averageRating":3.6667,"reviewCount":3,"reviewURL":"https://addons.mozilla.org/en-US/firefox/addon/copy-as-text/reviews/","updateDate":1503815794000}],"compatOverrides":[]}