{"version":2,"commands":{},"default_search":{},"prefs":{"privacy.containers":{"initialValue":{"privacy.userContext.enabled":true,"privacy.userContext.longPressBehavior":2,"privacy.userContext.ui.enabled":true,"privacy.usercontext.about_newtab_segregation.enabled":true,"privacy.userContext.extension":""},"precedenceList":[{"id":"{bb682c45-3136-4213-bf29-5f5833080bf4}","installDate":1564644580815,"value":"{bb682c45-3136-4213-bf29-5f5833080bf4}","enabled":true},{"id":"containerise@kinte.sh","installDate":1564644572511,"value":"containerise@kinte.sh","enabled":true},{"id":"{c607c8df-14a7-4f28-894f-29e8722976af}","installDate":1564644022212,"value":"{c607c8df-14a7-4f28-894f-29e8722976af}","enabled":true},{"id":"CanvasBlocker@kkapsner.de","installDate":1564642580416,"value":"CanvasBlocker@kkapsner.de","enabled":true}]},"network.networkPredictionEnabled":{"initialValue":{"network.predictor.enabled":false,"network.prefetch-next":false,"network.http.speculative-parallel-limit":0,"network.dns.disablePrefetch":true},"precedenceList":[{"id":"uMatrix@raymondhill.net","installDate":1564644378316,"value":false,"enabled":true},{"id":"uBlock0@raymondhill.net","installDate":1564644368244,"value":false,"enabled":true},{"id":"jid1-BoFifL9Vbdl2zQ@jetpack","installDate":1564643036026,"value":false,"enabled":true}]},"websites.hyperlinkAuditingEnabled":{"initialValue":{"browser.send_pings":false},"precedenceList":[{"id":"uBlock0@raymondhill.net","installDate":1564644368244,"value":false,"enabled":true}]},"network.webRTCIPHandlingPolicy":{"initialValue":{"media.peerconnection.ice.default_address_only":true,"media.peerconnection.ice.no_host":true,"media.peerconnection.ice.proxy_only":false},"precedenceList":[{"id":"uBlock0@raymondhill.net","installDate":1564644368244,"value":"default_public_interface_only","enabled":true}]}},"url_overrides":{},"homepageNotification":{},"tabHideNotification":{},"newTabNotification":{}}