{"version":2,"commands":{},"prefs":{"network.networkPredictionEnabled":{"initialValue":{"network.predictor.enabled":false,"network.prefetch-next":false,"network.http.speculative-parallel-limit":0,"network.dns.disablePrefetch":true},"precedenceList":[{"id":"uBlock0@raymondhill.net","installDate":1590390555048,"value":false,"enabled":true},{"id":"{b86e4813-687a-43e6-ab65-0bde4ab75758}","installDate":1590389586984,"value":false,"enabled":true}]},"privacy.containers":{"initialValue":{"privacy.userContext.enabled":true,"privacy.userContext.ui.enabled":true},"precedenceList":[{"id":"{c607c8df-14a7-4f28-894f-29e8722976af}","installDate":1590390590587,"value":"{c607c8df-14a7-4f28-894f-29e8722976af}","enabled":true},{"id":"containerise@kinte.sh","installDate":1590390541808,"value":"containerise@kinte.sh","enabled":true},{"id":"CanvasBlocker@kkapsner.de","installDate":1590389635816,"value":"CanvasBlocker@kkapsner.de","enabled":true}]},"websites.hyperlinkAuditingEnabled":{"initialValue":{},"precedenceList":[{"id":"uBlock0@raymondhill.net","installDate":1590390555048,"value":false,"enabled":true}]},"network.webRTCIPHandlingPolicy":{"initialValue":{"media.peerconnection.ice.default_address_only":true,"media.peerconnection.ice.no_host":true,"media.peerconnection.ice.proxy_only_if_behind_proxy":true},"precedenceList":[{"id":"uBlock0@raymondhill.net","installDate":1590390555048,"value":"disable_non_proxied_udp","enabled":true}]}},"url_overrides":{},"default_search":{},"homepageNotification":{},"tabHideNotification":{},"newTabNotification":{}}