{"schemaVersion":24,"addons":[{"id":"activity-stream@mozilla.org","syncGUID":"{f83d3f32-cdf8-4ebc-b16f-e76df990b48b}","location":"app-system-defaults","version":"2018.04.20.1103-b3b95672","type":"extension","internalName":null,"updateURL":null,"updateKey":null,"optionsURL":null,"optionsType":null,"aboutURL":null,"defaultLocale":{"name":"Activity Stream","description":"A rich visual history feed and a reimagined home page make it easier than ever to find exactly what you're looking for in Firefox.","creator":null,"homepageURL":null},"visible":true,"active":true,"userDisabled":false,"appDisabled":false,"installDate":1526901159664,"updateDate":1526901159664,"applyBackgroundUpdates":1,"bootstrap":true,"path":"C:\\Program Files\\Mozilla Firefox\\browser\\features\\activity-stream@mozilla.org.xpi","skinnable":false,"size":2536977,"sourceURI":null,"releaseNotesURI":null,"softDisabled":false,"foreignInstall":false,"strictCompatibility":false,"locales":[],"targetApplications":[{"id":"{ec8030f7-c20a-464f-9b0e-13a3a9e97384}","minVersion":"60.0.1","maxVersion":"60.*"}],"targetPlatforms":[],"multiprocessCompatible":true,"seen":true,"dependencies":[],"hasEmbeddedWebExtension":false,"mpcOptedOut":false,"userPermissions":null,"icons":{},"iconURL":null,"icon64URL":null,"blocklistState":0,"blocklistURL":null,"startupData":null},{"id":"aushelper@mozilla.org","syncGUID":"{11db0d88-8257-4583-a239-7aa801bd7615}","location":"app-system-defaults","version":"2.0","type":"extension","internalName":null,"updateURL":null,"updateKey":null,"optionsURL":null,"optionsType":null,"aboutURL":null,"defaultLocale":{"name":"Application Update Service Helper","description":"Sets value(s) in the update url based on custom checks.","creator":null,"homepageURL":null},"visible":true,"active":true,"userDisabled":false,"appDisabled":false,"installDate":1526901159620,"updateDate":1526901159620,"applyBackgroundUpdates":1,"bootstrap":true,"path":"C:\\Program Files\\Mozilla Firefox\\browser\\features\\aushelper@mozilla.org.xpi","skinnable":false,"size":8425,"sourceURI":null,"releaseNotesURI":null,"softDisabled":false,"foreignInstall":false,"strictCompatibility":false,"locales":[],"targetApplications":[{"id":"{ec8030f7-c20a-464f-9b0e-13a3a9e97384}","minVersion":"60.0.1","maxVersion":"60.*"}],"targetPlatforms":[],"multiprocessCompatible":true,"seen":true,"dependencies":[],"hasEmbeddedWebExtension":false,"mpcOptedOut":false,"userPermissions":null,"icons":{},"iconURL":null,"icon64URL":null,"blocklistState":0,"blocklistURL":null,"startupData":null},{"id":"firefox@getpocket.com","syncGUID":"{ef1f0a8b-d8a0-43b3-ac8d-3bf29f29639d}","location":"app-system-defaults","version":"1.0.5","type":"extension","internalName":null,"updateURL":null,"updateKey":null,"optionsURL":null,"optionsType":null,"aboutURL":null,"defaultLocale":{"name":"Pocket","description":"When you find something you want to view later, put it in Pocket.","creator":null,"homepageURL":null},"visible":true,"active":true,"userDisabled":false,"appDisabled":false,"installDate":1526901159612,"updateDate":1526901159612,"applyBackgroundUpdates":1,"bootstrap":true,"path":"C:\\Program Files\\Mozilla Firefox\\browser\\features\\firefox@getpocket.com.xpi","skinnable":false,"size":856017,"sourceURI":null,"releaseNotesURI":null,"softDisabled":false,"foreignInstall":false,"strictCompatibility":false,"locales":[],"targetApplications":[{"id":"{ec8030f7-c20a-464f-9b0e-13a3a9e97384}","minVersion":"60.0.1","maxVersion":"60.*"}],"targetPlatforms":[],"multiprocessCompatible":true,"seen":true,"dependencies":[],"hasEmbeddedWebExtension":false,"mpcOptedOut":false,"userPermissions":null,"icons":{},"iconURL":null,"icon64URL":null,"blocklistState":0,"blocklistURL":null,"startupData":null},{"id":"followonsearch@mozilla.com","syncGUID":"{cdbb2d80-d921-4294-859d-7e4c2b062908}","location":"app-system-defaults","version":"0.9.6","type":"extension","internalName":null,"updateURL":null,"updateKey":null,"optionsURL":null,"optionsType":null,"aboutURL":null,"defaultLocale":{"name":"Follow-on Search Telemetry","description":null,"creator":null,"homepageURL":null},"visible":true,"active":true,"userDisabled":false,"appDisabled":false,"installDate":1525887870042,"updateDate":1525887870042,"applyBackgroundUpdates":1,"bootstrap":true,"path":"C:\\Program Files\\Mozilla Firefox\\browser\\features\\followonsearch@mozilla.com.xpi","skinnable":false,"size":18539,"sourceURI":null,"releaseNotesURI":null,"softDisabled":false,"foreignInstall":false,"strictCompatibility":false,"locales":[],"targetApplications":[{"id":"{ec8030f7-c20a-464f-9b0e-13a3a9e97384}","minVersion":"52.0","maxVersion":"66.*"}],"targetPlatforms":[],"multiprocessCompatible":true,"seen":true,"dependencies":[],"hasEmbeddedWebExtension":false,"mpcOptedOut":false,"userPermissions":null,"icons":{},"iconURL":null,"icon64URL":null,"blocklistState":0,"blocklistURL":null,"startupData":null},{"id":"formautofill@mozilla.org","syncGUID":"{6cfed435-3b80-48a2-899e-ca8425df32da}","location":"app-system-defaults","version":"1.0","type":"extension","internalName":null,"updateURL":null,"updateKey":null,"optionsURL":null,"optionsType":null,"aboutURL":null,"defaultLocale":{"name":"Form Autofill","description":"Autofill forms with saved profiles","creator":null,"homepageURL":null},"visible":true,"active":true,"userDisabled":false,"appDisabled":false,"installDate":1526901159593,"updateDate":1526901159593,"applyBackgroundUpdates":1,"bootstrap":true,"path":"C:\\Program Files\\Mozilla Firefox\\browser\\features\\formautofill@mozilla.org.xpi","skinnable":false,"size":457534,"sourceURI":null,"releaseNotesURI":null,"softDisabled":false,"foreignInstall":false,"strictCompatibility":false,"locales":[],"targetApplications":[{"id":"{ec8030f7-c20a-464f-9b0e-13a3a9e97384}","minVersion":"60.0.1","maxVersion":"60.*"}],"targetPlatforms":[],"multiprocessCompatible":true,"seen":true,"dependencies":[],"hasEmbeddedWebExtension":false,"mpcOptedOut":false,"userPermissions":null,"icons":{},"iconURL":null,"icon64URL":null,"blocklistState":0,"blocklistURL":null,"startupData":null},{"id":"onboarding@mozilla.org","syncGUID":"{3fe7c7a7-b6c6-4956-b683-8efd532f8639}","location":"app-system-defaults","version":"1.0","type":"extension","internalName":null,"updateURL":null,"updateKey":null,"optionsURL":null,"optionsType":null,"aboutURL":null,"defaultLocale":{"name":"Photon onboarding","description":"Photon onboarding","creator":null,"homepageURL":null},"visible":true,"active":true,"userDisabled":false,"appDisabled":false,"installDate":1526901159579,"updateDate":1526901159579,"applyBackgroundUpdates":1,"bootstrap":true,"path":"C:\\Program Files\\Mozilla Firefox\\browser\\features\\onboarding@mozilla.org.xpi","skinnable":false,"size":562340,"sourceURI":null,"releaseNotesURI":null,"softDisabled":false,"foreignInstall":false,"strictCompatibility":false,"locales":[],"targetApplications":[{"id":"{ec8030f7-c20a-464f-9b0e-13a3a9e97384}","minVersion":"60.0.1","maxVersion":"60.*"}],"targetPlatforms":[],"multiprocessCompatible":true,"seen":true,"dependencies":[],"hasEmbeddedWebExtension":false,"mpcOptedOut":false,"userPermissions":null,"icons":{},"iconURL":null,"icon64URL":null,"blocklistState":0,"blocklistURL":null,"startupData":null},{"id":"screenshots@mozilla.org","syncGUID":"{662c8c5c-58d2-4f65-8061-7e661c60d07e}","location":"app-system-defaults","version":"30.1.0","type":"extension","internalName":null,"updateURL":null,"updateKey":null,"optionsURL":null,"optionsType":null,"aboutURL":null,"defaultLocale":{"name":"Firefox Screenshots","description":null,"creator":null,"homepageURL":"https://screenshots.firefox.com/"},"visible":true,"active":true,"userDisabled":false,"appDisabled":false,"installDate":1525887870014,"updateDate":1525887870014,"applyBackgroundUpdates":1,"bootstrap":true,"path":"C:\\Program Files\\Mozilla Firefox\\browser\\features\\screenshots@mozilla.org.xpi","skinnable":false,"size":1043087,"sourceURI":null,"releaseNotesURI":null,"softDisabled":false,"foreignInstall":false,"strictCompatibility":false,"locales":[],"targetApplications":[{"id":"{ec8030f7-c20a-464f-9b0e-13a3a9e97384}","minVersion":"57.0a1","maxVersion":"*"}],"targetPlatforms":[],"multiprocessCompatible":true,"seen":true,"dependencies":[],"hasEmbeddedWebExtension":false,"mpcOptedOut":false,"userPermissions":null,"icons":{},"iconURL":null,"icon64URL":null,"blocklistState":0,"blocklistURL":null,"startupData":null},{"id":"webcompat@mozilla.org","syncGUID":"{850f8c2f-41ca-467a-9302-0062d4cacd77}","location":"app-system-defaults","version":"1.1","type":"extension","internalName":null,"updateURL":null,"updateKey":null,"optionsURL":null,"optionsType":null,"aboutURL":null,"defaultLocale":{"name":"Web Compat","description":"Urgent post-release fixes for web compatibility.","creator":null,"homepageURL":null},"visible":true,"active":true,"userDisabled":false,"appDisabled":false,"installDate":1526901159561,"updateDate":1526901159561,"applyBackgroundUpdates":1,"bootstrap":true,"path":"C:\\Program Files\\Mozilla Firefox\\browser\\features\\webcompat@mozilla.org.xpi","skinnable":false,"size":9137,"sourceURI":null,"releaseNotesURI":null,"softDisabled":false,"foreignInstall":false,"strictCompatibility":false,"locales":[],"targetApplications":[{"id":"{ec8030f7-c20a-464f-9b0e-13a3a9e97384}","minVersion":"60.0.1","maxVersion":"60.*"}],"targetPlatforms":[],"multiprocessCompatible":true,"seen":true,"dependencies":[],"hasEmbeddedWebExtension":false,"mpcOptedOut":false,"userPermissions":null,"icons":{},"iconURL":null,"icon64URL":null,"blocklistState":0,"blocklistURL":null,"startupData":null},{"id":"{972ce4c6-7e08-4474-a285-3208198ce6fd}","syncGUID":"{0003258c-96cb-4cdb-945a-7b45f8e060e0}","location":"app-global","version":"60.0.1","type":"theme","internalName":"classic/1.0","updateURL":null,"updateKey":null,"optionsURL":null,"optionsType":null,"optionsBrowserStyle":null,"aboutURL":null,"defaultLocale":{"name":"Default","description":"The default theme.","creator":"Mozilla","homepageURL":null,"contributors":["Mozilla Contributors"]},"visible":true,"active":true,"userDisabled":false,"appDisabled":false,"installDate":1526901159672,"updateDate":1526901159672,"applyBackgroundUpdates":1,"path":"C:\\Program Files\\Mozilla Firefox\\browser\\extensions\\{972ce4c6-7e08-4474-a285-3208198ce6fd}.xpi","skinnable":true,"size":3016,"sourceURI":null,"releaseNotesURI":null,"softDisabled":false,"foreignInstall":false,"strictCompatibility":true,"locales":[],"targetApplications":[{"id":"{ec8030f7-c20a-464f-9b0e-13a3a9e97384}","minVersion":"60.0.1","maxVersion":"60.0.1"}],"targetPlatforms":[],"seen":true,"dependencies":[],"hasEmbeddedWebExtension":false,"userPermissions":null,"icons":{},"iconURL":"chrome://browser/content/default-theme-icon.svg","icon64URL":null,"blocklistState":0,"blocklistURL":null,"startupData":null},{"id":"CookieAutoDelete@kennydo.com","syncGUID":"{6289b47d-a284-46f0-9f0d-0df6cd0ec4e7}","location":"app-profile","version":"2.2.0","type":"webextension","internalName":null,"updateURL":null,"updateKey":null,"optionsURL":"settings/settings.html","optionsType":3,"optionsBrowserStyle":true,"aboutURL":null,"defaultLocale":{"name":"Cookie AutoDelete","description":"Control your cookies! Auto-delete unused cookies from your closed tabs while keeping the ones you want.","creator":"Kenny Do","homepageURL":"https://github.com/mrdokenny/Cookie-AutoDelete","developers":null,"translators":null,"contributors":null},"visible":true,"active":true,"userDisabled":false,"appDisabled":false,"installDate":1527086672206,"updateDate":1527086672206,"applyBackgroundUpdates":1,"bootstrap":true,"path":"C:\\Users\\bert\\AppData\\Roaming\\Mozilla\\Firefox\\Profiles\\gmfrvfjg.default\\extensions\\CookieAutoDelete@kennydo.com.xpi","skinnable":false,"size":2500992,"sourceURI":"https://addons.mozilla.org/firefox/downloads/file/954445/cookie_autodelete-2.2.0-an+fx.xpi?src=dp-btn-primary","releaseNotesURI":null,"softDisabled":false,"foreignInstall":false,"strictCompatibility":true,"locales":[{"name":"Cookie AutoDelete","description":"Control your cookies! Auto-delete unused cookies from your closed tabs while keeping the ones you want.","creator":"Kenny Do","homepageURL":"https://github.com/mrdokenny/Cookie-AutoDelete","developers":null,"translators":null,"contributors":null,"locales":["en"]},{"name":"Cookie AutoDelete","description":"cookieをコントロールしよう！タブを閉じたら、使用していないcookieを自動で削除。任意で残すこともできます。","creator":"Kenny Do","homepageURL":"https://github.com/mrdokenny/Cookie-AutoDelete","developers":null,"translators":null,"contributors":null,"locales":["ja"]},{"name":"Suppression automatique des témoins","description":"Contrôlez vos témoins ! Supprimez automatiquement les témoins non utilisés de vos onglets fermés tout en gardant ceux que vous voulez.","creator":"Kenny Do","homepageURL":"https://github.com/mrdokenny/Cookie-AutoDelete","developers":null,"translators":null,"contributors":null,"locales":["fr"]},{"name":"Cookie AutoDelete","description":"Kelola kuki Anda! Otomatis hapus kuki yang tidak digunakan dari tab yang tertutup dan tetap simpan yang Anda inginkan.","creator":"Kenny Do","homepageURL":"https://github.com/mrdokenny/Cookie-AutoDelete","developers":null,"translators":null,"contributors":null,"locales":["id"]},{"name":"Cookie AutoDelete","description":"Поемете контрола над бисквитките! Автоматично изтрива неизползваните бисквитки от затворените подпрозорци и запазва тези, които искате.","creator":"Kenny Do","homepageURL":"https://github.com/mrdokenny/Cookie-AutoDelete","developers":null,"translators":null,"contributors":null,"locales":["bg"]},{"name":"Cookie AutoDelete","description":"Kontrollera dina cookies! Ta automatiskt bort oanvända cookies efter stängda flikar, samtidigt som du bevarar de du vill ha kvar.","creator":"Kenny Do","homepageURL":"https://github.com/mrdokenny/Cookie-AutoDelete","developers":null,"translators":null,"contributors":null,"locales":["sv-SE"]},{"name":"Cookie AutoDelete","description":"Control your cookies! Auto-delete unused cookies from your closed tabs while keeping the ones you want.","creator":"Kenny Do","homepageURL":"https://github.com/mrdokenny/Cookie-AutoDelete","developers":null,"translators":null,"contributors":null,"locales":["cs"]},{"name":"Cookie AutoDelete","description":"Control your cookies! Auto-delete unused cookies from your closed tabs while keeping the ones you want.","creator":"Kenny Do","homepageURL":"https://github.com/mrdokenny/Cookie-AutoDelete","developers":null,"translators":null,"contributors":null,"locales":["hu"]},{"name":"Cookie AutoDelete","description":"Control your cookies! Auto-delete unused cookies from your closed tabs while keeping the ones you want.","creator":"Kenny Do","homepageURL":"https://github.com/mrdokenny/Cookie-AutoDelete","developers":null,"translators":null,"contributors":null,"locales":["uk"]},{"name":"Cookie AutoDelete","description":"Control your cookies! Auto-delete unused cookies from your closed tabs while keeping the ones you want.","creator":"Kenny Do","homepageURL":"https://github.com/mrdokenny/Cookie-AutoDelete","developers":null,"translators":null,"contributors":null,"locales":["vi"]},{"name":"Cookie AutoDelete","description":"تحكم في سجلات الكوكيز! تلقائيا حذف سجلات الكوكيز الغير المستخدمة من علامات التبويب المغلقة مع الحفاظ على تلك التي تريدها.","creator":"Kenny Do","homepageURL":"https://github.com/mrdokenny/Cookie-AutoDelete","developers":null,"translators":null,"contributors":null,"locales":["ar"]},{"name":"Cookie AutoDelete","description":"Control your cookies! Auto-delete unused cookies from your closed tabs while keeping the ones you want.","creator":"Kenny Do","homepageURL":"https://github.com/mrdokenny/Cookie-AutoDelete","developers":null,"translators":null,"contributors":null,"locales":["ko"]},{"name":"Cookie AutoDelete","description":"Prendi il controllo dei tuoi cookie! Elimina automaticamente i cookie inutilizzati dalle schede chiuse e mantieni solo quelli che vuoi.","creator":"Kenny Do","homepageURL":"https://github.com/mrdokenny/Cookie-AutoDelete","developers":null,"translators":null,"contributors":null,"locales":["it"]},{"name":"Cookie AutoDelete","description":"Control your cookies! Auto-delete unused cookies from your closed tabs while keeping the ones you want.","creator":"Kenny Do","homepageURL":"https://github.com/mrdokenny/Cookie-AutoDelete","developers":null,"translators":null,"contributors":null,"locales":["no"]},{"name":"Cookie AutoDelete","description":"Beherrsche deine Cookies! Lasse ungenutzte Cookies deiner geschlossenen Tabs automatisch löschen und behalte nur die gewünschten.","creator":"Kenny Do","homepageURL":"https://github.com/mrdokenny/Cookie-AutoDelete","developers":null,"translators":null,"contributors":null,"locales":["de"]},{"name":"Cookie AutoDelete","description":"掌控你的 Cookie！关闭标签页后自动删除未想保留的 Cookie。您可以设置想要保留的白名单。","creator":"Kenny Do","homepageURL":"https://github.com/mrdokenny/Cookie-AutoDelete","developers":null,"translators":null,"contributors":null,"locales":["zh-CN"]},{"name":"Cookie AutoDelete","description":"Control your cookies! Auto-delete unused cookies from your closed tabs while keeping the ones you want.","creator":"Kenny Do","homepageURL":"https://github.com/mrdokenny/Cookie-AutoDelete","developers":null,"translators":null,"contributors":null,"locales":["ca"]},{"name":"Cookie AutoDelete","description":"Управљајте вашим колачићима. Аутоматски бришите некоришћене колачиће из ваших затворених језичака а задржите оне које желите.","creator":"Kenny Do","homepageURL":"https://github.com/mrdokenny/Cookie-AutoDelete","developers":null,"translators":null,"contributors":null,"locales":["sr"]},{"name":"Cookie AutoDelete","description":"Control your cookies! Auto-delete unused cookies from your closed tabs while keeping the ones you want.","creator":"Kenny Do","homepageURL":"https://github.com/mrdokenny/Cookie-AutoDelete","developers":null,"translators":null,"contributors":null,"locales":["af"]},{"name":"Cookie AutoDelete","description":"Управляйте вашими куками! Автоматически очищайте неиспользуемые куки закрытых вкладок, оставляя только те, которые вам нужны.","creator":"Kenny Do","homepageURL":"https://github.com/mrdokenny/Cookie-AutoDelete","developers":null,"translators":null,"contributors":null,"locales":["ru"]},{"name":"Cookie AutoDelete","description":"Kontroluj swoje ciasteczka! Automatycznie usuwaj nieużywane ciasteczka z zamkniętych kart, zostawiając tylko te, które chcesz.","creator":"Kenny Do","homepageURL":"https://github.com/mrdokenny/Cookie-AutoDelete","developers":null,"translators":null,"contributors":null,"locales":["pl"]},{"name":"Cookie AutoDelete","description":"Controle seus cookies! Apague automaticamente cookies não utilizados de suas abas abertas mantendo os que você quiser.","creator":"Kenny Do","homepageURL":"https://github.com/mrdokenny/Cookie-AutoDelete","developers":null,"translators":null,"contributors":null,"locales":["pt-BR"]},{"name":"Cookie AutoDelete","description":"掌控您的 cookie！關閉分頁後自動清除沒用的 cookie，同時保留有用的 cookie。","creator":"Kenny Do","homepageURL":"https://github.com/mrdokenny/Cookie-AutoDelete","developers":null,"translators":null,"contributors":null,"locales":["zh-TW"]},{"name":"Cookie AutoDelete","description":"Hallitse evästeitäsi! Poista käyttämättömät evästeet automaattisesti suljetuilta välilehdiltä, kuitenkin säilyttäen valitsemasi evästeet.","creator":"Kenny Do","homepageURL":"https://github.com/mrdokenny/Cookie-AutoDelete","developers":null,"translators":null,"contributors":null,"locales":["fi"]},{"name":"Cookie AutoDelete","description":"Control your cookies! Auto-delete unused cookies from your closed tabs while keeping the ones you want.","creator":"Kenny Do","homepageURL":"https://github.com/mrdokenny/Cookie-AutoDelete","developers":null,"translators":null,"contributors":null,"locales":["ro"]},{"name":"Cookie AutoDelete","description":"¡Controla tus cookies! Borrar automáticamente las cookies no utilizadas de tus fichas cerradas mientras conservas las que deseas.","creator":"Kenny Do","homepageURL":"https://github.com/mrdokenny/Cookie-AutoDelete","developers":null,"translators":null,"contributors":null,"locales":["es-ES"]},{"name":"Cookie AutoDelete","description":"Control your cookies! Auto-delete unused cookies from your closed tabs while keeping the ones you want.","creator":"Kenny Do","homepageURL":"https://github.com/mrdokenny/Cookie-AutoDelete","developers":null,"translators":null,"contributors":null,"locales":["el"]},{"name":"Cookie AutoDelete","description":"Controle os seus cookies! Apague automaticamente cookies não utilizados dos seus separadores fechados, enquanto mantém os que pretende.","creator":"Kenny Do","homepageURL":"https://github.com/mrdokenny/Cookie-AutoDelete","developers":null,"translators":null,"contributors":null,"locales":["pt-PT"]},{"name":"Cookie AutoDelete","description":"Control your cookies! Auto-delete unused cookies from your closed tabs while keeping the ones you want.","creator":"Kenny Do","homepageURL":"https://github.com/mrdokenny/Cookie-AutoDelete","developers":null,"translators":null,"contributors":null,"locales":["he"]},{"name":"Cookie AutoDelete","description":"Styr dine cookies! Slet ubrugte cookies automatisk når du lukker dine faner, og behold dem du vil beholde.","creator":"Kenny Do","homepageURL":"https://github.com/mrdokenny/Cookie-AutoDelete","developers":null,"translators":null,"contributors":null,"locales":["da"]},{"name":"Cookie AutoDelete","description":"Tarayıcı çerezlerini kontrol edebilirsin! Kapatılan sekmelerindeki kullanılmayan çerezler için \"Cookie Auto-delete\" seçeneğini kullanabilir, kullanmaya devam ettiğin çerezleri tarayıcında tutmaya devam edebilirsin.","creator":"Kenny Do","homepageURL":"https://github.com/mrdokenny/Cookie-AutoDelete","developers":null,"translators":null,"contributors":null,"locales":["tr"]},{"name":"Cookie AutoDelete","description":"Krijg controle over uw cookies! Automatisch verwijderen van ongebruikte cookies van gesloten tabbladen met behoud van belangrijke cookies.","creator":"Kenny Do","homepageURL":"https://github.com/mrdokenny/Cookie-AutoDelete","developers":null,"translators":null,"contributors":null,"locales":["nl"]}],"targetApplications":[{"id":"toolkit@mozilla.org","minVersion":"56.0","maxVersion":"*"}],"targetPlatforms":[],"multiprocessCompatible":true,"signedState":2,"seen":true,"dependencies":[],"hasEmbeddedWebExtension":false,"userPermissions":{"permissions":["activeTab","cookies","contextualIdentities","tabs","storage","notifications","browsingData","privacy","alarms"],"origins":["<all_urls>"]},"icons":{"48":"icons/icon_48.png","128":"icons/icon_128.png"},"iconURL":null,"icon64URL":null,"blocklistState":0,"blocklistURL":null,"startupData":null},{"id":"{7fc8ef53-24ec-4205-87a4-1e745953bb0d}","syncGUID":"{283a4944-eb82-42c2-9989-d2ff23c20e5d}","location":"app-profile","version":"1.0.8","type":"webextension","internalName":null,"updateKey":null,"optionsURL":"popup.html","optionsType":5,"optionsBrowserStyle":true,"aboutURL":null,"defaultLocale":{"name":"CSS Exfil Protection","description":"Guard against CSS data exfiltration attacks.","creator":null,"homepageURL":"https://www.mike-gualtieri.com/css-exfil-vulnerability-tester","developers":null,"translators":null,"contributors":null},"visible":true,"active":true,"userDisabled":false,"appDisabled":false,"installDate":1527087708907,"updateDate":1527087708907,"applyBackgroundUpdates":1,"bootstrap":true,"path":"C:\\Users\\bert\\AppData\\Roaming\\Mozilla\\Firefox\\Profiles\\gmfrvfjg.default\\extensions\\{7fc8ef53-24ec-4205-87a4-1e745953bb0d}.xpi","skinnable":false,"size":37556,"sourceURI":"https://addons.mozilla.org/firefox/downloads/file/883666/css_exfil_protection-1.0.8-an+fx.xpi?src=dp-btn-primary","releaseNotesURI":null,"softDisabled":false,"foreignInstall":false,"strictCompatibility":true,"locales":[],"targetApplications":[{"id":"toolkit@mozilla.org","minVersion":"48.0","maxVersion":"*"}],"targetPlatforms":[],"multiprocessCompatible":true,"signedState":2,"seen":true,"dependencies":[],"hasEmbeddedWebExtension":false,"userPermissions":{"permissions":["storage"],"origins":["http://*/","https://*/","<all_urls>"]},"icons":{"16":"icons/icon-16.png","32":"icons/icon-32.png","48":"icons/icon-48.png","64":"icons/icon-64.png","128":"icons/icon-128.png"},"iconURL":null,"icon64URL":null,"blocklistState":0,"blocklistURL":null,"startupData":null},{"id":"jid1-BoFifL9Vbdl2zQ@jetpack","syncGUID":"{e9851326-61b4-4bf3-9749-735c707d7c2b}","location":"app-profile","version":"2.0.3","type":"webextension","internalName":null,"updateURL":null,"updateKey":null,"optionsURL":"pages/options/options.html","optionsType":5,"optionsBrowserStyle":true,"aboutURL":null,"defaultLocale":{"name":"Decentraleyes","description":"Protects you against tracking through \"free\", centralized, content delivery.","creator":"Thomas Rientjes","developers":null,"translators":null,"contributors":null},"visible":true,"active":true,"userDisabled":false,"appDisabled":false,"installDate":1527087734735,"updateDate":1527087734735,"applyBackgroundUpdates":1,"bootstrap":true,"path":"C:\\Users\\bert\\AppData\\Roaming\\Mozilla\\Firefox\\Profiles\\gmfrvfjg.default\\extensions\\jid1-BoFifL9Vbdl2zQ@jetpack.xpi","skinnable":false,"size":17424596,"sourceURI":"https://addons.mozilla.org/firefox/downloads/file/870473/decentraleyes-2.0.3-an+fx.xpi?src=dp-btn-primary","releaseNotesURI":null,"softDisabled":false,"foreignInstall":false,"strictCompatibility":true,"locales":[{"name":"Decentraleyes","description":"Protects you against tracking through \"free\", centralized, content delivery.","creator":"Thomas Rientjes","developers":null,"translators":null,"contributors":null,"locales":["en-US"]},{"name":"Decentraleyes","description":"「無料」と称してあなたを追跡する大規模なCDNを迂回して、プライバシーを守ります。","creator":"Thomas Rientjes","developers":null,"translators":null,"contributors":null,"locales":["ja"]},{"name":"Decentraleyes","description":"Kaitseb sind \"tasuta\", tsentraliseeritud sisu edastamisest tuleneva jälitamise vastu.","creator":"Thomas Rientjes","developers":null,"translators":null,"contributors":null,"locales":["et"]},{"name":"Decentraleyes","description":"Protege contra monitorização através de entrega de conteúdo centralizado.","creator":"Thomas Rientjes","developers":null,"translators":null,"contributors":null,"locales":["pt-PT"]},{"name":"Decentraleyes","description":"Protège du pistage lié aux diffuseurs de contenus \"gratuits\", centralisés.","creator":"Thomas Rientjes","developers":null,"translators":null,"contributors":null,"locales":["fr"]},{"name":"Decentraleyes","description":"Melindungi Anda dari pelacakan distribusi konten \"gratis\" dan terpusat.","creator":"Thomas Rientjes","developers":null,"translators":null,"contributors":null,"locales":["id"]},{"name":"Decentraleyes","description":"Защитава ви от следене чрез свободна, централизирана доставка на съдържание.","creator":"Thomas Rientjes","developers":null,"translators":null,"contributors":null,"locales":["bg"]},{"name":"Decentraleyes","description":"Skyddar dig mot att spåras av \"gratis\", centraliserad, innehållsleverans.","creator":"Thomas Rientjes","developers":null,"translators":null,"contributors":null,"locales":["sv"]},{"name":"Decentraleyes","description":"Védelem az \"ingyenes\" centralizált content delivery hálózatok megfigyelésétől.","creator":"Thomas Rientjes","developers":null,"translators":null,"contributors":null,"locales":["hu"]},{"name":"Decentraleyes","description":"Verndar þig gegn eftirliti frá \"ókeypis\" miðlægum efnisveitum.","creator":"Thomas Rientjes","developers":null,"translators":null,"contributors":null,"locales":["is"]},{"name":"Decentraleyes","description":"Decentraleyes protektas vin kontraŭ sekvado per senkosta, centra enhavoprovizado.","creator":"Thomas Rientjes","developers":null,"translators":null,"contributors":null,"locales":["eo"]},{"name":"Decentraleyes","description":"يحميك من التتبع المرتبط بالوصول للمحتوى \"مجاني\"، مركزية.","creator":"Thomas Rientjes","developers":null,"translators":null,"contributors":null,"locales":["ar"]},{"name":"Decentraleyes","description":"\"무료\"라는 미끼로 당신을 추적하는 대규모 CDN을 사용하지 않음으로써 개인 정보를 지킵니다.","creator":"Thomas Rientjes","developers":null,"translators":null,"contributors":null,"locales":["ko"]},{"name":"Decentraleyes","description":"Protegge dal tracciamento tramite i CDN centralizzati \"gratuiti\".","creator":"Thomas Rientjes","developers":null,"translators":null,"contributors":null,"locales":["it"]},{"name":"Decentraleyes","description":"Schützt vor Tracking durch \"gratis\", zentralisiertes, Abliefern von Content.","creator":"Thomas Rientjes","developers":null,"translators":null,"contributors":null,"locales":["de"]},{"name":"Decentraleyes","description":"Protects you against tracking through \"free\", centralised, content delivery.","creator":"Thomas Rientjes","developers":null,"translators":null,"contributors":null,"locales":["en-GB"]},{"name":"Decentraleyes","description":"Штити вас од праћења преко „бесплатних“, централизованих достава садржаја.","creator":"Thomas Rientjes","developers":null,"translators":null,"contributors":null,"locales":["sr"]},{"name":"Decentraleyes","description":"Ochrání vás přes sledováním skrze centralizované doručování obsahu.","creator":"Thomas Rientjes","developers":null,"translators":null,"contributors":null,"locales":["cs-CZ"]},{"name":"Decentraleyes","description":"保护您免受集中式的内容交付网络（CDN）的跟踪。","creator":"Thomas Rientjes","developers":null,"translators":null,"contributors":null,"locales":["zh-CN"]},{"name":"Decentraleyes","description":"Защищает Вас от отслеживания через «бесплатные», централизованные CDN.","creator":"Thomas Rientjes","developers":null,"translators":null,"contributors":null,"locales":["ru"]},{"name":"Decentraleyes","description":"Chroni przed śledzeniem przez ośrodki CDN.","creator":"Thomas Rientjes","developers":null,"translators":null,"contributors":null,"locales":["pl"]},{"name":"Decentraleyes","description":"Suojaa sinua \"ilmaisten\" keskitettyjen sisällön jakeluverkkojen jäljitykseltä.","creator":"Thomas Rientjes","developers":null,"translators":null,"contributors":null,"locales":["fi"]},{"name":"Decentraleyes","description":"Te protejează împotriva urmăririi prin livrare \"gratuită\" de conținut centralizat.","creator":"Thomas Rientjes","developers":null,"translators":null,"contributors":null,"locales":["ro"]},{"name":"Decentraleyes","description":"Προστατεύει από παρακολούθηση μέσω \"δωρεάν\" διανομής περιεχόμενου.","creator":"Thomas Rientjes","developers":null,"translators":null,"contributors":null,"locales":["el"]},{"name":"Decentraleyes","description":"Protégete contra rastreo a través de entrega de contenido centralizado \"gratis\".","creator":"Thomas Rientjes","developers":null,"translators":null,"contributors":null,"locales":["es"]},{"name":"Decentraleyes","description":"Lhe protege de rastreamento feito usando centrais de disponibilização de conteúdo \"gratuitas\".","creator":"Thomas Rientjes","developers":null,"translators":null,"contributors":null,"locales":["pt-BR"]},{"name":"Decentraleyes","description":"保護您不受「免費」、中心化的內容傳遞網路（CDN）的追蹤。","creator":"Thomas Rientjes","developers":null,"translators":null,"contributors":null,"locales":["zh-TW"]},{"name":"Decentraleyes","description":"מגן עליך מפני מעקב המבוצע דרך רשתות אספקת תוכן ריכוזיות ו\"חינמיות\".","creator":"Thomas Rientjes","developers":null,"translators":null,"contributors":null,"locales":["he"]},{"name":"Decentraleyes","description":"Beskytter dig imod sporing af \"gratis\", centraliserede indholdsleverandører.","creator":"Thomas Rientjes","developers":null,"translators":null,"contributors":null,"locales":["da"]},{"name":"Decentraleyes","description":"Sizi, \"ücretsiz\", merkezi, içerik dağıtımı aracılığıyla yapılan takipten korur.","creator":"Thomas Rientjes","developers":null,"translators":null,"contributors":null,"locales":["tr"]},{"name":"Decentraleyes","description":"Beschermt tegen tracking via het \"gratis\", gecentraliseerd, verzorgen van content.","creator":"Thomas Rientjes","developers":null,"translators":null,"contributors":null,"locales":["nl"]}],"targetApplications":[{"id":"toolkit@mozilla.org","minVersion":"56.0a1","maxVersion":"*"}],"targetPlatforms":[],"multiprocessCompatible":true,"signedState":2,"seen":true,"dependencies":[],"hasEmbeddedWebExtension":false,"userPermissions":{"permissions":["privacy","storage","unlimitedStorage","tabs","webNavigation","webRequest","webRequestBlocking"],"origins":["*://*/*"]},"icons":{"16":"icons/icon16.png","48":"icons/icon48.png","96":"icons/icon96.png","128":"icons/icon128.png"},"iconURL":null,"icon64URL":null,"blocklistState":0,"blocklistURL":null,"startupData":null},{"id":"{58a91034-688c-4104-b2d3-04d086882925}","syncGUID":"{0a17c537-5c07-4d96-a1ef-792ae8dcf51f}","location":"app-profile","version":"0.2.1","type":"webextension","internalName":null,"updateKey":null,"optionsURL":null,"optionsType":null,"optionsBrowserStyle":true,"aboutURL":null,"defaultLocale":{"name":"disqus-undirect","description":"Redirect disq.us links without requesting.","creator":null,"developers":null,"translators":null,"contributors":null},"visible":true,"active":true,"userDisabled":false,"appDisabled":false,"installDate":1527087807787,"updateDate":1527087807787,"applyBackgroundUpdates":1,"bootstrap":true,"path":"C:\\Users\\bert\\AppData\\Roaming\\Mozilla\\Firefox\\Profiles\\gmfrvfjg.default\\extensions\\{58a91034-688c-4104-b2d3-04d086882925}.xpi","skinnable":false,"size":48474,"sourceURI":"https://addons.mozilla.org/firefox/downloads/file/614902/disqus-0.2.1-an+fx.xpi?src=dp-btn-primary","releaseNotesURI":null,"softDisabled":false,"foreignInstall":false,"strictCompatibility":true,"locales":[],"targetApplications":[{"id":"toolkit@mozilla.org","minVersion":"48.0","maxVersion":"*"}],"targetPlatforms":[],"multiprocessCompatible":true,"signedState":2,"seen":true,"dependencies":[],"hasEmbeddedWebExtension":false,"userPermissions":{"permissions":[],"origins":["*://disqus.com/*"]},"icons":{"16":"icons/icon16.png","48":"icons/icon48.png","128":"icons/icon128.png"},"iconURL":null,"icon64URL":null,"blocklistState":0,"blocklistURL":null,"startupData":null},{"id":"{6b938c0c-fc53-4f27-805f-619778631082}","syncGUID":"{c93b975f-1244-43e4-81a1-c0548e3e031c}","location":"app-profile","version":"2.1","type":"webextension","internalName":null,"updateKey":null,"optionsURL":null,"optionsType":null,"optionsBrowserStyle":true,"aboutURL":null,"defaultLocale":{"name":"Don't touch my tabs! (rel=noopener)","description":"Prevent new tabs from hijacking the source tab by adding the rel=noopener attribute to all hyperlinks that open in a new tab.","creator":"Jeroen Swen","developers":null,"translators":null,"contributors":null},"visible":true,"active":true,"userDisabled":false,"appDisabled":false,"installDate":1527087823931,"updateDate":1527087823931,"applyBackgroundUpdates":1,"bootstrap":true,"path":"C:\\Users\\bert\\AppData\\Roaming\\Mozilla\\Firefox\\Profiles\\gmfrvfjg.default\\extensions\\{6b938c0c-fc53-4f27-805f-619778631082}.xpi","skinnable":false,"size":8348,"sourceURI":"https://addons.mozilla.org/firefox/downloads/file/909656/dont_touch_my_tabs_relnoopener-2.1-an+fx.xpi?src=dp-btn-primary","releaseNotesURI":null,"softDisabled":false,"foreignInstall":false,"strictCompatibility":true,"locales":[],"targetApplications":[{"id":"toolkit@mozilla.org","minVersion":"48.0","maxVersion":"*"}],"targetPlatforms":[],"multiprocessCompatible":true,"signedState":2,"seen":true,"dependencies":[],"hasEmbeddedWebExtension":false,"userPermissions":{"permissions":[],"origins":["<all_urls>"]},"icons":{"96":"icons/icon-96.png"},"iconURL":null,"icon64URL":null,"blocklistState":0,"blocklistURL":null,"startupData":null},{"id":"headereditor-amo@addon.firefoxcn.net","syncGUID":"{be40e383-446c-4dfb-bc64-48af0bb6f140}","location":"app-profile","version":"3.0.6","type":"webextension","internalName":null,"updateURL":null,"updateKey":null,"optionsURL":"manage.html","optionsType":3,"optionsBrowserStyle":true,"aboutURL":null,"defaultLocale":{"name":"Header Editor","description":"Manage browser's requests, include modify the request headers and response headers, redirect requests, cancel requests","creator":null,"homepageURL":"http://team.firefoxcn.net","developers":null,"translators":null,"contributors":null},"visible":true,"active":true,"userDisabled":false,"appDisabled":false,"installDate":1527088365674,"updateDate":1527088365674,"applyBackgroundUpdates":1,"bootstrap":true,"path":"C:\\Users\\bert\\AppData\\Roaming\\Mozilla\\Firefox\\Profiles\\gmfrvfjg.default\\extensions\\headereditor-amo@addon.firefoxcn.net.xpi","skinnable":false,"size":705924,"sourceURI":"https://addons.mozilla.org/firefox/downloads/file/954758/header_editor-3.0.6-an+fx.xpi?src=dp-btn-primary","releaseNotesURI":null,"softDisabled":false,"foreignInstall":false,"strictCompatibility":true,"locales":[{"name":"Header Editor","description":"Manage browser's requests, include modify the request headers and response headers, redirect requests, cancel requests","creator":null,"homepageURL":"http://team.firefoxcn.net","developers":null,"translators":null,"contributors":null,"locales":["en"]},{"name":"Header Editor","description":"管理浏览器请求，包括修改请求头和响应头、重定向请求、取消请求","creator":null,"homepageURL":"http://team.firefoxcn.net","developers":null,"translators":null,"contributors":null,"locales":["zh-CN"]},{"name":"Header Editor","description":"Gerencie pedidos do navegador, incluindo modificar cabeçalhos das solicitações e resposta, solicitações de redirecionamento, cancelar solicitações","creator":null,"homepageURL":"http://team.firefoxcn.net","developers":null,"translators":null,"contributors":null,"locales":["pt-BR"]},{"name":"Header Editor","description":"管理瀏覽器要求，包括修改要求標頭和回應標頭、重新導向要求、取消要求","creator":null,"homepageURL":"http://team.firefoxcn.net","developers":null,"translators":null,"contributors":null,"locales":["zh-TW"]}],"targetApplications":[{"id":"toolkit@mozilla.org","minVersion":"52.0","maxVersion":"*"}],"targetPlatforms":[],"multiprocessCompatible":true,"signedState":2,"seen":true,"dependencies":[],"hasEmbeddedWebExtension":false,"userPermissions":{"permissions":["tabs","webRequest","webRequestBlocking","contextMenus","storage","downloads"],"origins":["*://*/*"]},"icons":{"128":"images/128.png"},"iconURL":null,"icon64URL":null,"blocklistState":0,"blocklistURL":null,"startupData":null},{"id":"{569456be-2850-4f7e-b669-71e55140ee0a}","syncGUID":"{9e507c47-17c7-4b62-b016-18cea1236eb0}","location":"app-profile","version":"1.5.2","type":"webextension","internalName":null,"updateKey":null,"optionsURL":null,"optionsType":null,"optionsBrowserStyle":true,"aboutURL":null,"defaultLocale":{"name":"Redirect AMP to HTML","description":"Automatically redirects AMP pages to their canonical HTML equivalent.","creator":null,"developers":null,"translators":null,"contributors":null},"visible":true,"active":true,"userDisabled":false,"appDisabled":false,"installDate":1527089424774,"updateDate":1527089424774,"applyBackgroundUpdates":1,"bootstrap":true,"path":"C:\\Users\\bert\\AppData\\Roaming\\Mozilla\\Firefox\\Profiles\\gmfrvfjg.default\\extensions\\{569456be-2850-4f7e-b669-71e55140ee0a}.xpi","skinnable":false,"size":25814,"sourceURI":"https://addons.mozilla.org/firefox/downloads/file/955849/redirect_amp_to_html-1.5.2-an+fx.xpi?src=dp-btn-primary","releaseNotesURI":null,"softDisabled":false,"foreignInstall":false,"strictCompatibility":true,"locales":[],"targetApplications":[{"id":"toolkit@mozilla.org","minVersion":"48.0","maxVersion":"*"}],"targetPlatforms":[],"multiprocessCompatible":true,"signedState":2,"seen":true,"dependencies":[],"hasEmbeddedWebExtension":false,"userPermissions":{"permissions":[],"origins":["http://*/*","https://*/*"]},"icons":{"48":"assets/icon_48.png","256":"assets/icon_256.png"},"iconURL":null,"icon64URL":null,"blocklistState":0,"blocklistURL":null,"startupData":null},{"id":"skipredirect@sblask","syncGUID":"{13b15a6e-7e5f-4048-9c4f-4795baee7af7}","location":"app-profile","version":"2.2.1","type":"webextension","internalName":null,"updateURL":null,"updateKey":null,"optionsURL":"options/options.html","optionsType":5,"optionsBrowserStyle":true,"aboutURL":null,"defaultLocale":{"name":"Skip Redirect","description":"Skip intermediary pages that some pages use before redirecting to a final page.","creator":"Sebastian Blask","homepageURL":"https://github.com/sblask/webextension-skip-redirect","developers":null,"translators":null,"contributors":null},"visible":true,"active":true,"userDisabled":false,"appDisabled":false,"installDate":1527089492297,"updateDate":1527089492297,"applyBackgroundUpdates":1,"bootstrap":true,"path":"C:\\Users\\bert\\AppData\\Roaming\\Mozilla\\Firefox\\Profiles\\gmfrvfjg.default\\extensions\\skipredirect@sblask.xpi","skinnable":false,"size":256912,"sourceURI":"https://addons.mozilla.org/firefox/downloads/file/727843/skip_redirect-2.2.1-fx.xpi?src=dp-btn-primary","releaseNotesURI":null,"softDisabled":false,"foreignInstall":false,"strictCompatibility":true,"locales":[{"name":"Skip Redirect","description":"Skip intermediary pages that some pages use before redirecting to a final page.","creator":"Sebastian Blask","homepageURL":"https://github.com/sblask/webextension-skip-redirect","developers":null,"translators":null,"contributors":null,"locales":["en"]},{"name":"Skip Redirect","description":"Manche Webseiten leiten Benutzer auf eine extra Seite bevor sie auf die Seite weiterleiten die man eigentlich sehen wollte. Skip Redirect versucht diese Weiterleitung zu überspringen um direkt zur richtigen Seite zu gehen.","creator":"Sebastian Blask","homepageURL":"https://github.com/sblask/webextension-skip-redirect","developers":null,"translators":null,"contributors":null,"locales":["de"]}],"targetApplications":[{"id":"toolkit@mozilla.org","minVersion":"46.0","maxVersion":"*"}],"targetPlatforms":[],"multiprocessCompatible":true,"signedState":2,"seen":true,"dependencies":[],"hasEmbeddedWebExtension":false,"userPermissions":{"permissions":["clipboardWrite","contextMenus","notifications","storage","webRequest","webRequestBlocking"],"origins":["<all_urls>"]},"icons":{"48":"icon.svg"},"iconURL":null,"icon64URL":null,"blocklistState":0,"blocklistURL":null,"startupData":null},{"id":"{b3e677f4-1150-4387-8629-da738260a48e}","syncGUID":"{4143010d-abcf-4727-824c-8ada06d5332e}","location":"app-profile","version":"0.2.4","type":"webextension","internalName":null,"updateKey":null,"optionsURL":"data/options/options.html","optionsType":5,"optionsBrowserStyle":true,"aboutURL":null,"defaultLocale":{"name":"Smart HTTPS","description":"Automatically changes HTTP protocol to HTTPS, and if loading encounters error, reverts it back to HTTP.","creator":null,"homepageURL":"http://mybrowseraddon.com/smart-https.html","developers":null,"translators":null,"contributors":null},"visible":true,"active":true,"userDisabled":false,"appDisabled":false,"installDate":1527090408202,"updateDate":1527090408202,"applyBackgroundUpdates":1,"bootstrap":true,"path":"C:\\Users\\bert\\AppData\\Roaming\\Mozilla\\Firefox\\Profiles\\gmfrvfjg.default\\extensions\\{b3e677f4-1150-4387-8629-da738260a48e}.xpi","skinnable":false,"size":220710,"sourceURI":"https://addons.mozilla.org/firefox/downloads/file/934424/smart_https-0.2.4-an+fx.xpi?src=dp-btn-primary","releaseNotesURI":null,"softDisabled":false,"foreignInstall":false,"strictCompatibility":true,"locales":[],"targetApplications":[{"id":"toolkit@mozilla.org"}],"targetPlatforms":[],"multiprocessCompatible":true,"signedState":2,"seen":true,"dependencies":[],"hasEmbeddedWebExtension":false,"userPermissions":{"permissions":["tabs","storage","webRequest","webRequestBlocking"],"origins":["<all_urls>"]},"icons":{"16":"data/icons/16.png","32":"data/icons/32.png","48":"data/icons/48.png","64":"data/icons/64.png","128":"data/icons/128.png"},"iconURL":null,"icon64URL":null,"blocklistState":0,"blocklistURL":null,"startupData":null},{"id":"smart-referer@meh.paranoid.pk","syncGUID":"{1c9f01b2-5917-4a65-9381-fe51c71dbaf1}","location":"app-profile","version":"0.2.8","type":"webextension","internalName":null,"updateURL":null,"updateKey":null,"optionsURL":"content/options.html","optionsType":5,"optionsBrowserStyle":true,"aboutURL":null,"defaultLocale":{"name":"Smart Referer","description":"Enable smart referers everywhere (send referer only on same domain)","creator":null,"homepageURL":"https://github.com/meh/smart-referer","developers":null,"translators":null,"contributors":null},"visible":true,"active":true,"userDisabled":false,"appDisabled":false,"installDate":1527090481428,"updateDate":1527090481428,"applyBackgroundUpdates":1,"bootstrap":true,"path":"C:\\Users\\bert\\AppData\\Roaming\\Mozilla\\Firefox\\Profiles\\gmfrvfjg.default\\extensions\\smart-referer@meh.paranoid.pk.xpi","skinnable":false,"size":350470,"sourceURI":"https://addons.mozilla.org/firefox/downloads/file/954349/smart_referer-0.2.8-an+fx.xpi?src=dp-btn-primary","releaseNotesURI":null,"softDisabled":false,"foreignInstall":false,"strictCompatibility":true,"locales":[{"name":"Smart Referer","description":"Enable smart referers everywhere (send referer only on same domain)","creator":null,"homepageURL":"https://github.com/meh/smart-referer","developers":null,"translators":null,"contributors":null,"locales":["en"]},{"name":"Smart Referer","description":"Des référents intelligents partout !","creator":null,"homepageURL":"https://github.com/meh/smart-referer","developers":null,"translators":null,"contributors":null,"locales":["fr"]},{"name":"Smart Referer","description":"Smarte Referer überall!","creator":null,"homepageURL":"https://github.com/meh/smart-referer","developers":null,"translators":null,"contributors":null,"locales":["de"]}],"targetApplications":[{"id":"toolkit@mozilla.org","minVersion":"52.0","maxVersion":"*"}],"targetPlatforms":[],"multiprocessCompatible":true,"signedState":2,"seen":true,"dependencies":[],"hasEmbeddedWebExtension":false,"userPermissions":{"permissions":["menus","storage","theme","webRequest","webRequestBlocking"],"origins":["http://*/*","https://*/*"]},"icons":{"48":"assets/icon.svg","256":"assets/icon.svg"},"iconURL":null,"icon64URL":null,"blocklistState":0,"blocklistURL":null,"startupData":null},{"id":"uMatrix@raymondhill.net","syncGUID":"{68bb1c1f-4a41-4fa3-8685-c89399882039}","location":"app-profile","version":"1.3.8","type":"webextension","internalName":null,"updateURL":null,"updateKey":null,"optionsURL":"dashboard.html","optionsType":3,"optionsBrowserStyle":true,"aboutURL":null,"defaultLocale":{"name":"uMatrix","description":"Point & click to forbid/allow any class of requests made by your browser. Use it to block scripts, iframes, ads, facebook, etc.","creator":"Raymond Hill","developers":null,"translators":null,"contributors":null},"visible":true,"active":true,"userDisabled":false,"appDisabled":false,"installDate":1527110407260,"updateDate":1527110407260,"applyBackgroundUpdates":1,"bootstrap":true,"path":"C:\\Users\\bert\\AppData\\Roaming\\Mozilla\\Firefox\\Profiles\\gmfrvfjg.default\\extensions\\uMatrix@raymondhill.net.xpi","skinnable":false,"size":6667839,"sourceURI":"https://addons.mozilla.org/firefox/downloads/file/936063/umatrix-1.3.8-an+fx.xpi?src=dp-btn-primary","releaseNotesURI":null,"softDisabled":false,"foreignInstall":false,"strictCompatibility":true,"locales":[{"name":"uMatrix","description":"Point & click to forbid/allow any class of requests made by your browser. Use it to block scripts, iframes, ads, facebook, etc.","creator":"Raymond Hill","developers":null,"translators":null,"contributors":null,"locales":["en"]},{"name":"uMatrix","description":"マウス一つでどんな種類のリクエストでも拒否/許可することができます。スクリプト、Iframe、広告、Facebookなどをブロックします。","creator":"Raymond Hill","developers":null,"translators":null,"contributors":null,"locales":["ja"]},{"name":"uMatrix","description":"Suuna ja klõpsa, et keelata/lubada veebilehitseja kõiki päringud. Sellega saab keelata skripte, i-raame, reklaame, fb-d jne.","creator":"Raymond Hill","developers":null,"translators":null,"contributors":null,"locales":["et"]},{"name":"uMatrix","description":"Aponte & clique para proibir/permitir pedidos feitos pelo seu browser. Use-o para bloquear scripts, iframes, facebook, etc.","creator":"Raymond Hill","developers":null,"translators":null,"contributors":null,"locales":["pt-PT"]},{"name":"uMatrix","description":"Point & click to forbid/allow any class of requests made by your browser. Use it to block scripts, iframes, ads, facebook, etc.","creator":"Raymond Hill","developers":null,"translators":null,"contributors":null,"locales":["te"]},{"name":"uMatrix","description":"Pointez-et-cliquez pour interdire/autoriser toute sorte de requêtes effectuées par le navigateur à l'aide d'un tableau de données.","creator":"Raymond Hill","developers":null,"translators":null,"contributors":null,"locales":["fr"]},{"name":"uMatrix","description":"Tunjuk & klik untuk melarang/mengizinkan permintaan yang dibuat peramban anda. Gunakan untuk memblokir skrip, iframe, iklan, dll.","creator":"Raymond Hill","developers":null,"translators":null,"contributors":null,"locales":["id"]},{"name":"uMatrix","description":"Point & click to forbid/allow any class of requests made by your browser. Use it to block scripts, iframes, ads, facebook, etc.","creator":"Raymond Hill","developers":null,"translators":null,"contributors":null,"locales":["bg"]},{"name":"uMatrix","description":"আপনার ব্রাউজার দ্বারা করা যে কোন শ্রেণীর অনুরোধ অনুমতি/নিষেধ করতে পয়েন্ট ও ক্লিক করুন। স্ক্রিপ্ট, আইফ্রেম, বিজ্ঞাপন, ফেসবুক, ইত্যাদি ব্লক এটি ব্যবহার করুন।","creator":"Raymond Hill","developers":null,"translators":null,"contributors":null,"locales":["bn"]},{"name":"uMatrix","description":"Klicka runt för att förbjuda eller tillåta förfrågningsklasser din webbläsare skapat. Använd detta för att blockera skript, annonser, Facebook, med mera.","creator":"Raymond Hill","developers":null,"translators":null,"contributors":null,"locales":["sv"]},{"name":"uMatrix","description":"Umožňuje cíleně povolovat/blokovat spojení z vašeho prohlížeče pouhým kliknutím. Můžete jím blokovat skripty, reklamy, Facebook, …","creator":"Raymond Hill","developers":null,"translators":null,"contributors":null,"locales":["cs"]},{"name":"uMatrix","description":"Tiltsd le, vagy engedélyezd egy kattintással a böngésző által létrehozott lekéréseket csoportosítva – szkriptek, iframe-ek, stb.","creator":"Raymond Hill","developers":null,"translators":null,"contributors":null,"locales":["hu"]},{"name":"uMatrix","description":"Point & click to forbid/allow any class of requests made by your browser. Use it to block scripts, iframes, ads, facebook, etc.","creator":"Raymond Hill","developers":null,"translators":null,"contributors":null,"locales":["kn"]},{"name":"uMatrix","description":"Натисніть для блокування будь якого класу запитів. Використовуйте для блокування скриптів, банерів, соцмереж, тощо.","creator":"Raymond Hill","developers":null,"translators":null,"contributors":null,"locales":["uk"]},{"name":"uMatrix","description":"Point & click to forbid/allow any class of requests made by your browser. Use it to block scripts, iframes, ads, facebook, etc.","creator":"Raymond Hill","developers":null,"translators":null,"contributors":null,"locales":["eo"]},{"name":"uMatrix","description":"Point & click to forbid/allow any class of requests made by your browser. Use it to block scripts, iframes, ads, facebook, etc.","creator":"Raymond Hill","developers":null,"translators":null,"contributors":null,"locales":["sw"]},{"name":"uMatrix","description":"Chỉ cần click để chặn/cho phép mọi loại yêu cầu của trình duyệt. Dùng để chặn script, iframe, quảng cáo, facebook,...","creator":"Raymond Hill","developers":null,"translators":null,"contributors":null,"locales":["vi"]},{"name":"uMatrix","description":"قم بالاشارة ثم انقر لكي تقوم بسماح او منع اي اتصال يجري عن طريق المتصفح. يمكنك منع السكربتات، أطر، اعلانات، موقع مثل الفيسبوك، الخ.","creator":"Raymond Hill","developers":null,"translators":null,"contributors":null,"locales":["ar"]},{"name":"uMatrix","description":"클릭 한번으로 모든 종류의 요청에 대한 거부 / 허용을 설정 할 수 있습니다. 스크립트, Iframe, 광고, Facebook 등을 차단합니다.","creator":"Raymond Hill","developers":null,"translators":null,"contributors":null,"locales":["ko"]},{"name":"uMatrix","description":"Punta & clicca per bloccare/consentire qualunque categoria di richieste fatte dal browser.","creator":"Raymond Hill","developers":null,"translators":null,"contributors":null,"locales":["it"]},{"name":"uMatrix","description":"Point & click to forbid/allow any class of requests made by your browser. Use it to block scripts, iframes, ads, facebook, etc.","creator":"Raymond Hill","developers":null,"translators":null,"contributors":null,"locales":["lt"]},{"name":"uMatrix","description":"Point & click to forbid/allow any class of requests made by your browser. Use it to block scripts, iframes, ads, facebook, etc.","creator":"Raymond Hill","developers":null,"translators":null,"contributors":null,"locales":["hi"]},{"name":"uMatrix","description":"Point & click to forbid/allow any class of requests made by your browser. Use it to block scripts, iframes, ads, facebook, etc.","creator":"Raymond Hill","developers":null,"translators":null,"contributors":null,"locales":["ta"]},{"name":"uMatrix","description":"Point & click to forbid/allow any class of requests made by your browser. Use it to block scripts, iframes, ads, facebook, etc.","creator":"Raymond Hill","developers":null,"translators":null,"contributors":null,"locales":["th"]},{"name":"uMatrix","description":"Kontrolliere alle Anfragen deines Browsers durch einfaches Point&Click. Blockiere damit Skripte, IFrames, Werbung, Facebook usw.","creator":"Raymond Hill","developers":null,"translators":null,"contributors":null,"locales":["de"]},{"name":"uMatrix","description":"Point & click to forbid/allow any class of requests made by your browser. Use it to block scripts, iframes, ads, facebook, etc.","creator":"Raymond Hill","developers":null,"translators":null,"contributors":null,"locales":["mr"]},{"name":"uMatrix","description":"Pek og klikk for å forby/tillate enhver forespørselsklasse fra nettleseren din. Bruk det til å blokkere skript, iframe-rammer, reklame, Facebook, osv.","creator":"Raymond Hill","developers":null,"translators":null,"contributors":null,"locales":["nb"]},{"name":"uMatrix","description":"Point & click to forbid/allow any class of requests made by your browser. Use it to block scripts, iframes, ads, facebook, etc.","creator":"Raymond Hill","developers":null,"translators":null,"contributors":null,"locales":["ca"]},{"name":"uMatrix","description":"Point & click to forbid/allow any class of requests made by your browser. Use it to block scripts, iframes, ads, facebook, etc.","creator":"Raymond Hill","developers":null,"translators":null,"contributors":null,"locales":["sk"]},{"name":"uMatrix","description":"Забраните или дозволите било коју врсту захтева од стране прегледача. Корисно за блокирање скрипти, реклама, друштвених мрежа и др.","creator":"Raymond Hill","developers":null,"translators":null,"contributors":null,"locales":["sr"]},{"name":"uMatrix","description":"Point & click to forbid/allow any class of requests made by your browser. Use it to block scripts, iframes, ads, facebook, etc.","creator":"Raymond Hill","developers":null,"translators":null,"contributors":null,"locales":["am"]},{"name":"uMatrix","description":"اشاره و کلیک کنید تا هر کلاسی از درخواست‌هایی که توسط مرورگر ایجاد می‌شوند را منع کنید یا اجازه دهید. برای سد راه کردن اسکریپت‌ها، iframeها، تبلیغات، فیس‌بوک و غیره از آن استفاده کنید.","creator":"Raymond Hill","developers":null,"translators":null,"contributors":null,"locales":["fa"]},{"name":"uMatrix","description":"Point & click to forbid/allow any class of requests made by your browser. Use it to block scripts, iframes, ads, facebook, etc.","creator":"Raymond Hill","developers":null,"translators":null,"contributors":null,"locales":["ml"]},{"name":"uMatrix","description":"Point & click to forbid/allow any class of requests made by your browser. Use it to block scripts, iframes, ads, facebook, etc.","creator":"Raymond Hill","developers":null,"translators":null,"contributors":null,"locales":["ms"]},{"name":"uMatrix","description":"通过点击开关达到控制浏览器中的各种网页请求。借此拦截网页脚本、嵌套页面、媒体广告、社交网站追踪等行为。","creator":"Raymond Hill","developers":null,"translators":null,"contributors":null,"locales":["zh-CN"]},{"name":"uMatrix","description":"Интерактивный блокировщик любых типов запросов браузера. Позволяет запретить загрузку скриптов, фреймов, плагинов, рекламы и пр.","creator":"Raymond Hill","developers":null,"translators":null,"contributors":null,"locales":["ru"]},{"name":"uMatrix","description":"Kliknij by za/odblokować jakikolwiek połączenia wykonywane przez przeglądarkę. Blokuj skrypty, ramki, reklamy, fecebooka itp.","creator":"Raymond Hill","developers":null,"translators":null,"contributors":null,"locales":["pl"]},{"name":"uMatrix","description":"Point & click to forbid/allow any class of requests made by your browser. Use it to block scripts, iframes, ads, facebook, etc.","creator":"Raymond Hill","developers":null,"translators":null,"contributors":null,"locales":["sl"]},{"name":"uMatrix","description":"Point & click to forbid/allow any class of requests made by your browser. Use it to block scripts, iframes, ads, facebook, etc.","creator":"Raymond Hill","developers":null,"translators":null,"contributors":null,"locales":["lv"]},{"name":"uMatrix","description":"Ituro at i-click ang pagbawalan / pahintulutan ang anumang uri ng mga kahilingan na ginawa ng iyong browser. Gamitin ito upang i-block ang mga script, iframe, ad, facebook, atbp.","creator":"Raymond Hill","developers":null,"translators":null,"contributors":null,"locales":["fil"]},{"name":"uMatrix","description":"Point & click to forbid/allow any class of requests made by your browser. Use it to block scripts, iframes, ads, facebook, etc.","creator":"Raymond Hill","developers":null,"translators":null,"contributors":null,"locales":["hr"]},{"name":"uMatrix","description":"Osoita & klikkaa estääksesi/salliaksesi mitä tahansa selaimesi tekemiä luokan pyyntöjä. Käytä sitä komentosarjojen, iframesin, mainosten, facebookin -estämiseen jne.","creator":"Raymond Hill","developers":null,"translators":null,"contributors":null,"locales":["fi"]},{"name":"uMatrix","description":"Point & click to forbid/allow any class of requests made by your browser. Use it to block scripts, iframes, ads, facebook, etc.","creator":"Raymond Hill","developers":null,"translators":null,"contributors":null,"locales":["ro"]},{"name":"uMatrix","description":"Point & click to forbid/allow any class of requests made by your browser. Use it to block scripts, iframes, ads, facebook, etc.","creator":"Raymond Hill","developers":null,"translators":null,"contributors":null,"locales":["gu"]},{"name":"uMatrix","description":"Point & click to forbid/allow any class of requests made by your browser. Use it to block scripts, iframes, ads, facebook, etc.","creator":"Raymond Hill","developers":null,"translators":null,"contributors":null,"locales":["el"]},{"name":"uMatrix","description":"Prohíbe/permite cualquier petición del navegador. Bloquea scripts, iframes, anuncios, facebook, etc.","creator":"Raymond Hill","developers":null,"translators":null,"contributors":null,"locales":["es"]},{"name":"uMatrix","description":"Apontar & clicar para proibir/permitir quaisquer pedidos feitos pelo seu navegador. Bloqueia scripts, iframes, anúncios, facebook, etc.","creator":"Raymond Hill","developers":null,"translators":null,"contributors":null,"locales":["pt-BR"]},{"name":"uMatrix","description":"通過點選開關達到控制瀏覽器中的各種網頁請求。藉此阻擋網頁指令、嵌套頁面、媒體廣告、社交網站追踪等行爲。","creator":"Raymond Hill","developers":null,"translators":null,"contributors":null,"locales":["zh-TW"]},{"name":"uMatrix","description":"כוון & לחץ על מנת לחסום/להרשות כל סוג של בקשות שיצאו מהדפדפן שלך. השתמש בזה על מנת לחסום סקריפטים, מסגרות, פרסומות, פייסבוק, וכו'.","creator":"Raymond Hill","developers":null,"translators":null,"contributors":null,"locales":["he"]},{"name":"uMatrix","description":"Peg og klik for at forbyde/tillade bestemte former for anmodninger. Brug det til at blokere scripts, iframes, annoncer, Facebook, etc.","creator":"Raymond Hill","developers":null,"translators":null,"contributors":null,"locales":["da"]},{"name":"uMatrix","description":"İşaret edip tıklayarak tarayıcının yaptığı herhangi bir istek sınıfı yasaklanabilir veya buna izin verilebilir.","creator":"Raymond Hill","developers":null,"translators":null,"contributors":null,"locales":["tr"]},{"name":"uMatrix","description":"Beslis zelf welke aanvragen door uw browser mogen worden gedaan. Blokkeer scripts, iframes, advertenties, Facebook en meer.","creator":"Raymond Hill","developers":null,"translators":null,"contributors":null,"locales":["nl"]}],"targetApplications":[{"id":"toolkit@mozilla.org","minVersion":"56.0a1","maxVersion":"*"}],"targetPlatforms":[],"multiprocessCompatible":true,"signedState":2,"seen":true,"dependencies":[],"hasEmbeddedWebExtension":false,"userPermissions":{"permissions":["browsingData","cookies","privacy","storage","tabs","webNavigation","webRequest","webRequestBlocking"],"origins":["<all_urls>","http://*/*","https://*/*"]},"icons":{"16":"img/icon_16.png","128":"img/icon_128.png"},"iconURL":null,"icon64URL":null,"blocklistState":0,"blocklistURL":null,"startupData":null},{"id":"@copyastext","syncGUID":"{73fc6001-7aed-412e-9fc5-cf03a34d75ba}","location":"app-profile","version":"2.1.0","type":"webextension","internalName":null,"updateURL":null,"updateKey":null,"optionsURL":null,"optionsType":null,"optionsBrowserStyle":true,"aboutURL":null,"defaultLocale":{"name":"Copy As Plain Text","description":"Copy as plain text the content of web pages with rapid preview using context menu","creator":null,"developers":null,"translators":null,"contributors":null},"visible":true,"active":true,"userDisabled":false,"appDisabled":false,"installDate":1527113916217,"updateDate":1527113916217,"applyBackgroundUpdates":1,"bootstrap":true,"path":"C:\\Users\\bert\\AppData\\Roaming\\Mozilla\\Firefox\\Profiles\\gmfrvfjg.default\\extensions\\@copyastext.xpi","skinnable":false,"size":10527,"sourceURI":"https://addons.mozilla.org/firefox/downloads/file/710092/copy_as_text-2.1.0-an+fx-windows.xpi?src=dp-btn-primary","releaseNotesURI":null,"softDisabled":false,"foreignInstall":false,"strictCompatibility":true,"locales":[],"targetApplications":[{"id":"toolkit@mozilla.org","minVersion":"48.0","maxVersion":"*"}],"targetPlatforms":[],"multiprocessCompatible":true,"signedState":2,"seen":true,"dependencies":[],"hasEmbeddedWebExtension":false,"userPermissions":{"permissions":["contextMenus","activeTab","clipboardWrite"],"origins":["<all_urls>"]},"icons":{"16":"assets/icon_16.png","128":"assets/icon_128.png"},"iconURL":null,"icon64URL":null,"blocklistState":0,"blocklistURL":null,"startupData":null},{"id":"@testpilot-containers","syncGUID":"{473d77f3-dfc7-45ad-aa1a-3822ae4114cd}","location":"app-profile","version":"6.0.0","type":"webextension","internalName":null,"updateURL":null,"updateKey":null,"optionsURL":null,"optionsType":null,"optionsBrowserStyle":true,"aboutURL":null,"defaultLocale":{"name":"Firefox Multi-Account Containers","description":"Multi-Account Containers helps you keep all the parts of your online life contained in different tabs. Custom labels and color-coded tabs help keep different activities — like online shopping, travel planning, or checking work email — separate.","creator":null,"homepageURL":"https://testpilot.firefox.com/","developers":null,"translators":null,"contributors":null},"visible":true,"active":true,"userDisabled":false,"appDisabled":false,"installDate":1527113937844,"updateDate":1527113937844,"applyBackgroundUpdates":1,"bootstrap":true,"path":"C:\\Users\\bert\\AppData\\Roaming\\Mozilla\\Firefox\\Profiles\\gmfrvfjg.default\\extensions\\@testpilot-containers.xpi","skinnable":false,"size":256361,"sourceURI":"https://addons.mozilla.org/firefox/downloads/file/872069/firefox_multi_account_containers-6.0.0-an+fx-windows.xpi?src=dp-btn-primary","releaseNotesURI":null,"softDisabled":false,"foreignInstall":false,"strictCompatibility":true,"locales":[],"targetApplications":[{"id":"toolkit@mozilla.org","minVersion":"57.0","maxVersion":"*"}],"targetPlatforms":[],"multiprocessCompatible":true,"signedState":2,"seen":true,"dependencies":[],"hasEmbeddedWebExtension":false,"userPermissions":{"permissions":["activeTab","cookies","contextMenus","contextualIdentities","history","idle","management","storage","tabs","webRequestBlocking","webRequest"],"origins":["<all_urls>"]},"icons":{"48":"img/container-site-d-48.png","96":"img/container-site-d-96.png"},"iconURL":null,"icon64URL":null,"blocklistState":0,"blocklistURL":null,"startupData":null},{"id":"{d5ac33ed-723c-402b-b17c-e7bbb0d3a80d}","syncGUID":"{a187a430-e77a-4ed5-8d5f-01f2d108d472}","location":"app-profile","version":"0.14","type":"webextension","internalName":null,"updateURL":null,"updateKey":null,"optionsURL":"options.html","optionsType":5,"optionsBrowserStyle":true,"aboutURL":null,"defaultLocale":{"name":"Switch Container Plus","description":"Allows to switch the current tab to a different container in multiple ways","creator":"stoically","developers":null,"translators":null,"contributors":null},"visible":true,"active":true,"userDisabled":false,"appDisabled":false,"installDate":1527113959577,"updateDate":1527113959577,"applyBackgroundUpdates":1,"bootstrap":true,"path":"C:\\Users\\bert\\AppData\\Roaming\\Mozilla\\Firefox\\Profiles\\gmfrvfjg.default\\extensions\\{d5ac33ed-723c-402b-b17c-e7bbb0d3a80d}.xpi","skinnable":false,"size":68568,"sourceURI":"https://addons.mozilla.org/firefox/downloads/file/912971/switch_container_plus-0.14-an+fx-windows.xpi?src=dp-btn-primary","releaseNotesURI":null,"softDisabled":false,"foreignInstall":false,"strictCompatibility":true,"locales":[],"targetApplications":[{"id":"toolkit@mozilla.org","minVersion":"57.0","maxVersion":"*"}],"targetPlatforms":[],"multiprocessCompatible":true,"signedState":2,"seen":true,"dependencies":[],"hasEmbeddedWebExtension":false,"userPermissions":{"permissions":["tabs","activeTab","cookies","contextualIdentities","storage"],"origins":[]},"icons":{"48":"switch_container-48.svg","96":"switch_container-96.svg"},"iconURL":null,"icon64URL":null,"blocklistState":0,"blocklistURL":null,"startupData":null},{"id":"{88664789-f91e-40e1-adb9-e4e9a8c48867}","syncGUID":"{90106ba3-0cfd-47a2-bd65-18200649f0ac}","location":"app-profile","version":"0.4.0","type":"webextension","internalName":null,"updateKey":null,"optionsURL":null,"optionsType":null,"optionsBrowserStyle":true,"aboutURL":null,"defaultLocale":{"name":"URLs List","description":"List the URLs of all tabs from the current window as copyable plaintext.","creator":null,"homepageURL":"https://github.com/moritz-h/urls-list","developers":null,"translators":null,"contributors":null},"visible":true,"active":true,"userDisabled":false,"appDisabled":false,"installDate":1527113979092,"updateDate":1527113979092,"applyBackgroundUpdates":1,"bootstrap":true,"path":"C:\\Users\\bert\\AppData\\Roaming\\Mozilla\\Firefox\\Profiles\\gmfrvfjg.default\\extensions\\{88664789-f91e-40e1-adb9-e4e9a8c48867}.xpi","skinnable":false,"size":16993,"sourceURI":"https://addons.mozilla.org/firefox/downloads/file/787321/urls_list-0.4.0-an+fx.xpi?src=dp-btn-primary","releaseNotesURI":null,"softDisabled":false,"foreignInstall":false,"strictCompatibility":true,"locales":[],"targetApplications":[{"id":"toolkit@mozilla.org","minVersion":"48.0","maxVersion":"*"}],"targetPlatforms":[],"multiprocessCompatible":true,"signedState":2,"seen":true,"dependencies":[],"hasEmbeddedWebExtension":false,"userPermissions":{"permissions":["activeTab","clipboardWrite","contextMenus","notifications","tabs"],"origins":[]},"icons":{"48":"icons/icon.svg","96":"icons/icon.svg"},"iconURL":null,"icon64URL":null,"blocklistState":0,"blocklistURL":null,"startupData":null},{"id":"{c607c8df-14a7-4f28-894f-29e8722976af}","syncGUID":"{56743c56-3fd3-4a0e-88ed-2aadeee78cf0}","location":"app-profile","version":"0.90","type":"webextension","internalName":null,"updateURL":null,"updateKey":null,"optionsURL":"ui/options.html","optionsType":3,"optionsBrowserStyle":true,"aboutURL":null,"defaultLocale":{"name":"Temporary Containers","description":"Open tabs, websites, and links in automatically managed disposable containers. Containers isolate the data websites store (cookies, cache, and more) from each other, further enhancing your privacy while you browse.","creator":null,"homepageURL":"https://github.com/stoically/temporary-containers","developers":null,"translators":null,"contributors":null},"visible":true,"active":true,"userDisabled":false,"appDisabled":false,"installDate":1527114000242,"updateDate":1527114000242,"applyBackgroundUpdates":1,"bootstrap":true,"path":"C:\\Users\\bert\\AppData\\Roaming\\Mozilla\\Firefox\\Profiles\\gmfrvfjg.default\\extensions\\{c607c8df-14a7-4f28-894f-29e8722976af}.xpi","skinnable":false,"size":1523123,"sourceURI":"https://addons.mozilla.org/firefox/downloads/file/957991/temporary_containers-0.90-an+fx-windows.xpi?src=dp-btn-primary","releaseNotesURI":null,"softDisabled":false,"foreignInstall":false,"strictCompatibility":true,"locales":[],"targetApplications":[{"id":"toolkit@mozilla.org","minVersion":"57.0","maxVersion":"*"}],"targetPlatforms":[],"multiprocessCompatible":true,"signedState":2,"seen":true,"dependencies":[],"hasEmbeddedWebExtension":false,"userPermissions":{"permissions":["contextMenus","contextualIdentities","cookies","management","storage","tabs","webRequest","webRequestBlocking"],"origins":["<all_urls>"]},"icons":{"48":"icons/tmpcontainer-48.png"},"iconURL":null,"icon64URL":null,"blocklistState":0,"blocklistURL":null,"startupData":null},{"id":"CanvasBlocker@kkapsner.de","syncGUID":"{1880e252-4a5e-457c-900c-d53b09b39270}","location":"app-profile","version":"0.4.5c","type":"webextension","internalName":null,"updateURL":null,"updateKey":null,"optionsURL":"options/options.html","optionsType":5,"optionsBrowserStyle":true,"aboutURL":null,"defaultLocale":{"name":"CanvasBlocker","description":"Changes the JS-API for modifying <canvas> to prevent Canvas-Fingerprinting.","creator":"Korbinian Kapsner","developers":null,"translators":null,"contributors":null},"visible":true,"active":true,"userDisabled":false,"appDisabled":false,"installDate":1527086468292,"updateDate":1527407128355,"applyBackgroundUpdates":1,"bootstrap":true,"path":"C:\\Users\\bert\\AppData\\Roaming\\Mozilla\\Firefox\\Profiles\\gmfrvfjg.default\\extensions\\CanvasBlocker@kkapsner.de.xpi","skinnable":false,"size":328061,"sourceURI":"https://addons.cdn.mozilla.net/user-media/addons/534930/canvasblocker-0.4.5c-an+fx.xpi?filehash=sha256%3A89dd28666a1e5cc878c237da7a8ec8952996c5e1342e006e4cfef95da5105da8","releaseNotesURI":"https://addons.mozilla.org/versions/updateInfo/2426660/en-US/","softDisabled":false,"foreignInstall":false,"strictCompatibility":true,"locales":[{"name":"CanvasBlocker","description":"Changes the JS-API for modifying <canvas> to prevent Canvas-Fingerprinting.","creator":"Korbinian Kapsner","developers":null,"translators":null,"contributors":null,"locales":["en"]},{"name":"CanvasBlocker","description":"Gestisce le JS-API modificando i <canvas> per prevenire il Canvas-Fingerprinting.","creator":"Korbinian Kapsner","developers":null,"translators":null,"contributors":null,"locales":["it"]},{"name":"CanvasBlocker","description":"Ändert die JS-API zum Ändern von <canvas> um Canvas-Fingerprinting zu verhindern.","creator":"Korbinian Kapsner","developers":null,"translators":null,"contributors":null,"locales":["de"]}],"targetApplications":[{"id":"toolkit@mozilla.org","minVersion":"52.0","maxVersion":null}],"targetPlatforms":[],"multiprocessCompatible":true,"signedState":2,"seen":true,"dependencies":[],"hasEmbeddedWebExtension":false,"userPermissions":{"permissions":["storage","tabs","activeTab"],"origins":["<all_urls>"]},"icons":{"48":"icons/icon.svg","96":"icons/icon.svg"},"iconURL":null,"icon64URL":null,"blocklistState":0,"blocklistURL":null,"startupData":null},{"id":"neaturl@hugsmile.eu","syncGUID":"{c41fedcd-beea-426f-b972-e63807acbf8a}","location":"app-profile","version":"4.1.4","type":"webextension","internalName":null,"updateURL":null,"updateKey":null,"optionsURL":"options.html","optionsType":5,"optionsBrowserStyle":true,"aboutURL":null,"defaultLocale":{"name":"Neat URL","description":"Remove garbage from URLs.","creator":null,"homepageURL":"http://hugsmile.eu","developers":null,"translators":null,"contributors":null},"visible":true,"active":true,"userDisabled":false,"appDisabled":false,"installDate":1527088952343,"updateDate":1527407128429,"applyBackgroundUpdates":1,"bootstrap":true,"path":"C:\\Users\\bert\\AppData\\Roaming\\Mozilla\\Firefox\\Profiles\\gmfrvfjg.default\\extensions\\neaturl@hugsmile.eu.xpi","skinnable":false,"size":83018,"sourceURI":"https://addons.cdn.mozilla.net/user-media/addons/843685/neat_url-4.1.4-an+fx.xpi?filehash=sha256%3A1bb63c1b3256b8537f84a58bb4323ccd0e7da1d890ad322bcec4a0880aea87ce","releaseNotesURI":"https://addons.mozilla.org/versions/updateInfo/2426292/en-US/","softDisabled":false,"foreignInstall":false,"strictCompatibility":true,"locales":[{"name":"Neat URL","description":"Remove garbage from URLs.","creator":null,"homepageURL":"http://hugsmile.eu","developers":null,"translators":null,"contributors":null,"locales":["en"]},{"name":"Neat URL","description":"Видаляє сміття з URL-адрес.","creator":null,"homepageURL":"http://hugsmile.eu","developers":null,"translators":null,"contributors":null,"locales":["uk"]},{"name":"Neat URL","description":"移除网址中的无用段。","creator":null,"homepageURL":"http://hugsmile.eu","developers":null,"translators":null,"contributors":null,"locales":["zh-CN"]},{"name":"Neat URL","description":"Удаляет мусор из URL.","creator":null,"homepageURL":"http://hugsmile.eu","developers":null,"translators":null,"contributors":null,"locales":["ru"]},{"name":"Neat URL","description":"Verwijder rommel van URLs.","creator":null,"homepageURL":"http://hugsmile.eu","developers":null,"translators":null,"contributors":null,"locales":["nl"]}],"targetApplications":[{"id":"toolkit@mozilla.org","minVersion":"48.0","maxVersion":null}],"targetPlatforms":[],"multiprocessCompatible":true,"signedState":2,"seen":true,"dependencies":[],"hasEmbeddedWebExtension":false,"userPermissions":{"permissions":["storage","notifications","contextMenus","webRequest","webRequestBlocking","tabs"],"origins":["<all_urls>"]},"icons":{"48":"icons/dark/neaturl-48.png","96":"icons/dark/neaturl-96-state0.png"},"iconURL":null,"icon64URL":null,"blocklistState":0,"blocklistURL":null,"startupData":null},{"id":"uBlock0@raymondhill.net","syncGUID":"{7c61c66c-a2d5-4172-b418-6b18ca3f6929}","location":"app-profile","version":"1.16.8","type":"webextension","internalName":null,"updateURL":null,"updateKey":null,"optionsURL":"dashboard.html","optionsType":3,"optionsBrowserStyle":true,"aboutURL":null,"defaultLocale":{"name":"uBlock Origin","description":"Finally, an efficient blocker. Easy on CPU and memory.","creator":"All uBlock Origin contributors","developers":null,"translators":null,"contributors":null},"visible":true,"active":true,"userDisabled":false,"appDisabled":false,"installDate":1527110394271,"updateDate":1527407129892,"applyBackgroundUpdates":1,"bootstrap":true,"path":"C:\\Users\\bert\\AppData\\Roaming\\Mozilla\\Firefox\\Profiles\\gmfrvfjg.default\\extensions\\uBlock0@raymondhill.net.xpi","skinnable":false,"size":7955565,"sourceURI":null,"releaseNotesURI":null,"softDisabled":false,"foreignInstall":false,"strictCompatibility":true,"locales":[{"name":"uBlock Origin","description":"Finally, an efficient blocker. Easy on CPU and memory.","creator":"All uBlock Origin contributors","developers":null,"translators":null,"contributors":null,"locales":["en"]},{"name":"uBlock Origin","description":"高効率ブロッカーが遂に登場。CPUとメモリーの負担を抑えます。","creator":"All uBlock Origin contributors","developers":null,"translators":null,"contributors":null,"locales":["ja"]},{"name":"uBlock Origin","description":"Lõpuks on valminud tõhus blokeerija. Protsessori- ja mälusõbralik.","creator":"All uBlock Origin contributors","developers":null,"translators":null,"contributors":null,"locales":["et"]},{"name":"uBlock Origin","description":"Finalmente, um bloqueador eficiente. Leve na CPU e memória.","creator":"All uBlock Origin contributors","developers":null,"translators":null,"contributors":null,"locales":["pt-PT"]},{"name":"uBlock Origin","description":"మొత్తానికి RAM ఇంకా CPU పై తేలికయిన, ఒక సమర్థవంతమైన నిరోధిని.","creator":"All uBlock Origin contributors","developers":null,"translators":null,"contributors":null,"locales":["te"]},{"name":"uBlock Origin","description":"Un bloqueur de nuisances efficace, qui ménagera votre processeur et votre mémoire vive.","creator":"All uBlock Origin contributors","developers":null,"translators":null,"contributors":null,"locales":["fr"]},{"name":"uBlock Origin","description":"Einlik, in effisjinte adblocker. Brûkt hast gjin prosessorkrêft of ûnthâld.","creator":"All uBlock Origin contributors","developers":null,"translators":null,"contributors":null,"locales":["fy"]},{"name":"uBlock Origin","description":"Akhirnya, pemblokir iklan yang efisien. Ringan penggunaan CPU dan memori.","creator":"All uBlock Origin contributors","developers":null,"translators":null,"contributors":null,"locales":["id"]},{"name":"uBlock Origin","description":"Най-накрая, ефективен блокер. Щадящ процесора и паметта.","creator":"All uBlock Origin contributors","developers":null,"translators":null,"contributors":null,"locales":["bg"]},{"name":"uBlock Origin","description":"অবশেষে, একটি কার্যকর বিজ্ঞাপন প্রতিরোধক। সিপিইউ এবং মেমরি সহায়ক।","creator":"All uBlock Origin contributors","developers":null,"translators":null,"contributors":null,"locales":["bn"]},{"name":"uBlock Origin","description":"Behingoz, blokeatzaile eraginkor bat. PUZ eta memorian arina.","creator":"All uBlock Origin contributors","developers":null,"translators":null,"contributors":null,"locales":["eu"]},{"name":"uBlock Origin","description":"Äntligen en effektiv blockerare. Snäll mot både processor och minne.","creator":"All uBlock Origin contributors","developers":null,"translators":null,"contributors":null,"locales":["sv"]},{"name":"uBlock Origin","description":"Konečně efektivní blokovač. Nezatěžuje CPU a paměť.","creator":"All uBlock Origin contributors","developers":null,"translators":null,"contributors":null,"locales":["cs"]},{"name":"uBlock Origin","description":"Végre egy hatékony reklám- és követésblokkoló böngészőkhöz, amely kíméletes a processzorral és a memóriával.","creator":"All uBlock Origin contributors","developers":null,"translators":null,"contributors":null,"locales":["hu"]},{"name":"uBlock Origin","description":"ಕೊನೆಗೂ, ಒಂದು ದಕ್ಷ ನಿರ್ಬಂಧಕ. ಮಿತವಾದ ಸಿಪಿಯೂ ಹಾಗು ಮೆಮೊರಿ ಬಳಕೆ.","creator":"All uBlock Origin contributors","developers":null,"translators":null,"contributors":null,"locales":["kn"]},{"name":"uBlock Origin","description":"Ефективний блокувальник реклами таки з’явився. Не навантажує процесор та пам'ять.","creator":"All uBlock Origin contributors","developers":null,"translators":null,"contributors":null,"locales":["uk"]},{"name":"uBlock Origin","description":"Finfine rendimenta reklamoblokilo. Afabla por ĉefprocesoro kaj memoro.","creator":"All uBlock Origin contributors","developers":null,"translators":null,"contributors":null,"locales":["eo"]},{"name":"uBlock Origin","description":"Cuối cùng, đã có một công cụ chặn quảng cáo hiệu quả, tiêu tốn ít CPU và bộ nhớ.","creator":"All uBlock Origin contributors","developers":null,"translators":null,"contributors":null,"locales":["vi"]},{"name":"uBlock Origin","description":"وأخيراً, مانع اعلانات كفوء. خفيف على المعالج و الذاكرة.","creator":"All uBlock Origin contributors","developers":null,"translators":null,"contributors":null,"locales":["ar"]},{"name":"uBlock Origin","description":"როგორც იქნა, მძლავრი და შედეგიანი რეკლამების შემზღუდავი. ზოგავს CPU-ს და მეხსიერებას.","creator":"All uBlock Origin contributors","developers":null,"translators":null,"contributors":null,"locales":["ka"]},{"name":"uBlock Origin","description":"이 부가 기능은 효율적인 차단기입니다. CPU와 메모리에 주는 부담이 적습니다.","creator":"All uBlock Origin contributors","developers":null,"translators":null,"contributors":null,"locales":["ko"]},{"name":"uBlock Origin","description":"Finalmente, un blocker efficiente. Leggero sulla CPU e sulla memoria.","creator":"All uBlock Origin contributors","developers":null,"translators":null,"contributors":null,"locales":["it"]},{"name":"uBlock Origin","description":"Endelig en effektiv blokkeringsutvidelse. Lavt CPU- og minnebruk.","creator":"All uBlock Origin contributors","developers":null,"translators":null,"contributors":null,"locales":["no"]},{"name":"uBlock Origin","description":"Më në fund, një bllokues efikas që nuk e rëndon procesorin dhe memorjen.","creator":"All uBlock Origin contributors","developers":null,"translators":null,"contributors":null,"locales":["sq"]},{"name":"uBlock Origin","description":"Pagaliau, efektyvus blokatorius, neapkraunantis nei procesoriaus, nei darbinės atminties.","creator":"All uBlock Origin contributors","developers":null,"translators":null,"contributors":null,"locales":["lt"]},{"name":"uBlock Origin","description":"आख़िरकार, क्रोमियम-बेस्ड ब्राउज़रों के लिए एक कुशल अवरोधक। CPU और स्मृति पर आसान।","creator":"All uBlock Origin contributors","developers":null,"translators":null,"contributors":null,"locales":["hi"]},{"name":"uBlock Origin","description":"இறுதியாக, ஒரு திறமையான விளம்பரத் தடுப்பான். கணினியின் மையச் செயற்பகுதியின் மேலும் நினைவகத்தின் மேலும் இலகுவானது.","creator":"All uBlock Origin contributors","developers":null,"translators":null,"contributors":null,"locales":["ta"]},{"name":"uBlock Origin","description":"Endlich ein effizienter Blocker. Prozessor-freundlich und bescheiden beim Speicherbedarf.","creator":"All uBlock Origin contributors","developers":null,"translators":null,"contributors":null,"locales":["de"]},{"name":"uBlock Origin","description":"शेवटी, एक कार्यक्षम ब्लॉकर क्रोमियम आधारित ब्राउझरांसाठी. सीपीयू आणि मेमरी वर सोपे जातो.","creator":"All uBlock Origin contributors","developers":null,"translators":null,"contributors":null,"locales":["mr"]},{"name":"uBlock Origin","description":"Endelig en effektiv blokkeringsutvidelse. Lavt CPU- og minnebruk.","creator":"All uBlock Origin contributors","developers":null,"translators":null,"contributors":null,"locales":["nb"]},{"name":"uBlock Origin","description":"Ó fin, un bloqueador eficiente que non chupa toda a memoria e o procesador.","creator":"All uBlock Origin contributors","developers":null,"translators":null,"contributors":null,"locales":["gl"]},{"name":"uBlock Origin","description":"Finalment, un blocador eficient que utilitza pocs recursos de memòria i processador.","creator":"All uBlock Origin contributors","developers":null,"translators":null,"contributors":null,"locales":["ca"]},{"name":"uBlock Origin","description":"Konečne efektívny blokovač, ktorý nezaťažuje CPU a pamäť.","creator":"All uBlock Origin contributors","developers":null,"translators":null,"contributors":null,"locales":["sk"]},{"name":"uBlock Origin","description":"Коначно, ефикасан блокатор. Ниски процесорски и меморијски захтеви.","creator":"All uBlock Origin contributors","developers":null,"translators":null,"contributors":null,"locales":["sr"]},{"name":"uBlock Origin","description":"Тинех Интернет тишкерӳҫӗ валли хӑвӑрт та витӗмлӗ чаркӑч пур.","creator":"All uBlock Origin contributors","developers":null,"translators":null,"contributors":null,"locales":["cv"]},{"name":"uBlock Origin","description":"بالاخره، یک بلاکر کارآمد. کم حجم بر روی پردازنده و حافظه.","creator":"All uBlock Origin contributors","developers":null,"translators":null,"contributors":null,"locales":["fa"]},{"name":"uBlock Origin","description":"അവസാനം, ഒരു കാര്യക്ഷമമായ ബ്ലോക്കര്‍. ലഘുവായ CPU, memory ഉപയോഗം.","creator":"All uBlock Origin contributors","developers":null,"translators":null,"contributors":null,"locales":["ml"]},{"name":"uBlock Origin","description":"Akhirnya, penyekat yang cekap. Tidak membebankan CPU dan memori.","creator":"All uBlock Origin contributors","developers":null,"translators":null,"contributors":null,"locales":["ms"]},{"name":"uBlock Origin","description":"一款高效的网络请求过滤工具，占用极低的内存和 CPU。","creator":"All uBlock Origin contributors","developers":null,"translators":null,"contributors":null,"locales":["zh-CN"]},{"name":"uBlock Origin","description":"Наконец-то, быстрый и эффективный блокировщик для браузеров.","creator":"All uBlock Origin contributors","developers":null,"translators":null,"contributors":null,"locales":["ru"]},{"name":"uBlock Origin","description":"Nareszcie skuteczny bloker charakteryzujący się niskim użyciem procesora i pamięci.","creator":"All uBlock Origin contributors","developers":null,"translators":null,"contributors":null,"locales":["pl"]},{"name":"uBlock Origin","description":"Končno, učinkovita, procesorju in pomnilniku prijazna razširitev za blokiranje oglasov.","creator":"All uBlock Origin contributors","developers":null,"translators":null,"contributors":null,"locales":["sl"]},{"name":"uBlock Origin","description":"Beidzot, efektīvs bloķētājs. Nepārslogo procesoru un atmiņu.","creator":"All uBlock Origin contributors","developers":null,"translators":null,"contributors":null,"locales":["lv"]},{"name":"uBlock Origin","description":"Sa wakas! Isang magaling na blocker para sa Chromium-based browsers. Magaan sa CPU at memory.","creator":"All uBlock Origin contributors","developers":null,"translators":null,"contributors":null,"locales":["fil"]},{"name":"uBlock Origin","description":"Konačno, efikasan blokator. Lak na CPU i memoriji.","creator":"All uBlock Origin contributors","developers":null,"translators":null,"contributors":null,"locales":["hr"]},{"name":"uBlock Origin","description":"Viimeinkin tehokas ja kevyt mainosten estäjä.","creator":"All uBlock Origin contributors","developers":null,"translators":null,"contributors":null,"locales":["fi"]},{"name":"uBlock Origin","description":"Finally, an efficient blocker. Easy on CPU and memory.","creator":"All uBlock Origin contributors","developers":null,"translators":null,"contributors":null,"locales":["kk"]},{"name":"uBlock Origin","description":"În sfârșit, un blocant eficient. Are un impact mic asupra procesorului și memoriei.","creator":"All uBlock Origin contributors","developers":null,"translators":null,"contributors":null,"locales":["ro"]},{"name":"uBlock Origin","description":"Επιτέλους, ένας αποτελεσματικός blocker. Ελαφρύς για τον επεξεργαστή και τη μνήμη.","creator":"All uBlock Origin contributors","developers":null,"translators":null,"contributors":null,"locales":["el"]},{"name":"uBlock Origin","description":"Por fin, un bloqueador eficiente con uso mínimo de procesador y memoria.","creator":"All uBlock Origin contributors","developers":null,"translators":null,"contributors":null,"locales":["es"]},{"name":"uBlock Origin","description":"Finalmente, um bloqueador eficiente. Com baixo uso de memória e CPU.","creator":"All uBlock Origin contributors","developers":null,"translators":null,"contributors":null,"locales":["pt-BR"]},{"name":"uBlock Origin","description":"終於出現了，一個高效率的阻擋器，使用不多的 CPU 及記憶體資源。","creator":"All uBlock Origin contributors","developers":null,"translators":null,"contributors":null,"locales":["zh-TW"]},{"name":"uBlock Origin","description":"סוף סוף, חוסם יעיל. קל על המעבד והזיכרון.","creator":"All uBlock Origin contributors","developers":null,"translators":null,"contributors":null,"locales":["he"]},{"name":"uBlock Origin","description":"Endelig en effektiv blocker. Lavt CPU- og hukommelsesforbrug.","creator":"All uBlock Origin contributors","developers":null,"translators":null,"contributors":null,"locales":["da"]},{"name":"uBlock Origin","description":"Sonunda, etkili bir engelleyici. İşlemciyi ve belleği yormaz.","creator":"All uBlock Origin contributors","developers":null,"translators":null,"contributors":null,"locales":["tr"]},{"name":"uBlock Origin","description":"Eindelijk, een efficiënte adblocker. Gebruikt weinig processorkracht en geheugen.","creator":"All uBlock Origin contributors","developers":null,"translators":null,"contributors":null,"locales":["nl"]}],"targetApplications":[{"id":"toolkit@mozilla.org","minVersion":"52.0","maxVersion":null}],"targetPlatforms":[],"multiprocessCompatible":true,"signedState":2,"seen":true,"dependencies":[],"hasEmbeddedWebExtension":false,"userPermissions":{"permissions":["contextMenus","privacy","storage","tabs","webNavigation","webRequest","webRequestBlocking"],"origins":["<all_urls>","http://*/*","https://*/*","file://*/*"]},"icons":{"16":"img/ublock.svg","48":"img/ublock.svg","96":"img/ublock.svg"},"iconURL":null,"icon64URL":null,"blocklistState":0,"blocklistURL":null,"startupData":null},{"id":"juraj.masiar@gmail.com_ScrollAnywhere","syncGUID":"{4ba2ee19-3131-4a24-bbb2-b3ad0b1417c3}","location":"app-profile","version":"5.8","type":"webextension","internalName":null,"updateURL":null,"updateKey":null,"optionsURL":"options.html","optionsType":5,"optionsBrowserStyle":true,"aboutURL":null,"defaultLocale":{"name":"ScrollAnywhere","description":"Drag scrollbar with your middle mouse button anywhere on the page. Supports also \"grab and drag\" style and Momentum.","creator":null,"developers":null,"translators":null,"contributors":null},"visible":true,"active":true,"userDisabled":false,"appDisabled":false,"installDate":1527451650154,"updateDate":1527451650154,"applyBackgroundUpdates":1,"bootstrap":true,"path":"C:\\Users\\bert\\AppData\\Roaming\\Mozilla\\Firefox\\Profiles\\gmfrvfjg.default\\extensions\\juraj.masiar@gmail.com_ScrollAnywhere.xpi","skinnable":false,"size":89007,"sourceURI":"https://addons.mozilla.org/firefox/downloads/file/873616/scrollanywhere-5.8-an+fx.xpi?src=dp-btn-primary","releaseNotesURI":null,"softDisabled":false,"foreignInstall":false,"strictCompatibility":true,"locales":[{"name":"ScrollAnywhere","description":"Drag scrollbar with your middle mouse button anywhere on the page. Supports also \"grab and drag\" style and Momentum.","creator":null,"developers":null,"translators":null,"contributors":null,"locales":["en"]},{"name":"ScrollAnywhere","description":"Drag scrollbar with your middle mouse button anywhere on the page. Supports also \"grab and drag\" style and Momentum.","creator":null,"developers":null,"translators":null,"contributors":null,"locales":["fr"]},{"name":"ScrollAnywhere","description":"Drag scrollbar with your middle mouse button anywhere on the page. Supports also \"grab and drag\" style and Momentum.","creator":null,"developers":null,"translators":null,"contributors":null,"locales":["uk"]},{"name":"ScrollAnywhere","description":"Drag scrollbar with your middle mouse button anywhere on the page. Supports also \"grab and drag\" style and Momentum.","creator":null,"developers":null,"translators":null,"contributors":null,"locales":["de"]},{"name":"ScrollAnywhere","description":"Skroluj stránku ťahaním tlačidla na myške. Podporuje rôzne nastavenia vrátane zotrvačnosti skrolovania!","creator":null,"developers":null,"translators":null,"contributors":null,"locales":["sk"]},{"name":"ScrollAnywhere","description":"Drag scrollbar with your middle mouse button anywhere on the page. Supports also \"grab and drag\" style and Momentum.","creator":null,"developers":null,"translators":null,"contributors":null,"locales":["ru"]},{"name":"ScrollAnywhere","description":"Drag scrollbar with your middle mouse button anywhere on the page. Supports also \"grab and drag\" style and Momentum.","creator":null,"developers":null,"translators":null,"contributors":null,"locales":["es"]}],"targetApplications":[{"id":"toolkit@mozilla.org","minVersion":"49.0","maxVersion":null}],"targetPlatforms":[],"multiprocessCompatible":true,"signedState":2,"seen":true,"dependencies":[],"hasEmbeddedWebExtension":false,"userPermissions":{"permissions":["storage"],"origins":["<all_urls>"]},"icons":{"48":"48.png","96":"96.png","128":"128.png"},"iconURL":null,"icon64URL":null,"blocklistState":0,"blocklistURL":null,"startupData":null},{"id":"info@virustotal.com","syncGUID":"{7c25bbc2-2136-4775-bb65-b81b022d5ab5}","location":"app-profile","version":"2.1","type":"webextension","internalName":null,"updateKey":null,"optionsURL":"src/options.html","optionsType":5,"optionsBrowserStyle":true,"aboutURL":null,"defaultLocale":{"name":"VTZilla","description":"VirusTotal Firefox Extension.","creator":null,"developers":null,"translators":null,"contributors":null},"visible":true,"active":true,"userDisabled":false,"appDisabled":false,"installDate":1527451922498,"updateDate":1527451922498,"applyBackgroundUpdates":1,"bootstrap":true,"path":"C:\\Users\\bert\\AppData\\Roaming\\Mozilla\\Firefox\\Profiles\\gmfrvfjg.default\\extensions\\info@virustotal.com.xpi","skinnable":false,"size":321221,"sourceURI":"https://addons.mozilla.org/firefox/downloads/file/967835/vtzilla_20-2.1-an+fx-windows.xpi?src=dp-btn-primary","releaseNotesURI":null,"softDisabled":false,"foreignInstall":false,"strictCompatibility":true,"locales":[{"name":"VTZilla","description":"VirusTotal Firefox Extension.","creator":null,"developers":null,"translators":null,"contributors":null,"locales":["en"]}],"targetApplications":[{"id":"toolkit@mozilla.org"}],"targetPlatforms":[],"multiprocessCompatible":true,"signedState":2,"seen":true,"dependencies":[],"hasEmbeddedWebExtension":false,"userPermissions":{"permissions":["webRequest","webRequestBlocking","contextMenus","downloads","storage"],"origins":["*://*.virustotal.com/*","<all_urls>"]},"icons":{"32":"icons/vt-32.png"},"iconURL":null,"icon64URL":null,"blocklistState":0,"blocklistURL":null,"startupData":null}]}