{"version":2,"prefs":{"privacy.containers":{"initialValue":{"privacy.userContext.enabled":false,"privacy.userContext.longPressBehavior":0,"privacy.userContext.ui.enabled":false,"privacy.usercontext.about_newtab_segregation.enabled":false,"privacy.userContext.extension":""},"precedenceList":[{"id":"{c607c8df-14a7-4f28-894f-29e8722976af}","installDate":1527114000242,"value":"{c607c8df-14a7-4f28-894f-29e8722976af}","enabled":true},{"id":"{d5ac33ed-723c-402b-b17c-e7bbb0d3a80d}","installDate":1527113959577,"value":"{d5ac33ed-723c-402b-b17c-e7bbb0d3a80d}","enabled":true},{"id":"@testpilot-containers","installDate":1527113937844,"value":"@testpilot-containers","enabled":true},{"id":"CookieAutoDelete@kennydo.com","installDate":1527086672206,"value":"CookieAutoDelete@kennydo.com","enabled":true}]},"network.networkPredictionEnabled":{"initialValue":{"network.predictor.enabled":false,"network.prefetch-next":false,"network.http.speculative-parallel-limit":0,"network.dns.disablePrefetch":true},"precedenceList":[{"id":"uMatrix@raymondhill.net","installDate":1527110407260,"value":false,"enabled":true},{"id":"uBlock0@raymondhill.net","installDate":1527110394271,"value":false,"enabled":true},{"id":"jid1-BoFifL9Vbdl2zQ@jetpack","installDate":1527087734735,"value":false,"enabled":true}]},"websites.hyperlinkAuditingEnabled":{"initialValue":{"browser.send_pings":false},"precedenceList":[{"id":"uBlock0@raymondhill.net","installDate":1527110394271,"value":false,"enabled":true}]},"network.webRTCIPHandlingPolicy":{"initialValue":{"media.peerconnection.ice.default_address_only":true,"media.peerconnection.ice.no_host":true,"media.peerconnection.ice.proxy_only":false},"precedenceList":[{"id":"uBlock0@raymondhill.net","installDate":1527110394271,"value":"disable_non_proxied_udp","enabled":true}]}},"commands":{},"default_search":{}}