{"chrome://browser/content/browser.xul":{"main-window":{"screenX":"4","screenY":"0","width":"1212","height":"680","sizemode":"maximized"},"sidebar-box":{"sidebarcommand":"viewHistorySidebar"},"sidebar-title":{"value":"History"},"toolbar-menubar":{"currentset":"menubar-items"},"TabsToolbar":{"currentset":"tabbrowser-tabs,new-tab-button,alltabs-button,_c607c8df-14a7-4f28-894f-29e8722976af_-browser-action"},"nav-bar":{"currentset":"back-button,forward-button,urlbar-container,_d5ac33ed-723c-402b-b17c-e7bbb0d3a80d_-browser-action,downloads-button,sidebar-button,neaturl_hugsmile_eu-browser-action,skipredirect_sblask-browser-action,smart-referer_meh_paranoid_pk-browser-action,ublock0_raymondhill_net-browser-action,umatrix_raymondhill_net-browser-action,_testpilot-containers-browser-action,_88664789-f91e-40e1-adb9-e4e9a8c48867_-browser-action"},"PersonalToolbar":{"currentset":"personal-bookmarks"}},"about:config":{"prefCol":{"ordinal":"1","sortDirection":"ascending"},"lockCol":{"ordinal":"3"},"typeCol":{"ordinal":"5"},"valueCol":{"ordinal":"7"}},"chrome://browser/content/sanitize.xul":{"detailsExpander":{"class":"expander-up"},"itemList":{"collapsed":"false"}}}