{"nextId":2,"logins":[{"id":1,"hostname":"https://accounts.epicgames.com","httpRealm":null,"formSubmitURL":"https://accounts.epicgames.com","usernameField":"epic_username","passwordField":"password","encryptedUsername":"MEIEEPgAAAAAAAAAAAAAAAAAAAEwFAYIKoZIhvcNAwcECB5eUMjoS9KWBBh0kP/+CZKY6RO42lzQUQ0ANWsoiyOSAEY=","encryptedPassword":"MDoEEPgAAAAAAAAAAAAAAAAAAAEwFAYIKoZIhvcNAwcECC3QVgUj2iO1BBDu/4/GwZrbVDbsjSaAiElW","guid":"{94fdd703-4506-444f-8c98-0ad584cf9066}","encType":1,"timeCreated":1545331438567,"timeLastUsed":1545331467591,"timePasswordChanged":1545331467591,"timesUsed":4}],"disabledHosts":[],"version":2}