{"chrome://browser/content/browser.xul":{"main-window":{"screenX":"31","screenY":"18","width":"1612","height":"981","sizemode":"normal"},"toolbar-menubar":{"currentset":"menubar-items"},"TabsToolbar":{"currentset":"tabbrowser-tabs,new-tab-button,alltabs-button,_c607c8df-14a7-4f28-894f-29e8722976af_-browser-action"},"nav-bar":{"currentset":"back-button,forward-button,sidebar-button,urlbar-container,downloads-button,_88664789-f91e-40e1-adb9-e4e9a8c48867_-browser-action,ublock0_raymondhill_net-browser-action"},"PersonalToolbar":{"currentset":"personal-bookmarks"},"sidebar-box":{"sidebarcommand":"viewBookmarksSidebar"},"sidebar-title":{"value":"Bookmarks"}}}