{"formautofill@mozilla.org":{"permissions":["internal:privateBrowsingAllowed"],"origins":[]},"fxmonitor@mozilla.org":{"permissions":["internal:privateBrowsingAllowed"],"origins":[]},"screenshots@mozilla.org":{"permissions":["internal:privateBrowsingAllowed"],"origins":[]},"webcompat@mozilla.org":{"permissions":["internal:privateBrowsingAllowed"],"origins":[]},"CanvasBlocker@kkapsner.de":{"permissions":["internal:privateBrowsingAllowed"],"origins":[]},"{7fc8ef53-24ec-4205-87a4-1e745953bb0d}":{"permissions":["internal:privateBrowsingAllowed"],"origins":[]},"jid1-BoFifL9Vbdl2zQ@jetpack":{"permissions":["internal:privateBrowsingAllowed"],"origins":[]},"etag-stoppa@cm.org":{"permissions":["internal:privateBrowsingAllowed"],"origins":[]},"jid0-XWJxt5VvCXkKzQK99PhZqAn7Xbg@jetpack":{"permissions":["internal:privateBrowsingAllowed"],"origins":[]},"neaturl@hugsmile.eu":{"permissions":["internal:privateBrowsingAllowed"],"origins":[]},"poop@cm.org":{"permissions":["internal:privateBrowsingAllowed"],"origins":[]},"{569456be-2850-4f7e-b669-71e55140ee0a}":{"permissions":["internal:privateBrowsingAllowed"],"origins":[]},"skipredirect@sblask":{"permissions":["internal:privateBrowsingAllowed"],"origins":[]},"smart-referer@meh.paranoid.pk":{"permissions":["internal:privateBrowsingAllowed"],"origins":[]},"jid1-KKzOGWgsW3Ao4Q@jetpack":{"permissions":["internal:privateBrowsingAllowed"],"origins":[]},"{c607c8df-14a7-4f28-894f-29e8722976af}":{"permissions":["internal:privateBrowsingAllowed"],"origins":[]},"uMatrix@raymondhill.net":{"permissions":["internal:privateBrowsingAllowed"],"origins":[]},"uBlock0@raymondhill.net":{"permissions":["internal:privateBrowsingAllowed"],"origins":[]},"{88664789-f91e-40e1-adb9-e4e9a8c48867}":{"permissions":["internal:privateBrowsingAllowed"],"origins":[]}}