{"schema":6,"addons":[{"id":"jid0-XWJxt5VvCXkKzQK99PhZqAn7Xbg@jetpack","icons":{"32":"https://addons.cdn.mozilla.net/user-media/addon_icons/351/351740-32.png?modified=mcrushed","64":"https://addons.cdn.mozilla.net/user-media/addon_icons/351/351740-64.png?modified=mcrushed","128":"https://addons.cdn.mozilla.net/user-media/addon_icons/351/351740-128.png?modified=mcrushed"},"name":"Google search link fix","version":"1.6.9","sourceURI":"https://addons.mozilla.org/firefox/downloads/file/3445488/google_search_link_fix-1.6.9-an+fx.xpi?src=","homepageURL":"https://github.com/palant/searchlinkfix","supportURL":"https://github.com/palant/searchlinkfix/issues","description":"This extension prevents Google and Yandex search pages from modifying search result links when you click them. This is useful when copying links but it also helps privacy by preventing the search engines from recording your clicks.","fullDescription":"Google and Yandex search pages have the annoying habit of changing the result link when you click it. So if you right-click the link in order to copy it you get some gibberish instead of what you wanted. This extension disables that behavior – on any Google or Yandex domain, without having to configure anything. Simply install and enjoy! As an added bonus, the search engine can no longer track your clicks.\n\nKnown limitations\n\n    This extension cannot recover links after they have been modified. This means that it doesn’t work on Google Search on smartphones (tablet version will work fine) or if JavaScript is disabled — Google will produce modified links from the start rather than changing them when you click the link.\n\n\nSource code / Contributing\n\nThe extension source code is available under https://github.com/palant/searchlinkfix.","weeklyDownloads":2846,"type":"extension","creator":{"name":"Wladimir Palant","url":"https://addons.mozilla.org/en-US/firefox/user/13616734/"},"developers":[],"screenshots":[{"url":"https://addons.cdn.mozilla.net/user-media/previews/full/65/65241.png?modified=1543520081","width":553,"height":325,"thumbnailURL":"https://addons.cdn.mozilla.net/user-media/previews/thumbs/65/65241.png?modified=1543520081","thumbnailWidth":553,"thumbnailHeight":325,"caption":"Before"},{"url":"https://addons.cdn.mozilla.net/user-media/previews/full/65/65243.png?modified=1543520082","width":553,"height":325,"thumbnailURL":"https://addons.cdn.mozilla.net/user-media/previews/thumbs/65/65243.png?modified=1543520082","thumbnailWidth":553,"thumbnailHeight":325,"caption":"After"}],"contributionURL":"","averageRating":4.74,"reviewCount":271,"reviewURL":"https://addons.mozilla.org/en-US/firefox/addon/google-search-link-fix/reviews/","updateDate":1573721007000},{"id":"{74145f27-f039-47ce-a470-a662b129930a}","icons":{"32":"https://addons.cdn.mozilla.net/user-media/addon_icons/839/839767-32.png?modified=b06fa7ed","64":"https://addons.cdn.mozilla.net/user-media/addon_icons/839/839767-64.png?modified=b06fa7ed","128":"https://addons.cdn.mozilla.net/user-media/addon_icons/839/839767-128.png?modified=b06fa7ed"},"name":"ClearURLs","version":"1.17.0","sourceURI":"https://addons.mozilla.org/firefox/downloads/file/3549538/clearurls-1.17.0-an+fx.xpi?src=","homepageURL":"https://gitlab.com/KevinRoebert/ClearUrls","supportURL":"https://gitlab.com/KevinRoebert/ClearUrls/wikis/home","description":"Remove tracking elements from URLs.","fullDescription":"This extension will automatically remove tracking elements from URLs to help protect your privacy when browse through the Internet.\n\nMany websites use tracking elements in the URL (e.g. https://example.com?utm_source=newsletter1&utm_medium=email&utm_campaign=sale) to mark your online activity. All that tracking code is not necessary for a website to be displayed or work correctly and can therefore be removed—that is exactly what ClearURLs does.\n\nAnother common example are Amazon URLs. If you search for a product on Amazon you will see a very long URL, such as: https://www.amazon.com/dp/exampleProduct/ref=sxin_0_pb?__mk_de_DE=ÅMÅŽÕÑ&keywords=tea&pd_rd_i=exampleProduct&pd_rd_r=8d39e4cd-1e4f-43db-b6e7-72e969a84aa5&pd_rd_w=1pcKM&pd_rd_wg=hYrNl&pf_rd_p=50bbfd25-5ef7-41a2-68d6-74d854b30e30&pf_rd_r=0GMWD0YYKA7XFGX55ADP&qid=1517757263&rnid=2914120011\n\nIndeed most of the above URL is tracking code. Once ClearURLs has cleaned the address, it will look like this:\nhttps://www.amazon.com/dp/exampleProduct\n\nWhy use this extension as opposed to similar ones?\nMost other “link cleaners” employ about a dozen rules when looking for tracking parameters to remove. ClearURLs utilizes over 250 rules, so its capabilities are more comprehensive.\nAnd ClearURLs is open source, so everyone can join in to the project and/or can check the source code to error or malicious code.\n\nAll functions in a nutshell\n\n    Removes tracking from URLs automatically in the background\n    Blocks some common ad domains (optional)\n    Has a built-in tool to clean up multiple URLs at once\n    Supports redirection to the destination, without tracking services as middleman\n    Adds an entry to the context menu so that links can be copied quickly and cleanly\n    Blocks hyperlink auditing, also known as ping tracking\n    Prevents ETag tracking\n    Prevents tracking injection over history API\n    Prevents Google from rewriting the search results (to include tracking elements)\n    Prevents Yandex from rewriting the search results (to include tracking elements)\n\n\nWhat do we collect?\nThis extension protects and respects your privacy. We do not—and will never—collect any of your usage data.\n\nWhat do I do if I have trouble?\nVisit our GitLab page or check out our wiki.\n\nWrite us...\nIf have any suggestions or complaints, please contact us on GitLab.\n\nPermissions\nReasoning for needed permissions can be found under here.\n\nContributors\n\n    Kevin Röbert (creator/developer)\n    Yi-Ping Huang (translator)\n    rayman89 (translator)\n    Ramon Santilli (translator)\n    Lucifer (translator)\n    Shitennouji (translator)\n    K3A (contributor)\n    perdolka (contributor)\n    Nameless (contributor)\n    a-polivanchuk (translator)\n    hydrargyrum (translator)\n    alekksander (translator)\n    Zoltan Toldy (translator)\n    tartpvule (contributor)\n    Giovanni (translator)\n    U. Çakmak (translator)\n    Sopor (translator)\n    elfriob (translator)\n\n\nA recommended extension...\nClearURLs is also a recommended extension in the ghacks-user.js project (https://github.com/ghacksuserjs/ghacks-user.js/wiki/4.1-Extensions) and on the Awesome Humane Tech List (https://github.com/humanetech-community/awesome-humane-tech#tracking).\n\nChangelog can be found here\n\nSupported languages\nEnglish, Chinese (Mandarin), Chinese (Taiwan), German, French, Japanese, Portuguese, Russian, Spanish, Ukrainian, Italian, Turkish, Swedish","weeklyDownloads":4404,"type":"extension","creator":{"name":"Kevin R.","url":"https://addons.mozilla.org/en-US/firefox/user/13196993/"},"developers":[],"screenshots":[{"url":"https://addons.cdn.mozilla.net/user-media/previews/full/187/187624.png?modified=1580588646","width":700,"height":394,"thumbnailURL":"https://addons.cdn.mozilla.net/user-media/previews/thumbs/187/187624.png?modified=1580588646","thumbnailWidth":640,"thumbnailHeight":360},{"url":"https://addons.cdn.mozilla.net/user-media/previews/full/231/231733.png?modified=1580588646","width":198,"height":599,"thumbnailURL":"https://addons.cdn.mozilla.net/user-media/previews/thumbs/231/231733.png?modified=1580588646","thumbnailWidth":159,"thumbnailHeight":480,"caption":"Popup interface"},{"url":"https://addons.cdn.mozilla.net/user-media/previews/full/231/231732.png?modified=1580588646","width":1195,"height":1272,"thumbnailURL":"https://addons.cdn.mozilla.net/user-media/previews/thumbs/231/231732.png?modified=1580588646","thumbnailWidth":451,"thumbnailHeight":480,"caption":"Settings"},{"url":"https://addons.cdn.mozilla.net/user-media/previews/full/231/231754.png?modified=1580588652","width":1079,"height":862,"thumbnailURL":"https://addons.cdn.mozilla.net/user-media/previews/thumbs/231/231754.png?modified=1580588652","thumbnailWidth":601,"thumbnailHeight":480,"caption":"How ClearURLs has cleans up the dirty Amazon link with the built-in tool to clean up multiple URLs at once"},{"url":"https://addons.cdn.mozilla.net/user-media/previews/full/231/231730.png?modified=1580588646","width":1269,"height":1800,"thumbnailURL":"https://addons.cdn.mozilla.net/user-media/previews/thumbs/231/231730.png?modified=1580588646","thumbnailWidth":338,"thumbnailHeight":480,"caption":"Over 70k downloads"}],"contributionURL":"https://paypal.me/KevinRoebert?utm_content=product-page-contribute&utm_medium=referral&utm_source=addons.mozilla.org","averageRating":4.6875,"reviewCount":66,"reviewURL":"https://addons.mozilla.org/en-US/firefox/addon/clearurls/reviews/","updateDate":1586936927000},{"id":"CanvasBlocker@kkapsner.de","icons":{"32":"https://addons.cdn.mozilla.net/user-media/addon_icons/534/534930-32.png?modified=1581849561","64":"https://addons.cdn.mozilla.net/user-media/addon_icons/534/534930-64.png?modified=1581849561","128":"https://addons.cdn.mozilla.net/user-media/addon_icons/534/534930-128.png?modified=1581849561"},"name":"CanvasBlocker","version":"1.2","sourceURI":"https://addons.mozilla.org/firefox/downloads/file/3528876/canvasblocker-1.2-an+fx.xpi?src=","homepageURL":"https://github.com/kkapsner/CanvasBlocker/","supportURL":null,"description":"Alters some JS APIs to prevent fingerprinting.","fullDescription":"This add-on allows users to prevent websites from using some Javascript APIs to fingerprint them. Users can choose to block the APIs entirely on some or all websites (which may break some websites) or fake its fingerprinting-friendly readout API.\n\nIf you encounter any problems please check the FAQ first. Please report issues and feature requests at https://github.com/kkapsner/CanvasBlocker/issues\n\nIMPORTANT: you should only have ONE addon/setting set that protects an API. Otherwise you could face massive performance issues. (E.g. EclipsedMoon for Palemoon has 'canvas.poison' which is known to cause issues: https://github.com/kkapsner/CanvasBlocker/issues/253#issuecomment-459499290)\nBut setting privacy.resistFingerprinting to true and/or using the new fingerprinting protection introduced with Firefox 67 is fine.\n\nProtected \"fingerprinting\" APIs:\n\n    canvas 2d\n    webGL\n    audio\n    history\n    window (disabled by default)\n    DOMRect\n    navigator (disabled by default)\n    screen\n\n\nMore information on fingerprinting can be found at:\n\n    <canvas>: http://www.browserleaks.com/canvas\n    audio:\n        https://audiofingerprint.openwpm.com/ (very poorly written = slow)\n        https://webtransparency.cs.princeton.edu/webcensus/#audio-fp\n    DOMRect:\n        http://jcarlosnorte.com/security/2016/03/06/advanced-tor-browser-fingerprinting.html\n        https://browserleaks.com/rects\n\n\nThe different block modes are:\n\n    fake: Canvas Blocker's default setting, and my favorite! All websites not on the white list or black list can use the protected APIs. But values obtained by the APIs are altered so that a consistent fingerprinting is not possible\n    ask for permission: If a website is not listed on the white list or black list, the user will be asked if the website should be allowed to use the protected APIs each time they are called.\n    block everything: Ignore all lists and block the protected APIs on all websites.\n    allow only white list: Only websites in the white list are allowed to use the protected APIs.\n    block only black list: Block the protected APIs only for websites on the black list.\n    allow everything: Ignore all lists and allow the protected APIs on all websites.\n","weeklyDownloads":5508,"type":"extension","creator":{"name":"kkapsner","url":"https://addons.mozilla.org/en-US/firefox/user/11033762/"},"developers":[],"screenshots":[{"url":"https://addons.cdn.mozilla.net/user-media/previews/full/194/194239.png?modified=1543520165","width":700,"height":279,"thumbnailURL":"https://addons.cdn.mozilla.net/user-media/previews/thumbs/194/194239.png?modified=1543520165","thumbnailWidth":640,"thumbnailHeight":255},{"url":"https://addons.cdn.mozilla.net/user-media/previews/full/191/191763.png?modified=1543520166","width":278,"height":283,"thumbnailURL":"https://addons.cdn.mozilla.net/user-media/previews/thumbs/191/191763.png?modified=1543520166","thumbnailWidth":278,"thumbnailHeight":283}],"contributionURL":"","averageRating":4.5887,"reviewCount":145,"reviewURL":"https://addons.mozilla.org/en-US/firefox/addon/canvasblocker/reviews/","updateDate":1584480312000},{"id":"skipredirect@sblask","icons":{"32":"https://addons.cdn.mozilla.net/user-media/addon_icons/642/642100-32.png?modified=1506036020","64":"https://addons.cdn.mozilla.net/user-media/addon_icons/642/642100-64.png?modified=1506036020","128":"https://addons.cdn.mozilla.net/user-media/addon_icons/642/642100-128.png?modified=1506036020"},"name":"Skip Redirect","version":"2.2.3","sourceURI":"https://addons.mozilla.org/firefox/downloads/file/3447089/skip_redirect-2.2.3-fx.xpi?src=","homepageURL":null,"supportURL":"https://github.com/sblask/webextension-skip-redirect","description":"Some web pages use intermediary pages before redirecting to a final page. This add-on tries to extract the final url from the intermediary url and goes there straight away if successful.","fullDescription":"Skip Redirect\n=====================\nSome web pages use intermediary pages before redirecting to a final page. This\nwebextension tries to extract the final url from the intermediary url and goes\nthere straight away if successful. As an example, try this url:\n\nwww.google.com/chrome/?i-would-rather-use-firefox=http%3A%2F%2Fwww.mozilla.org/\n\nPlease give feedback(see below) if you find websites where this fails or where\nyou get redirected in a weird way when this add-on is enabled but not when it's\ndisabled.\n\nSee the add-on's preferences (also available by clicking the toolbar icon) for\noptions. By default all URLs but the ones matching a blacklist are checked for\nembedded URLs and redirects are skipped. Depending on the pages visited, this\ncan cause problems. For example a dysfunctional login. The blacklist can be\nedited to avoid these problems. There is also a whitelist mode to avoid this\nkind of problem altogether. In whitelist mode, all URLs for which redirects\nshould be skipped need to be configured by hand.\n\nFeedback\n--------\n\nYou can report bugs or make feature requests on\nhttps://github.com/sblask/webextension-skip-redirect.\n\nPatches are welcome.","weeklyDownloads":2679,"type":"extension","creator":{"name":"Sebastian Blask","url":"https://addons.mozilla.org/en-US/firefox/user/10503078/"},"developers":[],"screenshots":[{"url":"https://addons.cdn.mozilla.net/user-media/previews/full/162/162862.png?modified=1543520355","width":550,"height":175,"thumbnailURL":"https://addons.cdn.mozilla.net/user-media/previews/thumbs/162/162862.png?modified=1543520355","thumbnailWidth":550,"thumbnailHeight":175,"caption":"The red \"skip\" above the addons' toolbar icon indicates that a skip of a redirect has happened during the last 3 seconds(the delay is configurable in the addons' preferences)."},{"url":"https://addons.cdn.mozilla.net/user-media/previews/full/162/162858.png?modified=1543520355","width":550,"height":175,"thumbnailURL":"https://addons.cdn.mozilla.net/user-media/previews/thumbs/162/162858.png?modified=1543520355","thumbnailWidth":550,"thumbnailHeight":175,"caption":"If you hold the mouse pointer above the toolbar icon, details about the original url(the one that got skipped) and the final url are shown."},{"url":"https://addons.cdn.mozilla.net/user-media/previews/full/162/162864.png?modified=1543520356","width":550,"height":175,"thumbnailURL":"https://addons.cdn.mozilla.net/user-media/previews/thumbs/162/162864.png?modified=1543520356","thumbnailWidth":550,"thumbnailHeight":175,"caption":"Use the toolbar icon to disable(the icon will light grey as in this picture) and enable the skipping."}],"contributionURL":"","averageRating":4.6346,"reviewCount":68,"reviewURL":"https://addons.mozilla.org/en-US/firefox/addon/skip-redirect/reviews/","updateDate":1573828244000},{"id":"smart-referer@meh.paranoid.pk","icons":{"32":"https://addons.cdn.mozilla.net/user-media/addon_icons/327/327417-32.png?modified=f7d194b9","64":"https://addons.cdn.mozilla.net/user-media/addon_icons/327/327417-64.png?modified=f7d194b9","128":"https://addons.cdn.mozilla.net/user-media/addon_icons/327/327417-128.png?modified=f7d194b9"},"name":"Smart Referer","version":"0.2.15","sourceURI":"https://addons.mozilla.org/firefox/downloads/file/3470999/smart_referer-0.2.15-an+fx.xpi?src=","homepageURL":"https://gitlab.com/smart-referer/smart-referer","supportURL":"https://gitlab.com/smart-referer/smart-referer/issues","description":"Improve your privacy by limiting Referer information leak!","fullDescription":"Automatically hide HTTP Referer and JavaScript document.referrer for cross-domain requests!\n\nTo workaround (rare) breakage, a whitelist of related domains is regularily downloaded (24h) and applied in the background. You may view and update the current version of this whitelist here.\n\nFurther information on advanced configuration options, writing your own whitelist entries and contributing is available in the repositiory README file.\n\nThis extension supports Waterfox Classic!","weeklyDownloads":1878,"type":"extension","creator":{"name":"meh.","url":"https://addons.mozilla.org/en-US/firefox/user/5453183/"},"developers":[{"name":"Alexander Schlarb","url":"https://addons.mozilla.org/en-US/firefox/user/5622055/"}],"screenshots":[{"url":"https://addons.cdn.mozilla.net/user-media/previews/full/202/202127.png?modified=1543519597","width":1476,"height":1030,"thumbnailURL":"https://addons.cdn.mozilla.net/user-media/previews/thumbs/202/202127.png?modified=1543519597","thumbnailWidth":640,"thumbnailHeight":447,"caption":"Preference page"},{"url":"https://addons.cdn.mozilla.net/user-media/previews/full/202/202128.png?modified=1543519597","width":428,"height":127,"thumbnailURL":"https://addons.cdn.mozilla.net/user-media/previews/thumbs/202/202128.png?modified=1543519597","thumbnailWidth":428,"thumbnailHeight":127,"caption":"Toolbar icons: Enabled dark/light on top; disabled on bottom"}],"contributionURL":"","averageRating":4.3,"reviewCount":66,"reviewURL":"https://addons.mozilla.org/en-US/firefox/addon/smart-referer/reviews/","updateDate":1576670110000},{"id":"{569456be-2850-4f7e-b669-71e55140ee0a}","icons":{"32":"https://addons.cdn.mozilla.net/user-media/addon_icons/858/858450-32.png?modified=2bcc5213","64":"https://addons.cdn.mozilla.net/user-media/addon_icons/858/858450-64.png?modified=2bcc5213","128":"https://addons.cdn.mozilla.net/user-media/addon_icons/858/858450-128.png?modified=2bcc5213"},"name":"Redirect AMP to HTML","version":"2.1.0","sourceURI":"https://addons.mozilla.org/firefox/downloads/file/3546077/redirect_amp_to_html-2.1.0-an+fx.xpi?src=","homepageURL":"https://www.daniel.priv.no/web-extensions/amp2html.html","supportURL":"https://www.daniel.priv.no/web-extensions/amp2html.html","description":"Automatically redirects AMP pages to the regular web page variant.","fullDescription":"Automatically redirects any Accelerated Mobile Page (AMP) pages to their regular HTML equivalent.\n\nWhen you see an AMP page, you’re likely seeing a page served directly by Bing or Google who can suck in information about what you do on that page. Keep the web decentralized and say “No!” to search engines that want to take control over the web.\n\nAMP pages are designed for small-screen devices and often don’t translate well to larger screens. The extension can be especially useful if you receive links from people who’re on their mobile devices while you’re on your desktop computer.","weeklyDownloads":201,"type":"extension","creator":{"name":"Aleksandersen","url":"https://addons.mozilla.org/en-US/firefox/user/14225318/"},"developers":[],"screenshots":[],"contributionURL":"https://flattr.com/@Aleksandersen/domain/daniel.priv.no?utm_content=product-page-contribute&utm_medium=referral&utm_source=addons.mozilla.org","averageRating":4.6667,"reviewCount":19,"reviewURL":"https://addons.mozilla.org/en-US/firefox/addon/amp2html/reviews/","updateDate":1586471411000},{"id":"{7fc8ef53-24ec-4205-87a4-1e745953bb0d}","icons":{"32":"https://addons.cdn.mozilla.net/user-media/addon_icons/931/931864-32.png?modified=cd504acd","64":"https://addons.cdn.mozilla.net/user-media/addon_icons/931/931864-64.png?modified=cd504acd","128":"https://addons.cdn.mozilla.net/user-media/addon_icons/931/931864-128.png?modified=cd504acd"},"name":"CSS Exfil Protection","version":"1.0.17","sourceURI":"https://addons.mozilla.org/firefox/downloads/file/3425076/css_exfil_protection-1.0.17-an+fx.xpi?src=","homepageURL":"https://www.mike-gualtieri.com/css-exfil-vulnerability-tester","supportURL":"https://www.mike-gualtieri.com/css-exfil-vulnerability-tester","description":"Guard your browser against CSS Exfil attacks!\n\nCSS Exfil is a method attackers can use to steal data from web pages using Cascading Style Sheets (CSS). This plugin sanitizes and blocks any CSS rules which may be designed to steal data.","fullDescription":null,"weeklyDownloads":281,"type":"extension","creator":{"name":"Mike Gualtieri","url":"https://addons.mozilla.org/en-US/firefox/user/8776114/"},"developers":[],"screenshots":[{"url":"https://addons.cdn.mozilla.net/user-media/previews/full/211/211349.png?modified=1543521070","width":2400,"height":1157,"thumbnailURL":"https://addons.cdn.mozilla.net/user-media/previews/thumbs/211/211349.png?modified=1543521070","thumbnailWidth":640,"thumbnailHeight":309}],"contributionURL":"","averageRating":4.7179,"reviewCount":13,"reviewURL":"https://addons.mozilla.org/en-US/firefox/addon/css-exfil-protection/reviews/","updateDate":1571171110000},{"id":"httpz@cm.org","icons":{"32":"https://addons.cdn.mozilla.net/user-media/addon_icons/1018/1018256-32.png?modified=9b273331","64":"https://addons.cdn.mozilla.net/user-media/addon_icons/1018/1018256-64.png?modified=9b273331","128":"https://addons.cdn.mozilla.net/user-media/addon_icons/1018/1018256-128.png?modified=9b273331"},"name":"HTTPZ","version":"0.12.0","sourceURI":"https://addons.mozilla.org/firefox/downloads/file/3466437/httpz-0.12.0-an+fx.xpi?src=","homepageURL":"https://github.com/claustromaniac/httpz","supportURL":"https://github.com/claustromaniac/httpz/issues","description":"Fat-free hardenable opportunistic encryption","fullDescription":"There are numerous similar extensions out there, but HTTPZ is different because it is not smart: it is Zmart. The following summarizes how it works with the default settings:\n\n    When you are about to navigate to a site over HTTP, that request is aborted and a new one is started over HTTPS. If that new request results in an error, it is automatically redirected back to HTTP. If navigating to the site over HTTP throws an error too, HTTPZ does nothing more then. Otherwise, that host is added to the list of known insecure sites, and all subsequent requests to it are ignored by the extension for seven days\n    When you navigate to a site over HTTPS by yourself, or because of some external factor (like HSTS preloading), HTTPZ does not do anything to that request, regardless of the outcome.\n    When you navigate to a site over HTTPS and *the server* downgrades the request to HTTP, the extension notices this and allows it. It adds that site to the list of known insecure sites, and does not try to load it over HTTPS for the next seven days\n\n\nHTTPZ is meant to be unobtrusive and lightweight, it respects your privacy, and is free of trans fats. Additionally, it is very configurable, and should be slightly more secure than some of the alternatives out there, since it has a couple of built-in defenses against SSL-stripping attacks.\n\nIt also gets along well with extensions that I recommend for managing contextual identities (containers), such as Containerise and Temporary Containers\n\n\nLimitations\n\n    When the initial request over HTTPS results in an error, Firefox starts loading an internal page that describes the error. HTTPZ does not wait for Firefox to finish loading those error pages, it immediately retries the request over HTTP, which causes them to load partially, and it does not look good. This is only a cosmetic issue, and a negligible one at that.\n    Unlike HTTPS Everywhere, this extension does not take care of sub-requests triggered from HTTP-only sites. For now, it outright ignores those requests, because using the same approach with those (retrying on error) is very complicated and has significant drawbacks.\n\n\nInterested in more recommendations? Head over to the ghacks-user.js GitHub repository. It is an amazing project for hardening Firefox that I have contributed to, and a great source of information (including extension recommendations).\n\n\nAcknowledgments\nHTTPZ would not be what it is if not for its testers' feedback on GitHub.","weeklyDownloads":302,"type":"extension","creator":{"name":"claustromaniac","url":"https://addons.mozilla.org/en-US/firefox/user/13341776/"},"developers":[],"screenshots":[{"url":"https://addons.cdn.mozilla.net/user-media/previews/full/229/229045.png?modified=1575487688","width":886,"height":544,"thumbnailURL":"https://addons.cdn.mozilla.net/user-media/previews/thumbs/229/229045.png?modified=1575487688","thumbnailWidth":640,"thumbnailHeight":393,"caption":"Optional warning page displayed when an attempt to upgrade to HTTPS results in an error. (v0.11.0)"},{"url":"https://addons.cdn.mozilla.net/user-media/previews/full/229/229046.png?modified=1575487687","width":621,"height":302,"thumbnailURL":"https://addons.cdn.mozilla.net/user-media/previews/thumbs/229/229046.png?modified=1575487687","thumbnailWidth":621,"thumbnailHeight":302,"caption":"Advanced options (v0.11.0)"},{"url":"https://addons.cdn.mozilla.net/user-media/previews/full/229/229047.png?modified=1575487687","width":622,"height":319,"thumbnailURL":"https://addons.cdn.mozilla.net/user-media/previews/thumbs/229/229047.png?modified=1575487687","thumbnailWidth":622,"thumbnailHeight":319,"caption":"General options (v0.11.0)"},{"url":"https://addons.cdn.mozilla.net/user-media/previews/full/229/229048.png?modified=1575487687","width":401,"height":281,"thumbnailURL":"https://addons.cdn.mozilla.net/user-media/previews/thumbs/229/229048.png?modified=1575487687","thumbnailWidth":401,"thumbnailHeight":281,"caption":"Page action with pop-up from a Private Browsing window (v0.11.0)"},{"url":"https://addons.cdn.mozilla.net/user-media/previews/full/229/229049.png?modified=1575487687","width":628,"height":357,"thumbnailURL":"https://addons.cdn.mozilla.net/user-media/previews/thumbs/229/229049.png?modified=1575487687","thumbnailWidth":628,"thumbnailHeight":357,"caption":"Optional page displayed when a server-initiated redirection is intercepted (v0.11.0)"}],"contributionURL":"","averageRating":4.9394,"reviewCount":15,"reviewURL":"https://addons.mozilla.org/en-US/firefox/addon/httpz/reviews/","updateDate":1576063225000},{"id":"{b86e4813-687a-43e6-ab65-0bde4ab75758}","icons":{"32":"https://addons.cdn.mozilla.net/user-media/addon_icons/2627/2627159-32.png?modified=b2f5fc36","64":"https://addons.cdn.mozilla.net/user-media/addon_icons/2627/2627159-64.png?modified=b2f5fc36","128":"https://addons.cdn.mozilla.net/user-media/addon_icons/2627/2627159-128.png?modified=b2f5fc36"},"name":"LocalCDN (fork of Decentraleyes)","version":"2.2.0","sourceURI":"https://addons.mozilla.org/firefox/downloads/file/3566601/localcdn_fork_of_decentraleyes-2.2.0-an+fx.xpi?src=","homepageURL":"https://gitlab.com/nobody42/localcdn","supportURL":"https://gitlab.com/nobody42/localcdn","description":"Emulates remote frameworks (e.g. jQuery, Bootstrap, AngularJS) and delivers them as local resource. Prevents unnecessary 3rd party requests to Google, StackPath, MaxCDN and more. Prepared rules for uBlock/uMatrix.","fullDescription":"Differences between LocalCDN and Decentraleyes\nNew: Font Awesome v3.2.1, Rocket Loader, Findify, Vue.js, page.js, lozad\n• Font Awesome v5.7.2\n• Font Awesome v4.7.0\n• Notifications if rule changes are necessary\n• Prepared rules for uBlock/uMatrix\n\nAdds protection from\n• Font Awesome\n• jQuery up to 3.4.1\n• Bootstrap CSS (Delivered by StackPath, NetDNA and MaxCDN)\n• Bootstrap JavaScript (Delivered by StackPath, NetDNA and MaxCDN)\n• AngularJS, AngularJS-Animate, AngularJS-Sanitize, AngularJS-Cookies and AngularJS-Touch\n\nSource code\nhttps://gitlab.com/nobody42/localcdn\n\nWould you like to see other CDN or versions (e.g. jQuery or Bootstrap) integrated? Feel free to open an issue or pull request.\n\nDonations are possible: https://localcdn.de/donate/\n\n---\n\nThis add-on is a fork from https://git.synz.io/Synzvato/decentraleyes\n\nOriginal description\nWebsites have increasingly begun to rely much more on large third-parties for content delivery. Canceling requests for ads or trackers is usually without issue, however blocking actual content, not unexpectedly, breaks pages. The aim of this add-on is to cut out the middleman by providing lightning speed delivery of local (bundled) files to improve online privacy.\n\n• Protects privacy by evading large delivery networks that claim to offer free services.\n• Complements regular blockers such as uBlock Origin (recommended), Adblock Plus, et al.\n• Works directly out of the box; absolutely no prior configuration required.\n\nNote: Decentraleyes is no silver bullet, but it does prevent a lot of websites from making you send these kinds of requests. Ultimately, you can make Decentraleyes block requests for any missing CDN resources, too.\n\n> Simpler introduction: https://git.synz.io/Synzvato/decentraleyes/wikis/Simple-Introduction\n\nAm I Currently Protected?\nThe following testing utility shows you if you are properly protected. It's the recommended and, probably, fastest way to see if this add-on is installed, enabled, and correctly configured.\n\n> Full link to testing utility: https://decentraleyes.org/test\n\nFrequently Asked Questions\n> Full link to FAQ: https://git.synz.io/Synzvato/decentraleyes/wikis/Frequently-Asked-Questions\n\nTechnical Information\n- Supported Networks: Google Hosted Libraries, Microsoft Ajax CDN, CDNJS (Cloudflare), jQuery CDN (MaxCDN), jsDelivr (MaxCDN), Yandex CDN, Baidu CDN, Sina Public Resources, and UpYun Libraries.\n\n- Bundled Resources: AngularJS, Backbone.js, Dojo, Ember.js, Ext Core, jQuery, jQuery UI, Modernizr, MooTools, Prototype, Scriptaculous, SWFObject, Underscore.js, and Web Font Loader.\n\nAre You Enjoying this Add-on?\nDecentraleyes is, and will always be, free, but you can support its continued development by making a donation, by contributing on GitLab, or by spreading the word (which does wonders). Any help would be greatly appreciated!\n\n• GitLab: https://git.synz.io/Synzvato/decentraleyes\n• Donate: https://decentraleyes.org/donate","weeklyDownloads":492,"type":"extension","creator":{"name":"nobody42","url":"https://addons.mozilla.org/en-US/firefox/user/15698979/"},"developers":[],"screenshots":[{"url":"https://addons.cdn.mozilla.net/user-media/previews/full/233/233992.png?modified=1584428959","width":348,"height":275,"thumbnailURL":"https://addons.cdn.mozilla.net/user-media/previews/thumbs/233/233992.png?modified=1584428959","thumbnailWidth":348,"thumbnailHeight":275,"caption":"Clean website without 3rd party scripts (LocalCDN enabled)"},{"url":"https://addons.cdn.mozilla.net/user-media/previews/full/233/233993.png?modified=1584428960","width":348,"height":275,"thumbnailURL":"https://addons.cdn.mozilla.net/user-media/previews/thumbs/233/233993.png?modified=1584428960","thumbnailWidth":348,"thumbnailHeight":275,"caption":"Clean website without 3rd party scripts (LocalCDN disabled)"},{"url":"https://addons.cdn.mozilla.net/user-media/previews/full/233/233994.png?modified=1584428960","width":348,"height":555,"thumbnailURL":"https://addons.cdn.mozilla.net/user-media/previews/thumbs/233/233994.png?modified=1584428960","thumbnailWidth":301,"thumbnailHeight":480,"caption":"Successfully intercepted requests"},{"url":"https://addons.cdn.mozilla.net/user-media/previews/full/233/233995.png?modified=1584428960","width":348,"height":475,"thumbnailURL":"https://addons.cdn.mozilla.net/user-media/previews/thumbs/233/233995.png?modified=1584428960","thumbnailWidth":348,"thumbnailHeight":475,"caption":"Successfully intercepted requests"},{"url":"https://addons.cdn.mozilla.net/user-media/previews/full/233/233996.png?modified=1584428960","width":348,"height":275,"thumbnailURL":"https://addons.cdn.mozilla.net/user-media/previews/thumbs/233/233996.png?modified=1584428960","thumbnailWidth":348,"thumbnailHeight":275,"caption":"Dark mode: Clean website without 3rd party scripts (LocalCDN enabled)"},{"url":"https://addons.cdn.mozilla.net/user-media/previews/full/233/233997.png?modified=1584428959","width":348,"height":275,"thumbnailURL":"https://addons.cdn.mozilla.net/user-media/previews/thumbs/233/233997.png?modified=1584428959","thumbnailWidth":348,"thumbnailHeight":275,"caption":"Dark mode: Clean website without 3rd party scripts (LocalCDN disabled)"},{"url":"https://addons.cdn.mozilla.net/user-media/previews/full/233/233998.png?modified=1584428960","width":348,"height":555,"thumbnailURL":"https://addons.cdn.mozilla.net/user-media/previews/thumbs/233/233998.png?modified=1584428960","thumbnailWidth":301,"thumbnailHeight":480,"caption":"Dark mode: Successfully intercepted requests"},{"url":"https://addons.cdn.mozilla.net/user-media/previews/full/233/233999.png?modified=1584428960","width":348,"height":475,"thumbnailURL":"https://addons.cdn.mozilla.net/user-media/previews/thumbs/233/233999.png?modified=1584428960","thumbnailWidth":348,"thumbnailHeight":475,"caption":"Dark mode: Successfully intercepted requests"},{"url":"https://addons.cdn.mozilla.net/user-media/previews/full/234/234000.png?modified=1584428960","width":688,"height":781,"thumbnailURL":"https://addons.cdn.mozilla.net/user-media/previews/thumbs/234/234000.png?modified=1584428960","thumbnailWidth":423,"thumbnailHeight":480,"caption":"For uBlock/uMatrix users: Generate a rule set for uBlock/uMatrix"},{"url":"https://addons.cdn.mozilla.net/user-media/previews/full/234/234001.png?modified=1584428960","width":680,"height":828,"thumbnailURL":"https://addons.cdn.mozilla.net/user-media/previews/thumbs/234/234001.png?modified=1584428960","thumbnailWidth":394,"thumbnailHeight":480,"caption":"For uBlock/uMatrix users: Generate a rule set for uBlock/uMatrix"},{"url":"https://addons.cdn.mozilla.net/user-media/previews/full/234/234002.png?modified=1584428960","width":982,"height":898,"thumbnailURL":"https://addons.cdn.mozilla.net/user-media/previews/thumbs/234/234002.png?modified=1584428960","thumbnailWidth":525,"thumbnailHeight":480,"caption":"For uBlock/uMatrix users: Notifications if rule changes are necessary."},{"url":"https://addons.cdn.mozilla.net/user-media/previews/full/234/234003.png?modified=1584428960","width":982,"height":893,"thumbnailURL":"https://addons.cdn.mozilla.net/user-media/previews/thumbs/234/234003.png?modified=1584428960","thumbnailWidth":528,"thumbnailHeight":480,"caption":"For uBlock/uMatrix users: Notifications if rule changes are necessary."}],"contributionURL":"","averageRating":4.5333,"reviewCount":11,"reviewURL":"https://addons.mozilla.org/en-US/firefox/addon/localcdn-fork-of-decentraleyes/reviews/","updateDate":1589130017000},{"id":"poop@cm.org","icons":{"32":"https://addons.cdn.mozilla.net/user-media/addon_icons/1012/1012731-32.png?modified=e97aa3af","64":"https://addons.cdn.mozilla.net/user-media/addon_icons/1012/1012731-64.png?modified=e97aa3af","128":"https://addons.cdn.mozilla.net/user-media/addon_icons/1012/1012731-128.png?modified=e97aa3af"},"name":"Privacy-Oriented Origin Policy","version":"1.4.2","sourceURI":"https://addons.mozilla.org/firefox/downloads/file/1396562/privacy_oriented_origin_policy-1.4.2-an+fx.xpi?src=","homepageURL":"https://claustromaniac.github.io/poop/","supportURL":"https://github.com/claustromaniac/poop/issues","description":"Prevent Firefox from sending Origin headers when they are least likely to be necessary, to protect your privacy.","fullDescription":"Please, see the home page for more information. Don't worry, there are no trackers, ads, miners, or analytics in there. It's just a static page.","weeklyDownloads":117,"type":"extension","creator":{"name":"claustromaniac","url":"https://addons.mozilla.org/en-US/firefox/user/13341776/"},"developers":[],"screenshots":[],"contributionURL":"","averageRating":4.8333,"reviewCount":6,"reviewURL":"https://addons.mozilla.org/en-US/firefox/addon/privacy-oriented-origin-policy/reviews/","updateDate":1548358808000},{"id":"{c607c8df-14a7-4f28-894f-29e8722976af}","icons":{"32":"https://addons.cdn.mozilla.net/user-media/addon_icons/888/888648-32.png?modified=mcrushed","64":"https://addons.cdn.mozilla.net/user-media/addon_icons/888/888648-64.png?modified=mcrushed","128":"https://addons.cdn.mozilla.net/user-media/addon_icons/888/888648-128.png?modified=mcrushed"},"name":"Temporary Containers","version":"1.8","sourceURI":"https://addons.mozilla.org/firefox/downloads/file/3511233/temporary_containers-1.8-fx.xpi?src=","homepageURL":"https://github.com/stoically/temporary-containers","supportURL":"https://github.com/stoically/temporary-containers/issues","description":"Open tabs, websites, and links in automatically managed disposable containers. Containers isolate data websites store (cookies, storage, and more) from each other, enhancing your privacy and security while you browse.","fullDescription":"Easily open disposable containers that isolate attached data and are deleted after usage: Fully automatic, based on navigation-target, for certain websites, with configured mouse clicks on links or just by using the toolbar icon.\n\n    Privacy Policy and Permissions\n    How does it enhance my privacy?\n    Matrix room: #tmp:mozilla.org\n\n\nUsage\n\n    How to open Temporary Containers?\n    Want to make the most out of Temporary Containers? Enable Automatic Mode!\n    How to stay logged in on some websites in Automatic Mode?\n    Troubleshooting\n\n\nAdvanced Usage\n\n    More Keyboard Shortcuts\n    Automatically Delete History\n    Cookies\n    Scripts\n\n\nMiscellaneous\n\n    Free Software / Open Source\n    Comparison with other privacy configurations and Add-ons\n    Compatibility with other Add-ons\n    Complementing Add-ons\n    Recommended privacy enhancing Add-ons","weeklyDownloads":1639,"type":"extension","creator":{"name":"stoically","url":"https://addons.mozilla.org/en-US/firefox/user/13470938/"},"developers":[],"screenshots":[{"url":"https://addons.cdn.mozilla.net/user-media/previews/full/222/222022.png?modified=1562747796","width":282,"height":122,"thumbnailURL":"https://addons.cdn.mozilla.net/user-media/previews/thumbs/222/222022.png?modified=1562747796","thumbnailWidth":282,"thumbnailHeight":122},{"url":"https://addons.cdn.mozilla.net/user-media/previews/full/222/222021.png?modified=1562747797","width":792,"height":785,"thumbnailURL":"https://addons.cdn.mozilla.net/user-media/previews/thumbs/222/222021.png?modified=1562747797","thumbnailWidth":484,"thumbnailHeight":480},{"url":"https://addons.cdn.mozilla.net/user-media/previews/full/222/222020.png?modified=1562747797","width":729,"height":574,"thumbnailURL":"https://addons.cdn.mozilla.net/user-media/previews/thumbs/222/222020.png?modified=1562747797","thumbnailWidth":610,"thumbnailHeight":480},{"url":"https://addons.cdn.mozilla.net/user-media/previews/full/222/222019.png?modified=1562747797","width":746,"height":617,"thumbnailURL":"https://addons.cdn.mozilla.net/user-media/previews/thumbs/222/222019.png?modified=1562747797","thumbnailWidth":580,"thumbnailHeight":480},{"url":"https://addons.cdn.mozilla.net/user-media/previews/full/200/200204.png?modified=1562747792","width":496,"height":475,"thumbnailURL":"https://addons.cdn.mozilla.net/user-media/previews/thumbs/200/200204.png?modified=1562747792","thumbnailWidth":496,"thumbnailHeight":475},{"url":"https://addons.cdn.mozilla.net/user-media/previews/full/222/222018.png?modified=1562747797","width":976,"height":485,"thumbnailURL":"https://addons.cdn.mozilla.net/user-media/previews/thumbs/222/222018.png?modified=1562747797","thumbnailWidth":640,"thumbnailHeight":318}],"contributionURL":"","averageRating":4.7289,"reviewCount":73,"reviewURL":"https://addons.mozilla.org/en-US/firefox/addon/temporary-containers/reviews/","updateDate":1582277714000},{"id":"uBlock0@raymondhill.net","icons":{"32":"https://addons.cdn.mozilla.net/user-media/addon_icons/607/607454-32.png?modified=mcrushed","64":"https://addons.cdn.mozilla.net/user-media/addon_icons/607/607454-64.png?modified=mcrushed","128":"https://addons.cdn.mozilla.net/user-media/addon_icons/607/607454-128.png?modified=mcrushed"},"name":"uBlock Origin","version":"1.27.0","sourceURI":"https://addons.mozilla.org/firefox/downloads/file/3568893/ublock_origin-1.27.0-an+fx.xpi?src=","homepageURL":"https://github.com/gorhill/uBlock#ublock-origin","supportURL":"https://old.reddit.com/r/uBlockOrigin/","description":"Finally, an efficient wide-spectrum content blocker. Easy on CPU and memory.","fullDescription":"uBlock Origin is not an \"ad blocker\", it's a wide-spectrum content blocker with CPU and memory efficiency as a primary feature.\n\n***\n\nOut of the box, these lists of filters are loaded and enforced:\n\n- EasyList (ads)\n- Peter Lowe’s Ad server list (ads and tracking)\n- EasyPrivacy (tracking)\n- Malware domains\n\nMore lists are available for you to select if you wish:\n\n- Fanboy’s Enhanced Tracking List\n- Dan Pollock’s hosts file\n- MVPS HOSTS\n- Spam404\n- And many others\n\nAdditionally, you can point-and-click to block JavaScript locally or globally, create your own global or local rules to override entries from filter lists, and many more advanced features.\n\n***\n\nFree.\nOpen source with public license (GPLv3)\nFor users by users.\n\nIf ever you really do want to contribute something, think about the people working hard to maintain the filter lists you are using, which were made available to use by all for free.\n\n***\n\n    Documentation\n    Release notes\n    Community support @ Reddit\n    Contributors @ GitHub\n    Contributors @ Crowdin","weeklyDownloads":212270,"type":"extension","creator":{"name":"Raymond Hill","url":"https://addons.mozilla.org/en-US/firefox/user/11423598/"},"developers":[],"screenshots":[{"url":"https://addons.cdn.mozilla.net/user-media/previews/full/230/230365.png?modified=1578152397","width":800,"height":600,"thumbnailURL":"https://addons.cdn.mozilla.net/user-media/previews/thumbs/230/230365.png?modified=1578152397","thumbnailWidth":640,"thumbnailHeight":480,"caption":"Default mode"},{"url":"https://addons.cdn.mozilla.net/user-media/previews/full/230/230368.png?modified=1578152397","width":800,"height":600,"thumbnailURL":"https://addons.cdn.mozilla.net/user-media/previews/thumbs/230/230368.png?modified=1578152397","thumbnailWidth":640,"thumbnailHeight":480,"caption":"The dashboard: stock filter lists"},{"url":"https://addons.cdn.mozilla.net/user-media/previews/full/230/230367.png?modified=1578152397","width":800,"height":600,"thumbnailURL":"https://addons.cdn.mozilla.net/user-media/previews/thumbs/230/230367.png?modified=1578152397","thumbnailWidth":640,"thumbnailHeight":480,"caption":"Dynamic filtering allows default-deny modes"},{"url":"https://addons.cdn.mozilla.net/user-media/previews/full/230/230369.png?modified=1578152397","width":800,"height":600,"thumbnailURL":"https://addons.cdn.mozilla.net/user-media/previews/thumbs/230/230369.png?modified=1578152397","thumbnailWidth":640,"thumbnailHeight":480,"caption":"The dashboard: settings"},{"url":"https://addons.cdn.mozilla.net/user-media/previews/full/230/230370.png?modified=1578152402","width":800,"height":600,"thumbnailURL":"https://addons.cdn.mozilla.net/user-media/previews/thumbs/230/230370.png?modified=1578152402","thumbnailWidth":640,"thumbnailHeight":480,"caption":"The unified logger tells you all that uBO is seeing and doing"}],"contributionURL":"","averageRating":4.7261,"reviewCount":4062,"reviewURL":"https://addons.mozilla.org/en-US/firefox/addon/ublock-origin/reviews/","updateDate":1589547167000},{"id":"uMatrix@raymondhill.net","icons":{"32":"https://addons.cdn.mozilla.net/user-media/addon_icons/613/613250-32.png?modified=1586876248","64":"https://addons.cdn.mozilla.net/user-media/addon_icons/613/613250-64.png?modified=1586876248","128":"https://addons.cdn.mozilla.net/user-media/addon_icons/613/613250-128.png?modified=1586876248"},"name":"uMatrix","version":"1.4.0","sourceURI":"https://addons.mozilla.org/firefox/downloads/file/3396815/umatrix-1.4.0-an+fx.xpi?src=","homepageURL":"https://github.com/gorhill/uMatrix","supportURL":"https://discourse.mozilla-community.org/t/support-umatrix/5131","description":"Point & click to forbid/allow any class of requests made by your browser. Use it to block scripts, iframes, ads, facebook, etc.","fullDescription":"uMatrix: A point-and-click matrix-based firewall, with many privacy-enhancing tools.\n\n*For advanced users.*\n\nuMatrix put you in full control of where your browser is allowed to connect, what type of data it is allowed to download, and what it is allowed to execute. Nobody else decides for you: You choose. You are in full control of your privacy.\n\nOut of the box, uMatrix works in relax block-all/allow-exceptionally mode, meaning web sites which require 3rd-party scripts are likely to be \"broken\". With two clicks, uMatrix can be set to work in allow-all/block-exceptionally mode, which generally will not break web sites. See https://github.com/gorhill/httpswitchboard/wiki/How-to-use-HTTP-Switchboard:-Two-opposing-views for more details on this topic.\n\n* See ALL the remote connections, failed or attempted, depending on whether they were blocked or allowed (you decide).\n\n* A single-click to whitelist/blacklist one or multiple classes of requests according to the destination and type of data (a blocked request will NEVER leave your browser).\n\n* Efficient blacklisting: cookies won't leave your browser, JavaScript won't execute, plugins won't play, tracking pixels won't download, etc.\n\n* You do not have to solely rely on just one particular curated blacklist (arguably with many missing entries) outside which nothing else can be blocked: You are in full control.\n\n* Ease of use: uMatrix lets you easily whitelist/blacklist net requests which originate from within a web page according to a point-and-click matrix:\n\n- domain names (left column)\n* from very specific\n* to very generic\n\n- type of requests (top row)\n* cookies\n* CSS-related resources (stylesheets and web fonts)\n* images\n* plugins\n* scripts\n* XHR (requests made by scripts)\n* frames\n* others\n\nYou can blacklist/whitelist a single cell, an entire row, a group of rows, an entire column, or the whole matrix with just one click.\n\nuMatrix's filtering engine uses precedence logic to evaluate what is blocked/allowed according to which cells are blacklisted/whitelisted. For example, this allows you to whitelist a whole page with one click, without having to repeatedly whitelist whatever new data appear on the page.\n\nAll rules are scoped. For example, you can block `facebook.com` and `facebook.net` everywhere except when visiting a page on `www.facebook.com`. This way Facebook won't be able to build a profile of your browsing habits.\n\nThe goal of this extension is to make the allowing or blocking of web sites, wholly or partly, as straightforward as possible, so as to encourage users to care about their privacy.\n\nThe extension comes with 3rd-party hosts files totaling over 62,000 distinct hostnames (lists can be selectively disabled/enabled according to your choice).\n\nUltimately, you can choose however you browse the net:\n\n* Blacklist all by default, and whitelist as needed (default mode).\n\n* Whitelist all by default, and blacklist as needed.\n\nEither way, you still benefit from the preset blacklists so that at least you get basic protection from trackers, malware sites, etc. Or you can disable all of these preset blacklists.\n\nYour choice.\n\nRandomly assembled documentation: https://github.com/gorhill/uMatrix/wiki\n\n=====\n\nThis extension is also useful to understand what the web page in your browser is doing, often without your knowledge. You have full ability to see and decide with whom a web page communicates, and to restrict these communications to specific classes of objects within the web page.\n\nThe number which appear in the extension icon correspond to the total number of distinct requests attempted (successfully or not depending on whether these were allowed or blocked) by the web page.\n\nSimply click on the appropriate entry in the matrix in order to white-, black- or graylist a component. Graylisting means the blocked or allowed status will be inherited from another cell with higher precedence in the matrix.\n\nRed square = effectively blacklisted, i.e. requests are prevented from reaching their intended destination:\n* Dark red square: the domain name and/or type of request is specifically blacklisted.\n* Faded red square: the blacklist status is inherited because the entry is graylisted.\n\nGreen square = effectively whitelisted, i.e. requests are allowed to reach their intended destination:\n* Dark green square: the domain name and/or type of request is specifically whitelisted.\n* Faded green square: the whitelist status is inherited because the entry is graylisted.\n\nThe top-left cell in the matrix, the \"all\" cell, represents the default global setting, which allows you to choose whether allowing or blocking everything is the default behavior. Some prefer to allow everything while blocking exceptionally. My personal preference is of course the reverse, blocking everything and allowing exceptionally.\n\nThis extension is also useful if you wish to speed up your browsing, by globally blocking all requests for images as an example.\n\n=====\n\nBUGS, ISSUES: https://github.com/gorhill/uMatrix/issues\n\nSOURCE CODE: https://github.com/gorhill/uMatrix (GPLv3)\n\nCHANGE LOG: https://github.com/gorhill/uMatrix/releases","weeklyDownloads":6012,"type":"extension","creator":{"name":"Raymond Hill","url":"https://addons.mozilla.org/en-US/firefox/user/11423598/"},"developers":[],"screenshots":[{"url":"https://addons.cdn.mozilla.net/user-media/previews/full/158/158458.png?modified=1543520594","width":640,"height":480,"thumbnailURL":"https://addons.cdn.mozilla.net/user-media/previews/thumbs/158/158458.png?modified=1543520594","thumbnailWidth":640,"thumbnailHeight":480,"caption":"Point and click to allow/block narrow or broad classes of network requests. Click the \"all\" cell to toggle the whole matrix between allow and block."},{"url":"https://addons.cdn.mozilla.net/user-media/previews/full/158/158460.png?modified=1543520595","width":640,"height":480,"thumbnailURL":"https://addons.cdn.mozilla.net/user-media/previews/thumbs/158/158460.png?modified=1543520595","thumbnailWidth":640,"thumbnailHeight":480,"caption":"Privacy features."},{"url":"https://addons.cdn.mozilla.net/user-media/previews/full/158/158462.png?modified=1543520596","width":640,"height":480,"thumbnailURL":"https://addons.cdn.mozilla.net/user-media/previews/thumbs/158/158462.png?modified=1543520596","thumbnailWidth":640,"thumbnailHeight":480,"caption":"Hosts files allow to automatically blacklist thousands of hostnames."},{"url":"https://addons.cdn.mozilla.net/user-media/previews/full/158/158464.png?modified=1543520597","width":640,"height":480,"thumbnailURL":"https://addons.cdn.mozilla.net/user-media/previews/thumbs/158/158464.png?modified=1543520597","thumbnailWidth":640,"thumbnailHeight":480,"caption":"Logger: see all network requests, including the ones made by the browser and other extensions (behind-the-scene requests)."}],"contributionURL":"","averageRating":4.7402,"reviewCount":353,"reviewURL":"https://addons.mozilla.org/en-US/firefox/addon/umatrix/reviews/","updateDate":1582579508000},{"id":"{1cbcb826-509e-4073-afbc-0d0fedb54d7b}","icons":{"32":"https://addons.cdn.mozilla.net/user-media/addon_icons/2592/2592418-32.png?modified=68f9435c","64":"https://addons.cdn.mozilla.net/user-media/addon_icons/2592/2592418-64.png?modified=68f9435c","128":"https://addons.cdn.mozilla.net/user-media/addon_icons/2592/2592418-128.png?modified=68f9435c"},"name":"Close unused blank tabs Plus","version":"1.0.3","sourceURI":"https://addons.mozilla.org/firefox/downloads/file/3386635/close_unused_blank_tabs_plus-1.0.3-fx.xpi?src=","homepageURL":"https://github.com/crssi/Close-unused-blank-tabs-Plus/","supportURL":"https://github.com/crssi/Close-unused-blank-tabs-Plus/","description":"Closes unused blank tabs","fullDescription":"This extension was inspired by \"Close unused blank tabs\" created by Dustin Luck.\n\nI have decided to make a new one since original web extension have problems opening multiple links at once and does not support custom new tab page webextensions and Cliqz.","weeklyDownloads":4,"type":"extension","creator":{"name":"crssi","url":"https://addons.mozilla.org/en-US/firefox/user/12320878/"},"developers":[],"screenshots":[],"contributionURL":"","averageRating":5,"reviewCount":1,"reviewURL":"https://addons.mozilla.org/en-US/firefox/addon/close-unused-blank-tabs-plus/reviews/","updateDate":1566548410000},{"id":"jid1-KKzOGWgsW3Ao4Q@jetpack","icons":{"32":"https://addons.cdn.mozilla.net/user-media/addon_icons/481/481438-32.png?modified=1580043090","64":"https://addons.cdn.mozilla.net/user-media/addon_icons/481/481438-64.png?modified=1580043090","128":"https://addons.cdn.mozilla.net/user-media/addon_icons/481/481438-128.png?modified=1580043090"},"name":"I don't care about cookies","version":"3.1.5","sourceURI":"https://addons.mozilla.org/firefox/downloads/file/3557797/i_dont_care_about_cookies-3.1.5-an+fx.xpi?src=","homepageURL":"https://www.i-dont-care-about-cookies.eu/","supportURL":"https://www.i-dont-care-about-cookies.eu/","description":"Get rid of cookie warnings from almost all websites!","fullDescription":"The EU regulations require that any website using tracking cookies must get user's permission before installing them. These warnings appear on most websites until the visitor agrees with the website's terms and conditions. Imagine how irritating that becomes when you surf anonymously or if you delete cookies automatically every time you close the browser.\n\nThis add-on will remove these cookie warnings from almost all websites! You can report any website which still warns you about cookies: make a right click and choose 'Report a cookie warning' from the menu.\n\nOther browsers are supported too. Check https://www.i-dont-care-about-cookies.eu/ for info, support and donations.\n\n\nPrivacy policy related stuff:\n\nIf the user chooses \"Report a cookie warning\" from the menu, this add-on collects the URL of the current page and redirects user to the reporting page.\n\nThis addon periodicaly (usually once a year) notifies users about what has been and needs to be done.","weeklyDownloads":8026,"type":"extension","creator":{"name":"Kiko","url":"https://addons.mozilla.org/en-US/firefox/user/10289989/"},"developers":[],"screenshots":[{"url":"https://addons.cdn.mozilla.net/user-media/previews/full/207/207405.png?modified=1543520146","width":1280,"height":800,"thumbnailURL":"https://addons.cdn.mozilla.net/user-media/previews/thumbs/207/207405.png?modified=1543520146","thumbnailWidth":640,"thumbnailHeight":400,"caption":"\"I don't care about cookies\" browser extension."},{"url":"https://addons.cdn.mozilla.net/user-media/previews/full/207/207406.png?modified=1543520148","width":823,"height":380,"thumbnailURL":"https://addons.cdn.mozilla.net/user-media/previews/thumbs/207/207406.png?modified=1543520148","thumbnailWidth":640,"thumbnailHeight":296,"caption":"Get rid of these with \"I don't care about cookies\" browser extension."}],"contributionURL":"https://www.paypal.me/kiboke/?utm_content=product-page-contribute&utm_medium=referral&utm_source=addons.mozilla.org","averageRating":4.6102,"reviewCount":284,"reviewURL":"https://addons.mozilla.org/en-US/firefox/addon/i-dont-care-about-cookies/reviews/","updateDate":1587975311000},{"id":"{25c707e5-8daf-4703-8cd5-7059121396d9}","icons":{"32":"https://addons.cdn.mozilla.net/static/img/addon-icons/default-32.png","64":"https://addons.cdn.mozilla.net/static/img/addon-icons/default-64.png","128":"https://addons.cdn.mozilla.net/static/img/addon-icons/default-128.png"},"name":"Maximize All Windows (Minimalist Version)","version":"0.1","sourceURI":"https://addons.mozilla.org/firefox/downloads/file/2179566/maximize_all_windows_minimalist_version-0.1-fx.xpi?src=","homepageURL":null,"supportURL":"https://github.com/ericchase/maximize-all-windows/tree/master-minimal","description":"A minimalist version of the \"Maximize All Windows\" addon.","fullDescription":"Maximizes all browser windows on startup only.\n\nNo other features.\nNo options.\nNo icons.","weeklyDownloads":16,"type":"extension","creator":{"name":"ericchase","url":"https://addons.mozilla.org/en-US/firefox/user/14676290/"},"developers":[],"screenshots":[],"contributionURL":"","averageRating":5,"reviewCount":3,"reviewURL":"https://addons.mozilla.org/en-US/firefox/addon/maximize-all-windows-minimal/reviews/","updateDate":1556803809000}]}