{"version":2,"commands":{},"prefs":{"privacy.containers":{"initialValue":{"privacy.userContext.enabled":true,"privacy.userContext.ui.enabled":true},"precedenceList":[{"id":"{c607c8df-14a7-4f28-894f-29e8722976af}","installDate":1589558225896,"value":"{c607c8df-14a7-4f28-894f-29e8722976af}","enabled":true},{"id":"CanvasBlocker@kkapsner.de","installDate":1589557856970,"value":"CanvasBlocker@kkapsner.de","enabled":true}]},"network.networkPredictionEnabled":{"initialValue":{"network.predictor.enabled":false,"network.prefetch-next":false,"network.http.speculative-parallel-limit":0,"network.dns.disablePrefetch":true},"precedenceList":[{"id":"uMatrix@raymondhill.net","installDate":1589558386196,"value":false,"enabled":true},{"id":"uBlock0@raymondhill.net","installDate":1589558284510,"value":false,"enabled":true},{"id":"{b86e4813-687a-43e6-ab65-0bde4ab75758}","installDate":1589557973962,"value":false,"enabled":true}]},"websites.hyperlinkAuditingEnabled":{"initialValue":{},"precedenceList":[{"id":"uBlock0@raymondhill.net","installDate":1589558284510,"value":false,"enabled":true}]},"network.webRTCIPHandlingPolicy":{"initialValue":{"media.peerconnection.ice.default_address_only":true,"media.peerconnection.ice.no_host":true,"media.peerconnection.ice.proxy_only_if_behind_proxy":true},"precedenceList":[{"id":"uBlock0@raymondhill.net","installDate":1589558284510,"value":"disable_non_proxied_udp","enabled":true}]}},"url_overrides":{},"default_search":{},"homepageNotification":{},"tabHideNotification":{},"newTabNotification":{}}